port,hits
443.0,118011
52074.0,6
5901.0,141469
22.0,153114
34043.0,1
8728.0,2397
23.0,14352
30712.0,12
5900.0,962070
30696.0,7
30835.0,12
8443.0,209609
1080.0,5213
30957.0,4
445.0,223206
39412.0,9
39343.0,2
81.0,2278
3389.0,1123
39054.0,5
8159.0,149
9070.0,51
55555.0,176
53.0,70324
30843.0,21
9072.0,31
53496.0,7
8908.0,24
27775.0,5
12542.0,9
4157.0,27
9074.0,34
9042.0,372
30791.0,8
39308.0,7
30219.0,17
64227.0,7
9067.0,28
50802.0,874
30854.0,1
30695.0,7
46400.0,10
35586.0,6
4000.0,299
49948.0,4
49958.0,4
9078.0,29
30561.0,6
2323.0,1866
30927.0,6
32195.0,5
36266.0,6
8000.0,1413
1433.0,4510
30685.0,10
9076.0,33
30637.0,19
9077.0,34
45143.0,4
10000.0,475
30111.0,20
53488.0,9
53478.0,7
37230.0,5
30576.0,8
4024.0,39
39078.0,10
37236.0,4
42828.0,13
36814.0,5
30982.0,8
36684.0,6
39616.0,7
58948.0,8
30972.0,5
45008.0,8
9122.0,34
56800.0,10
30650.0,16
30609.0,17
9380.0,41
30745.0,16
13306.0,27
45514.0,3
3493.0,17
10250.0,334
45110.0,11
60072.0,9
86.0,100
30840.0,12
9200.0,2545
3395.0,93
31480.0,37
33800.0,5
30595.0,8
34568.0,117
5985.0,540
9205.0,48
48443.0,4
32250.0,27
48224.0,1
48220.0,4
48236.0,7
8013.0,192
4444.0,971
34567.0,487
21022.0,26
42143.0,3
43456.0,5
43452.0,4
36636.0,4
53875.0,1
1352.0,4
57678.0,6
3390.0,433
42179.0,4
30834.0,9
63694.0,9
47388.0,9
47394.0,10
47402.0,10
47418.0,9
43320.0,5
6856.0,16
30742.0,8
8332.0,29
30730.0,8
30707.0,8
30704.0,8
30667.0,19
2222.0,1409
39808.0,5
33994.0,6
33980.0,6
8081.0,942
8080.0,5820
30562.0,9
5500.0,308
30759.0,9
8454.0,56
2379.0,341
10002.0,154
46112.0,10
12372.0,9
37064.0,14
11211.0,524
13338.0,2
9120.0,42
4466.0,48
36761.0,1
42812.0,5
42814.0,6
42822.0,3
6134.0,36
11434.0,237
30525.0,6
3091.0,6
6940.0,17
53622.0,6
20256.0,259
39783.0,2
47484.0,4
47498.0,8
80.0,32161
9001.0,656
39888.0,3
53156.0,7
8800.0,279
53166.0,10
53180.0,6
39126.0,5
30676.0,8
48352.0,12
30941.0,16
29443.0,10
30967.0,24
30710.0,10
30926.0,9
5443.0,181
30708.0,16
41521.0,3
43644.0,4
40138.0,4
40154.0,7
40150.0,4
110.0,457
40544.0,4
13339.0,2
42907.0,6
40536.0,4
771.0,52
54318.0,12
502.0,124
31330.0,10
20741.0,9
8010.0,368
30675.0,17
30777.0,8
389.0,133
36252.0,18
45878.0,5
51200.0,189
45880.0,6
46348.0,7
6720.0,23
2082.0,193
40102.0,8
12286.0,23
58548.0,8
1900.0,82
45788.0,9
13331.0,8
30917.0,8
6080.0,156
54372.0,16
39814.0,5
30747.0,16
7118.0,20
22000.0,63
25398.0,9
5001.0,436
2404.0,634
2202.0,35
2200.0,64
8883.0,333
40562.0,7
1883.0,490
9100.0,1490
5010.0,60
9600.0,232
9615.0,27
31654.0,3
1089.0,14
5007.0,148
5800.0,249
6653.0,21
2179.0,10
3269.0,46
9000.0,1066
30790.0,8
30517.0,6
5003.0,72
9761.0,45
8087.0,491
5353.0,83
21.0,980
20000.0,291
8083.0,508
789.0,73
5986.0,359
10001.0,828
1090.0,23
993.0,1524
30564.0,8
20.0,54
6633.0,30
22222.0,518
514.0,30
3000.0,236
22223.0,18
5061.0,106
8447.0,52
3702.0,184
8086.0,520
123.0,357
162.0,14
992.0,34
40673.0,7
32767.0,7
8180.0,150
990.0,112
60290.0,10
53898.0,6
563.0,8
2252.0,18
2376.0,461
554.0,140
39493.0,2
12345.0,88
5002.0,280
5009.0,101
7080.0,117
5005.0,188
2221.0,76
25.0,22197
44818.0,283
4786.0,247
1026.0,207
37777.0,457
4321.0,76
5006.0,192
143.0,661
3872.0,28
6000.0,565
995.0,1550
6279.0,28
4911.0,179
1091.0,24
3306.0,1318
6679.0,31
37760.0,9
2641.0,7
324.0,4
30550.0,9
8085.0,557
30627.0,9
8009.0,535
4433.0,761
8082.0,170
49042.0,14
49040.0,7
49058.0,12
49026.0,3
465.0,892
830.0,50
30955.0,6
69.0,24
448.0,16
67.0,30
271.0,4
989.0,22
5683.0,85
261.0,6
39163.0,5
55338.0,12
40533.0,2
51626.0,7
5004.0,93
1911.0,362
53482.0,18
8084.0,364
5008.0,72
102.0,152
51688.0,2
51642.0,7
51658.0,3
51674.0,8
994.0,10
22022.0,54
585.0,6
541.0,64
5000.0,195
68.0,20
5684.0,47
8088.0,1103
44207.0,4
47808.0,90
161.0,53
853.0,30
2869.0,20
636.0,101
631.0,501
49873.0,10
13332.0,4
4840.0,377
6697.0,119
30778.0,8
31155.0,4
30760.0,18
5903.0,173
6969.0,89
47068.0,3
44844.0,4
47076.0,6
52728.0,4
53173.0,3
52073.0,3
52726.0,9
52730.0,8
40496.0,10
39917.0,3
8802.0,36
13333.0,13
9022.0,118
5555.0,2482
5060.0,685
4293.0,16
37215.0,268
2078.0,340
30101.0,37
7999.0,172
2347.0,4
8106.0,52
9113.0,28
6091.0,21
36133.0,1
1377.0,5
47172.0,6
55090.0,6
8140.0,150
30848.0,8
55080.0,11
55102.0,10
30519.0,8
8652.0,12
6036.0,490
44592.0,9
20235.0,5
4009.0,27
34318.0,5
34322.0,5
34338.0,7
30905.0,10
65422.0,99
53926.0,7
53940.0,5
61428.0,5
30856.0,10
40212.0,10
40204.0,5
3254.0,1
53902.0,7
6561.0,23
7277.0,17
4567.0,321
30744.0,8
5858.0,38
37844.0,10
44578.0,8
59872.0,8
58000.0,342
30734.0,11
58334.0,7
39405.0,2
30878.0,17
30633.0,18
50001.0,284
32007.0,4
56373.0,2
54090.0,13
57210.0,2
57226.0,6
30995.0,19
39062.0,14
36858.0,3
4153.0,135
30802.0,9
1203.0,4
55079.0,1
20079.0,5
6761.0,16
6541.0,21
30865.0,20
41292.0,11
39660.0,6
30729.0,9
48482.0,2
39516.0,8
48472.0,4
8688.0,21
60000.0,495
3138.0,17
39882.0,6
39731.0,2
8174.0,33
30827.0,8
30965.0,17
37228.0,14
37238.0,7
30872.0,8
37250.0,8
4010.0,61
8700.0,22
16040.0,7
46276.0,10
50176.0,3
3200.0,9
39529.0,2
38383.0,9
8708.0,20
30666.0,10
39487.0,3
35900.0,8
2096.0,289
30774.0,8
22252.0,5
8705.0,19
8706.0,16
37418.0,9
42310.0,4
38638.0,8
57673.0,5
9627.0,22
8703.0,12
39134.0,5
30812.0,17
30694.0,17
30646.0,18
39232.0,5
39242.0,6
39246.0,5
30988.0,17
1688.0,15
30735.0,11
30643.0,8
8911.0,22
30771.0,9
39672.0,6
30849.0,16
27914.0,4
53573.0,3
4145.0,832
30652.0,10
18444.0,54
30914.0,8
6387.0,18
39777.0,2
33584.0,7
41102.0,9
60001.0,722
51002.0,54
6510.0,33
30698.0,9
33556.0,4
33572.0,5
36654.0,7
30803.0,16
57095.0,1
39779.0,3
46620.0,13
2083.0,344
34870.0,9
1024.0,540
39136.0,6
56218.0,4
56234.0,5
30560.0,7
7904.0,18
30578.0,8
999.0,77
1411.0,9
9080.0,283
35344.0,9
40348.0,11
30978.0,17
30810.0,18
30569.0,15
30738.0,19
30594.0,8
5013.0,44
58930.0,12
54402.0,7
2006.0,31
43882.0,10
36055.0,2
31258.0,92
32809.0,6
38034.0,26
58750.0,7
4016.0,44
53273.0,3
30935.0,8
36261.0,1
30719.0,11
12654.0,97
8764.0,21
5657.0,29
43104.0,2
43118.0,6
30801.0,14
39229.0,3
30678.0,16
63000.0,10
5655.0,20
30851.0,19
30825.0,17
59232.0,4
24551.0,4
55902.0,13
55894.0,5
55898.0,4
44018.0,4
56687.0,4
59640.0,6
6002.0,152
37486.0,9
58996.0,52
26527.0,4
41348.0,5
56726.0,5
33610.0,9
33594.0,5
41773.0,3
39895.0,3
3399.0,101
30918.0,8
30822.0,17
30922.0,21
30573.0,11
30548.0,8
30679.0,16
30766.0,12
35662.0,3
30526.0,7
8238.0,29
6224.0,25
30773.0,16
222.0,221
8094.0,223
9092.0,354
61273.0,3
11222.0,35
25750.0,4
30614.0,10
30557.0,8
8989.0,433
53444.0,7
53454.0,5
9032.0,38
39473.0,4
58564.0,9
8412.0,41
3483.0,2
39072.0,12
30850.0,8
39244.0,8
6379.0,1928
11033.0,18
2052.0,149
30969.0,8
1978.0,19
33354.0,4
33368.0,5
43073.0,3
18500.0,2
36163.0,1
17001.0,487
5080.0,178
30621.0,8
10004.0,45
30784.0,9
4200.0,120
783.0,4
10020.0,32
2223.0,86
40373.0,2
9608.0,76
30681.0,14
55652.0,9
55668.0,9
30891.0,20
30677.0,16
30515.0,15
4949.0,65
30534.0,8
2525.0,393
35848.0,5
442.0,10
6619.0,18
35858.0,6
42586.0,6
35582.0,12
25280.0,3
51755.0,2
30563.0,8
30005.0,294
30531.0,10
7878.0,52
2049.0,285
1022.0,51
55273.0,2
8999.0,174
18080.0,235
30538.0,16
5223.0,122
25083.0,3
52988.0,8
52990.0,19
59273.0,2
2181.0,331
8882.0,27
5280.0,45
4333.0,67
30664.0,15
30502.0,10
12489.0,11
5667.0,25
3909.0,60
2220.0,34
1311.0,151
30839.0,6
13334.0,2
7880.0,40
12000.0,97
21268.0,8
5038.0,116
46794.0,4
5349.0,39
902.0,39
55174.0,7
55188.0,6
12385.0,10
8810.0,36
39124.0,5
42158.0,1
10013.0,32
30948.0,9
8202.0,21
5269.0,249
10012.0,60
3500.0,95
48226.0,5
10022.0,142
8015.0,343
16464.0,19
30522.0,8
9073.0,34
48926.0,11
48914.0,3
30582.0,8
28672.0,4
43618.0,5
3011.0,52
36402.0,11
30753.0,8
41973.0,6
30884.0,10
30662.0,14
30746.0,16
49160.0,17
49162.0,6
56856.0,4
30815.0,16
30861.0,8
50000.0,342
8813.0,20
60803.0,1
18087.0,11
54032.0,7
30862.0,20
30947.0,18
57800.0,6
39186.0,7
30976.0,9
30882.0,8
11499.0,19
3001.0,382
2378.0,171
60242.0,6
49773.0,3
7547.0,703
1827.0,6
6955.0,16
46932.0,5
46942.0,4
46930.0,6
46954.0,4
4437.0,24
39690.0,8
39704.0,18
39718.0,8
49134.0,13
82.0,280
43800.0,8
61234.0,33
30583.0,8
25375.0,3
46980.0,5
47030.0,6
39778.0,8
12350.0,20
39782.0,4
3349.0,14
47012.0,11
36379.0,4
55602.0,6
39243.0,2
44720.0,4
7443.0,629
30902.0,9
30572.0,10
5938.0,227
42800.0,6
48610.0,5
9443.0,975
30900.0,9
2085.0,53
30808.0,15
6638.0,18
8820.0,40
8819.0,56
36680.0,6
21054.0,4
30547.0,8
36690.0,6
2121.0,166
39625.0,2
40753.0,2
18031.0,8
15352.0,2
3127.0,20
57524.0,6
44020.0,2
8744.0,8
8006.0,213
39099.0,4
51878.0,3
8817.0,20
9101.0,57
42186.0,8
42198.0,6
44494.0,6
56326.0,7
60648.0,4
13335.0,2
8826.0,34
32764.0,20
56332.0,17
8824.0,23
30842.0,18
40462.0,7
1521.0,364
39315.0,3
30764.0,18
44870.0,4
44892.0,8
87.0,48
44930.0,5
32923.0,4
58026.0,5
32972.0,8
8823.0,45
33018.0,4
6511.0,15
45716.0,14
46820.0,4
46808.0,6
48760.0,7
48774.0,13
46828.0,5
46840.0,10
26579.0,4
53773.0,4
30631.0,8
57448.0,6
57422.0,5
49572.0,4
49568.0,16
49552.0,8
59572.0,10
33522.0,4
33550.0,3
34330.0,6
60120.0,3
8827.0,28
37600.0,10
873.0,112
37656.0,9
37664.0,12
34566.0,12
8871.0,25
58678.0,9
33682.0,15
52904.0,8
60023.0,209
54374.0,10
39506.0,5
52920.0,7
33690.0,5
52930.0,11
33702.0,6
2152.0,11
52954.0,14
58518.0,3
111.0,137
46778.0,6
42668.0,10
42662.0,6
42682.0,9
51632.0,6
42690.0,4
58352.0,15
9003.0,46
2000.0,577
42384.0,2
8844.0,36
59556.0,2
59588.0,7
59592.0,6
30963.0,11
34774.0,8
24082.0,9
52898.0,9
33452.0,4
30987.0,8
30590.0,8
5083.0,24
39846.0,10
33488.0,7
39864.0,12
45722.0,3
44118.0,5
44120.0,3
45738.0,7
45734.0,6
44126.0,9
40173.0,6
13326.0,4
45758.0,5
30767.0,10
40156.0,9
57504.0,3
10247.0,20
6975.0,11
47086.0,5
47100.0,12
60973.0,3
36218.0,13
39196.0,5
39237.0,3
47512.0,18
47520.0,1
13921.0,1
39071.0,2
39500.0,9
62688.0,1
40354.0,9
56646.0,9
14335.0,4
40822.0,6
46104.0,10
46106.0,10
33850.0,4
6718.0,21
5902.0,66556
30565.0,9
4192.0,20
2001.0,137
55061.0,1
37311.0,2
41914.0,3
41916.0,5
41922.0,7
57183.0,1
8837.0,26
8090.0,765
30718.0,10
13327.0,2
56555.0,2
3392.0,111
46328.0,6
47542.0,7
35816.0,9
8592.0,20
215.0,4
37842.0,8
37852.0,6
37868.0,6
39145.0,2
10554.0,97
49416.0,6
49422.0,6
30946.0,10
40371.0,3
33952.0,4
20131.0,5
30682.0,8
36928.0,7
36408.0,5
36158.0,3
39796.0,5
46830.0,14
46838.0,10
46826.0,4
30585.0,10
27019.0,239
60077.0,7
52086.0,13
37082.0,10
41662.0,5
41676.0,14
5051.0,61
30789.0,6
30700.0,24
30645.0,13
30530.0,8
3751.0,22
46928.0,7
8729.0,132
39093.0,3
37366.0,7
44817.0,79
13328.0,2
39046.0,12
39056.0,10
30794.0,21
39064.0,8
14990.0,5
888.0,93
21317.0,8
32400.0,147
36400.0,5
9400.0,32
52366.0,8
30379.0,21
48294.0,11
39664.0,5
12833.0,2
52748.0,9
43738.0,5
43740.0,5
9599.0,60
9623.0,15
30805.0,9
40159.0,2
3128.0,1295
8888.0,1677
38333.0,6
39494.0,8
30806.0,12
57776.0,6
57786.0,8
6212.0,18
17947.0,5
36925.0,1
1234.0,176
30713.0,9
58734.0,7
47544.0,12
30858.0,19
30597.0,9
1028.0,174
30901.0,6
10348.0,29
48242.0,4
25565.0,682
37050.0,5
30993.0,8
47804.0,10
47820.0,4
2638.0,33
34176.0,12
30785.0,16
8990.0,19
35978.0,7
35944.0,6
35958.0,3
35970.0,6
50186.0,59
34440.0,5
15672.0,344
11634.0,23
30772.0,8
21309.0,26
30852.0,12
30593.0,15
30913.0,8
34276.0,9
30665.0,16
34266.0,5
34280.0,7
49970.0,6
54644.0,4
3110.0,22
40788.0,5
31337.0,275
30949.0,23
19999.0,127
35438.0,4
8026.0,42
30964.0,8
62876.0,1
1443.0,292
19350.0,2
36293.0,10
57256.0,4
18207.0,4
58576.0,6
35874.0,7
12227.0,6
58568.0,3
39467.0,2
57718.0,13
30761.0,8
30930.0,10
52344.0,13
18054.0,10
30533.0,9
30751.0,8
52588.0,13
52594.0,3
52608.0,5
36046.0,5
49614.0,5
38591.0,9
51742.0,4
40000.0,162
8430.0,29
27017.0,1550
51206.0,3
4443.0,873
5601.0,160
53282.0,118
54472.0,6
18064.0,8
17000.0,494
9097.0,41
8983.0,239
63447.0,5
32811.0,3
46999.0,6
45974.0,8
45978.0,4
45984.0,5
17022.0,2
62000.0,4
16534.0,3
4247.0,24
30931.0,9
8435.0,33
49974.0,6
49992.0,14
49990.0,10
44410.0,5
10812.0,17
34171.0,5
26176.0,9
8436.0,25
40368.0,6
40372.0,9
40386.0,7
40400.0,10
37740.0,2
1962.0,316
5081.0,122
39165.0,2
47534.0,19
30355.0,20
39033.0,2
3422.0,4
90.0,78
16023.0,14
51114.0,13
46738.0,2
52684.0,11
8440.0,34
30714.0,10
30518.0,8
1224.0,104
37168.0,7
30693.0,9
6468.0,22
8453.0,36
8451.0,20
53238.0,11
39180.0,9
39784.0,11
8449.0,32
54984.0,13
9999.0,1118
18791.0,5
44730.0,8
8050.0,244
50555.0,9
44738.0,6
40895.0,2
8004.0,125
39268.0,11
30617.0,8
30798.0,12
30769.0,8
30728.0,20
37310.0,6
45316.0,5
60800.0,9
179.0,142
44596.0,10
24291.0,4
2225.0,62
4896.0,36
30543.0,6
30929.0,6
39231.0,2
30683.0,8
36432.0,2
7777.0,596
32794.0,7
58496.0,5
34244.0,8
10904.0,18
10141.0,17
3189.0,12
10316.0,15
7023.0,25
37597.0,2
14789.0,22
51468.0,7
2022.0,178
3331.0,15
31571.0,4
30740.0,8
30890.0,20
30733.0,10
30574.0,10
49100.0,10
30775.0,9
50100.0,144
63256.0,97
6316.0,24
33716.0,8
9091.0,261
57878.0,6
6206.0,18
10252.0,54
36334.0,4
36342.0,6
30838.0,6
20133.0,9
30513.0,18
39802.0,22
3178.0,11
8463.0,26
30716.0,11
30866.0,8
10443.0,515
51747.0,7
58064.0,12
58070.0,7
42399.0,1
39194.0,5
5984.0,645
41980.0,12
8743.0,46
12799.0,4
13215.0,12
30544.0,15
47392.0,15
30942.0,8
47386.0,1
30796.0,12
31530.0,5
39018.0,9
7785.0,18
39318.0,15
5015.0,28
30575.0,8
6467.0,61
30754.0,8
25433.0,5
36632.0,8
39401.0,2
61841.0,1
21242.0,75
30690.0,9
16992.0,99
30788.0,18
30748.0,18
13329.0,2
30797.0,10
3052.0,28
55184.0,9
25700.0,2
41584.0,58
46496.0,10
2503.0,2
30703.0,8
32778.0,9
32782.0,15
30845.0,18
39283.0,3
30556.0,8
5905.0,96
11112.0,182
7352.0,25
54708.0,5
6989.0,19
48084.0,7
48086.0,6
22055.0,5
48102.0,7
40422.0,7
40434.0,11
47015.0,5
40602.0,8
25466.0,4
23771.0,6
30855.0,7
30756.0,16
30600.0,23
12129.0,8
8024.0,32
30661.0,17
30998.0,20
30907.0,9
47240.0,5
30501.0,14
6011.0,81
4014.0,20
30620.0,23
30871.0,8
30813.0,17
11495.0,58
36352.0,4
36346.0,7
42018.0,8
45507.0,5
30928.0,10
30521.0,9
30687.0,11
8834.0,89
30608.0,15
39200.0,9
13330.0,2
30605.0,9
1675.0,8
44502.0,4
55608.0,8
38646.0,14
55606.0,11
39502.0,6
8288.0,27
49590.0,8
35894.0,4
30781.0,10
3387.0,93
45128.0,12
39916.0,3
45140.0,8
39932.0,5
42050.0,5
42064.0,9
39661.0,5
30934.0,6
53382.0,2
39159.0,6
5922.0,41
8951.0,12
1801.0,121
39465.0,2
39818.0,9
26248.0,51
30986.0,9
30786.0,12
18103.0,4
30721.0,12
30921.0,10
9090.0,802
52910.0,10
5606.0,33
30724.0,12
37578.0,3
30618.0,21
37588.0,4
31481.0,32
13321.0,2
39277.0,2
8502.0,50
9046.0,49
5672.0,387
30994.0,9
18047.0,10
45665.0,4
43870.0,4
3333.0,581
48884.0,7
51280.0,5
48835.0,5
10752.0,66
50210.0,5
30672.0,6
30083.0,51
43389.0,10
8480.0,56
8510.0,22
61616.0,691
33638.0,8
2879.0,6
11443.0,152
3125.0,25
9002.0,354
37384.0,5
18100.0,19
43284.0,7
43298.0,5
43272.0,3
9023.0,53
55491.0,4
10011.0,45
57596.0,6
8520.0,28
88.0,248
5678.0,410
6443.0,469
59642.0,4
13322.0,5
2025.0,7
30831.0,7
30826.0,12
58443.0,6
8515.0,12
54414.0,6
8513.0,19
30743.0,9
10080.0,191
42826.0,6
7574.0,133
2522.0,38
52936.0,4
2030.0,14
38572.0,7
8540.0,23
8524.0,26
37900.0,5
30818.0,8
104.0,196
808.0,100
51413.0,10
8521.0,24
57590.0,4
6363.0,89
5090.0,44
30606.0,8
55202.0,11
40774.0,10
587.0,629
5432.0,1805
40782.0,8
30651.0,6
31602.0,6
39894.0,11
333.0,8
30833.0,9
3323.0,4
83.0,307
34016.0,6
40586.0,6
46216.0,8
16411.0,6
2377.0,168
18255.0,8
35722.0,5
34018.0,5
35718.0,8
35732.0,5
35748.0,10
35734.0,13
35740.0,17
8408.0,28
50908.0,8
39713.0,4
13323.0,8
1081.0,61
9040.0,45
30954.0,6
15900.0,8
8100.0,217
50524.0,10
12143.0,4
56098.0,6
55224.0,5
9510.0,29
39312.0,6
32790.0,22
7879.0,39
10088.0,41
30510.0,6
43598.0,4
30973.0,10
30619.0,9
42543.0,4
39929.0,4
45452.0,16
45468.0,4
2255.0,32
12189.0,9
10023.0,31
10021.0,52
10081.0,35
7082.0,44
40870.0,8
55165.0,5
6100.0,31
30540.0,8
39643.0,3
41910.0,4
32800.0,32
39972.0,13
30814.0,10
57700.0,11
39025.0,3
20257.0,134
10260.0,102
3595.0,25
13252.0,10
34900.0,4
4022.0,83
27100.0,2
55322.0,5
55318.0,4
49161.0,15
11742.0,59
30793.0,9
5232.0,27
16068.0,16
53438.0,9
6537.0,20
9908.0,40
30581.0,16
30996.0,8
5988.0,89
30503.0,12
39116.0,8
30612.0,4
37052.0,2
39306.0,8
54968.0,7
39941.0,3
8091.0,227
3002.0,68
25003.0,10
41994.0,7
42004.0,5
25500.0,5
34743.0,4
43325.0,1
5600.0,43
42990.0,9
43000.0,6
38435.0,10
40572.0,8
3207.0,4
42978.0,6
42988.0,5
30706.0,12
59246.0,7
59242.0,6
12217.0,20
39998.0,10
39279.0,2
30697.0,12
12117.0,13
9011.0,67
30640.0,9
5908.0,58
59624.0,11
25005.0,9
59450.0,8
30635.0,12
14038.0,10
30610.0,9
59963.0,5
50396.0,5
50398.0,7
19002.0,5
30514.0,12
9603.0,21
30504.0,9
5089.0,39
30527.0,8
38004.0,5
39946.0,9
38006.0,7
30860.0,10
50960.0,6
24932.0,5
7024.0,21
46958.0,6
57987.0,5
50551.0,4
30923.0,8
30570.0,11
30669.0,8
42512.0,3
58370.0,6
45760.0,9
45774.0,12
30992.0,8
30951.0,8
30897.0,9
14238.0,2
9005.0,62
41085.0,3
16000.0,66
44848.0,10
44862.0,7
39407.0,2
39019.0,2
39608.0,4
16017.0,5
30920.0,8
30919.0,8
30692.0,8
30983.0,8
16400.0,6
12288.0,9
30758.0,8
39490.0,8
13540.0,1
59300.0,3
59316.0,7
25064.0,12
47190.0,5
47192.0,6
9009.0,70
30750.0,8
30739.0,13
35918.0,3
44675.0,4
8571.0,8
49628.0,5
30908.0,6
59750.0,9
11606.0,21
40170.0,8
39900.0,7
30720.0,23
30642.0,8
30864.0,8
52578.0,8
50083.0,10
7915.0,37
6298.0,17
40792.0,7
39160.0,7
39150.0,8
39176.0,10
39174.0,8
41800.0,32
39696.0,5
40003.0,18
43895.0,3
32773.0,9
30630.0,10
7001.0,476
59908.0,7
5907.0,63
8576.0,12
8577.0,27
20086.0,28
49232.0,11
8574.0,10
9058.0,46
58730.0,10
57032.0,9
30932.0,8
57050.0,7
30953.0,10
57042.0,7
30823.0,8
30655.0,9
23055.0,2
46082.0,6
2922.0,7
3460.0,43
6565.0,35
39968.0,8
8001.0,630
41191.0,6
8579.0,10
48266.0,6
60224.0,9
62237.0,12
48276.0,8
39847.0,3
12442.0,20
444.0,171
40432.0,22
13167.0,4
30844.0,10
48656.0,20
39110.0,4
8586.0,35
8583.0,14
51005.0,265
9905.0,23
4848.0,88
49082.0,8
49072.0,9
7919.0,19
39761.0,2
6833.0,18
30539.0,8
30783.0,10
5675.0,22
33890.0,46
46915.0,3
47208.0,12
47594.0,5
30641.0,15
30616.0,8
30639.0,10
46482.0,4
46480.0,9
19001.0,16
3911.0,21
30977.0,7
46596.0,6
46600.0,7
39027.0,2
60954.0,8
30632.0,4
13324.0,6
15139.0,4
30509.0,9
52286.0,4
52296.0,8
15752.0,2
54058.0,4
30943.0,9
30841.0,8
30670.0,10
36020.0,5
1717.0,105
36016.0,16
30832.0,9
30558.0,6
45240.0,9
34588.0,19
12367.0,6
30875.0,8
35336.0,2
35342.0,4
58160.0,2
6710.0,14
40698.0,3
12119.0,8
8594.0,18
53360.0,7
5989.0,40
5727.0,23
30727.0,8
4839.0,198
9658.0,32
30680.0,13
44304.0,26
58348.0,6
58338.0,8
50239.0,2
39108.0,3
39261.0,3
29020.0,5
57122.0,9
30795.0,8
57154.0,10
57130.0,5
57120.0,14
57144.0,9
50414.0,6
50430.0,6
50436.0,10
60518.0,6
27547.0,9
11584.0,17
58500.0,6
3010.0,22
58508.0,8
27387.0,2
30974.0,10
44708.0,12
6527.0,18
8124.0,35
11401.0,28
31300.0,2
31000.0,19
4242.0,66
30586.0,8
8282.0,199
3443.0,257
42328.0,7
42342.0,14
21278.0,17
37502.0,13
56438.0,6
30966.0,8
30592.0,7
1389.0,50
39060.0,3
13325.0,2
45118.0,13
12203.0,7
30688.0,9
37710.0,5
30686.0,9
47698.0,5
47684.0,6
39747.0,2
57586.0,9
39767.0,2
3396.0,83
64666.0,3
9106.0,35
30874.0,9
62452.0,2
30828.0,8
37884.0,5
30893.0,3
57654.0,4
57640.0,4
47219.0,1
45755.0,2
4431.0,54
38773.0,1
13045.0,4
36111.0,1
36335.0,1
10643.0,28
13723.0,1
51087.0,1
9300.0,308
50022.0,157
50034.0,13
39271.0,2
30663.0,8
48542.0,6
2444.0,24
13319.0,5
50864.0,8
50860.0,6
50880.0,4
50892.0,3
34490.0,7
30867.0,8
30711.0,9
9010.0,77
30984.0,8
44789.0,9
46836.0,12
42010.0,8
103.0,16
42112.0,7
45642.0,9
45654.0,10
45630.0,16
30644.0,8
30887.0,9
8458.0,33
56014.0,9
23511.0,4
38054.0,9
37882.0,6
61533.0,1
37880.0,4
32785.0,5
8020.0,469
30853.0,11
43130.0,8
6236.0,17
39859.0,2
36878.0,13
61627.0,5
30589.0,11
30879.0,8
41798.0,8
6760.0,10
41814.0,4
41816.0,9
62741.0,2
6832.0,28
43322.0,10
13320.0,2
39211.0,2
9192.0,147
40361.0,2
30804.0,8
9033.0,57
50990.0,8
30647.0,6
58190.0,9
37241.0,2
49024.0,9
39065.0,4
40332.0,8
8291.0,426
32389.0,7
7210.0,73
44650.0,9
30731.0,6
59677.0,4
30830.0,8
30559.0,8
5467.0,24
46874.0,19
8230.0,48
60944.0,8
3050.0,79
47766.0,7
47780.0,4
35148.0,10
39167.0,3
39029.0,2
24655.0,6
43930.0,3
43960.0,3
43948.0,14
30936.0,6
43938.0,5
40394.0,12
52869.0,157
48018.0,24
30787.0,10
57332.0,6
57338.0,6
57350.0,5
44752.0,10
7070.0,166
29651.0,1
42023.0,4
30554.0,8
58318.0,8
39313.0,4
43752.0,16
8239.0,39
36570.0,11
39300.0,16
44722.0,7
8236.0,33
8237.0,29
54870.0,9
54866.0,8
54872.0,8
55421.0,1
51858.0,6
48972.0,5
55.0,4
8245.0,24
53452.0,11
22703.0,9
39442.0,3
33404.0,5
33378.0,5
33410.0,9
33392.0,11
9162.0,29
28650.0,4
56038.0,6
8251.0,39
47668.0,4
12366.0,27
62355.0,5
8249.0,25
59165.0,1
39280.0,7
45582.0,4
45588.0,11
1038.0,10
64695.0,4
32044.0,2
6005.0,93
28620.0,4
28634.0,2
44838.0,6
34908.0,7
51150.0,5
59656.0,8
43846.0,6
43850.0,6
43836.0,8
60512.0,7
30080.0,88
59133.0,1
40189.0,2
44338.0,8
44354.0,3
44372.0,4
44360.0,4
3942.0,21
55498.0,12
16130.0,5
41836.0,3
41844.0,4
41826.0,8
14511.0,13
10082.0,86
57244.0,6
57260.0,7
56302.0,6
21296.0,15
55263.0,3
48622.0,16
48636.0,8
50220.0,8
51920.0,7
39938.0,12
8284.0,31
39302.0,5
19100.0,48
59520.0,2
59536.0,8
53692.0,5
53680.0,11
53140.0,3
53152.0,16
53142.0,5
10123.0,53
1.0,72
59171.0,1
39120.0,4
39130.0,3
39144.0,7
5150.0,34
25827.0,38
37944.0,6
39075.0,2
13316.0,4
2079.0,155
8614.0,8
45488.0,6
46356.0,4
46370.0,4
61337.0,50
51001.0,42
3023.0,7
39282.0,7
39292.0,7
12549.0,10
46879.0,2
58934.0,4
55388.0,10
85.0,160
7779.0,66
15243.0,4
20001.0,114
13390.0,22
9191.0,127
53646.0,4
57634.0,14
57650.0,12
14111.0,4
33416.0,4
17664.0,15
48548.0,17
61000.0,39
58816.0,5
25131.0,3
46235.0,4
60100.0,13
33568.0,3
8554.0,215
8228.0,20
49152.0,422
5501.0,268
6719.0,20
39036.0,8
43862.0,9
43866.0,8
33418.0,8
43876.0,7
6894.0,17
12329.0,11
1583.0,53
40043.0,5
12194.0,8
40313.0,2
6285.0,16
58932.0,11
55850.0,6
58936.0,4
55828.0,7
55836.0,8
34390.0,9
36406.0,8
39209.0,2
51123.0,7
36678.0,5
48096.0,9
48112.0,13
48090.0,4
48094.0,2
6800.0,59
39202.0,9
8089.0,600
8005.0,239
19695.0,5
54798.0,5
55636.0,11
55644.0,10
55640.0,8
51826.0,4
44558.0,6
51838.0,4
44574.0,7
59758.0,11
16044.0,6
3009.0,7
58506.0,4
58520.0,5
58534.0,9
58504.0,10
58540.0,1
47046.0,5
40124.0,5
61644.0,1
60606.0,8
8118.0,253
53644.0,4
53624.0,6
1111.0,626
7788.0,316
53634.0,8
38344.0,8
8415.0,35
48734.0,11
5222.0,370
8416.0,38
50805.0,124
8418.0,45
8419.0,24
16524.0,5
4646.0,75
51922.0,93
53432.0,4
53446.0,3
8300.0,42
5101.0,55
54087.0,8
55863.0,16
34882.0,6
3368.0,19
8425.0,34
8421.0,39
5666.0,62
2351.0,13
39967.0,2
51832.0,10
61174.0,1
51846.0,8
33784.0,7
2858.0,4
19708.0,21
61295.0,15
29738.0,2
51106.0,24
31717.0,5
22183.0,2
43044.0,6
43056.0,7
35706.0,3
12440.0,9
35720.0,6
59304.0,11
59308.0,4
34690.0,12
59944.0,8
8424.0,52
24612.0,3
4080.0,134
15430.0,2
55374.0,5
55386.0,5
39040.0,6
40040.0,6
50011.0,88
13317.0,2
56531.0,6
39683.0,7
234.0,2
4001.0,145
44510.0,12
44526.0,16
44532.0,5
451.0,4
40022.0,58
39335.0,2
48506.0,9
48496.0,3
40993.0,2
64947.0,1
40671.0,6
39030.0,9
13318.0,2
62552.0,4
44026.0,8
44692.0,9
54103.0,4
8301.0,48
47768.0,7
8913.0,17
12365.0,8
3283.0,8
50510.0,4
13315.0,2
50522.0,6
8564.0,32
41434.0,9
51544.0,4
5253.0,36
5924.0,33
53028.0,11
5987.0,31
47924.0,7
8423.0,28
47944.0,7
47936.0,19
12364.0,12
45102.0,3
45084.0,7
45092.0,6
8530.0,46
53358.0,6
15347.0,4
43776.0,7
43788.0,13
42598.0,9
46208.0,6
46238.0,3
46224.0,15
13311.0,2
51592.0,8
51614.0,9
32801.0,3
51598.0,6
10024.0,104
52330.0,4
55350.0,14
2730.0,5
6102.0,37
39098.0,9
37522.0,9
37506.0,9
55470.0,11
42570.0,7
5904.0,75
8040.0,225
2455.0,195
12362.0,21
11022.0,44
13312.0,3
44928.0,7
50298.0,4
50668.0,3
50672.0,6
6646.0,55
12361.0,5
3307.0,88
21033.0,2
6741.0,20
2095.0,196
40272.0,4
39812.0,7
6651.0,17
49560.0,4
11770.0,19
8880.0,493
12363.0,4
39141.0,2
35174.0,6
39837.0,4
34538.0,6
39911.0,2
39069.0,3
62770.0,3
39637.0,2
63901.0,1
25412.0,3
8563.0,27
12162.0,12
2304.0,20
44072.0,6
21292.0,23
57645.0,1
34972.0,5
5040.0,28
59848.0,7
39866.0,9
4343.0,144
39295.0,3
39109.0,2
39461.0,2
37000.0,10
43372.0,7
48263.0,5
39267.0,7
3038.0,2
40428.0,8
12225.0,9
2375.0,1080
45628.0,8
54404.0,9
5971.0,29
24083.0,4
30281.0,23
60443.0,86
38206.0,8
6101.0,28
38144.0,9
52735.0,4
59324.0,7
39406.0,3
20212.0,17
44100.0,17
49703.0,3
55918.0,53
194.0,12
39404.0,10
39408.0,7
37232.0,6
3456.0,15
49054.0,5
39294.0,7
51080.0,137
41568.0,10
44340.0,22
58988.0,4
5016.0,38
10225.0,42
46586.0,5
46592.0,5
12360.0,15
64490.0,2
11055.0,18
49666.0,80
39455.0,5
50334.0,6
39663.0,3
1588.0,14
11896.0,19
63035.0,50
40058.0,9
37816.0,4
56176.0,4
51962.0,11
51974.0,9
39274.0,5
31955.0,2
5964.0,41
56074.0,9
63774.0,2
49782.0,5
63790.0,4
42552.0,5
42576.0,9
52822.0,8
65533.0,24
9393.0,33
36742.0,5
35568.0,5
36750.0,2
138.0,28
3340.0,13
47412.0,11
64610.0,2
40046.0,11
46855.0,2
52634.0,5
40054.0,10
12359.0,15
58923.0,6
43081.0,1
40080.0,6
40072.0,8
40076.0,5
52400.0,14
6239.0,18
49875.0,4
39712.0,9
37403.0,4
55127.0,4
36582.0,9
20182.0,4
52402.0,3
52408.0,4
4101.0,25
29840.0,18
63257.0,1
8414.0,76
38487.0,7
12457.0,14
5258.0,34
43434.0,10
43420.0,4
43436.0,2
42422.0,12
7337.0,35
38600.0,8
22206.0,17
45382.0,2
14043.0,2
8560.0,27
11240.0,28
34314.0,8
34328.0,2
4039.0,71
43112.0,3
53038.0,5
12417.0,11
15155.0,1
54962.0,5
37443.0,55
6767.0,26
41971.0,6
24642.0,6
55952.0,9
9110.0,55
38851.0,12
33755.0,57
33532.0,4
39567.0,3
50376.0,3
24443.0,12
4085.0,20
28015.0,122
37512.0,2
37528.0,7
39038.0,9
6403.0,25
46079.0,10
17780.0,12
3929.0,62
27005.0,3
51494.0,5
51482.0,15
5948.0,62
8821.0,19
20013.0,2
39523.0,2
3145.0,11
34820.0,6
4033.0,51
8600.0,28
40088.0,8
39238.0,6
3129.0,433
47398.0,9
64204.0,1
64192.0,1
64898.0,2
64904.0,2
64912.0,2
37655.0,7
50916.0,7
39257.0,4
53618.0,6
53620.0,9
16932.0,2
53630.0,4
39851.0,2
2087.0,357
17479.0,2
2177.0,11
3386.0,95
39198.0,3
18154.0,2
28626.0,2
29098.0,2
29090.0,2
49292.0,4
56344.0,6
49272.0,6
49276.0,10
43446.0,6
28632.0,2
45784.0,7
45768.0,6
39005.0,2
28646.0,2
5391.0,32
524.0,2
1112.0,44
36544.0,5
36550.0,3
1194.0,324
34460.0,6
16009.0,2
36560.0,7
9304.0,44
56666.0,12
8598.0,13
47214.0,8
8030.0,182
6522.0,39
48002.0,17
48016.0,3
48024.0,5
47998.0,7
46450.0,13
46452.0,9
46464.0,3
5311.0,12
39239.0,2
46458.0,4
46470.0,6
15459.0,4
48442.0,5
48444.0,2
48446.0,3
9591.0,34
6712.0,20
7047.0,109
25903.0,5
39289.0,4
6300.0,25
39383.0,4
39190.0,4
12423.0,14
4434.0,85
48062.0,11
48066.0,9
12377.0,18
59547.0,4
33389.0,130
139.0,143
52642.0,7
41068.0,3
41072.0,8
52828.0,8
12478.0,21
2443.0,173
51618.0,4
37952.0,8
5777.0,22
24138.0,61
36594.0,10
34182.0,12
39226.0,7
7989.0,30
34168.0,8
34194.0,8
26.0,56
39073.0,2
20547.0,216
39089.0,2
1600.0,3
44828.0,4
57874.0,2
57884.0,6
57886.0,7
7127.0,18
7495.0,16
593.0,19
40790.0,8
39169.0,2
39680.0,8
50992.0,7
37208.0,6
37212.0,7
22375.0,162
40039.0,6
39337.0,3
34894.0,8
34884.0,10
35690.0,4
35686.0,5
46547.0,4
6667.0,160
40356.0,13
7771.0,36
49434.0,5
49428.0,6
28055.0,2
37177.0,2
8429.0,32
8562.0,19
2023.0,32
35574.0,4
43728.0,5
39872.0,8
50526.0,13
40370.0,11
49158.0,39
50052.0,55
59192.0,6
59206.0,4
54614.0,6
59414.0,9
8092.0,205
34420.0,4
40624.0,7
43838.0,2
42901.0,8
59844.0,7
44044.0,9
34138.0,6
2366.0,6
53047.0,6
51404.0,5
51414.0,10
49878.0,5
21091.0,2
55710.0,3
35374.0,4
17123.0,2
35990.0,6
43294.0,6
26059.0,4
39634.0,7
8561.0,27
34376.0,11
41856.0,8
36251.0,5
39094.0,9
31974.0,7
3078.0,16
58088.0,8
58090.0,5
58144.0,6
53532.0,6
3382.0,67
1000.0,94
60007.0,13
10017.0,38
14184.0,7
52013.0,1
56576.0,6
41610.0,5
41620.0,7
33340.0,5
39203.0,2
13309.0,2
6666.0,189
48930.0,12
50997.0,68
48916.0,8
22900.0,4
52208.0,4
40604.0,6
40612.0,4
39973.0,2
40622.0,13
40610.0,10
59626.0,5
52212.0,8
540.0,6
40987.0,8
4020.0,51
41382.0,7
3700.0,21
60952.0,7
1723.0,629
8128.0,35
36760.0,7
36770.0,6
47443.0,4
4562.0,68
59810.0,5
46732.0,1
3388.0,364
63138.0,1
21483.0,5
1025.0,626
59808.0,16
32819.0,9
59802.0,4
54466.0,9
45006.0,7
45022.0,9
48904.0,11
8442.0,32
45290.0,3
45296.0,5
3197.0,2
13310.0,4
45304.0,10
12488.0,4
46168.0,9
46170.0,1
46186.0,7
39372.0,6
39441.0,2
57354.0,8
57370.0,6
39204.0,3
13305.0,2
56086.0,6
56106.0,6
6924.0,16
8032.0,70
37672.0,6
54040.0,6
39503.0,2
45451.0,1
45659.0,1
38693.0,7
21290.0,37
45013.0,1
45302.0,3
39975.0,3
54242.0,6
39750.0,11
39600.0,5
9170.0,33
6215.0,20
47758.0,13
8808.0,112
8444.0,131
30000.0,140
41410.0,10
38634.0,6
39488.0,10
13301.0,2
50216.0,92
20548.0,119
32933.0,2
55864.0,16
55868.0,9
55862.0,7
37476.0,7
39032.0,7
12539.0,4
39482.0,7
26475.0,4
13943.0,4
39028.0,5
33634.0,7
47500.0,14
57184.0,6
39391.0,3
7725.0,17
50058.0,5
50060.0,9
39356.0,10
39135.0,2
40050.0,13
16333.0,2
9050.0,155
11811.0,25
39705.0,3
34034.0,8
58746.0,4
58760.0,2
56323.0,6
12082.0,15
20217.0,2
54370.0,5
17778.0,83
13302.0,4
37606.0,7
5566.0,35
44784.0,6
39254.0,4
48402.0,10
15534.0,8
8110.0,54
4502.0,41
831.0,15
1184.0,4
18081.0,47
39676.0,18
53664.0,10
53678.0,8
35266.0,5
35270.0,8
35286.0,5
35296.0,5
47708.0,10
44158.0,6
33110.0,13
33126.0,9
44318.0,8
4072.0,31
44156.0,6
46268.0,7
12289.0,8
2129.0,2
44626.0,9
39477.0,2
8788.0,18
5909.0,59
50800.0,7
50796.0,6
8853.0,33
11363.0,66
62232.0,4
62246.0,2
46764.0,6
62262.0,2
20443.0,80
46404.0,7
12375.0,175
46774.0,3
8029.0,45
55354.0,7
46786.0,14
39874.0,6
60022.0,67
58824.0,6
48986.0,4
5430.0,22
27970.0,3
27980.0,2
58810.0,9
58798.0,3
52004.0,8
5384.0,13
39233.0,3
1733.0,4
60366.0,13
12241.0,11
36484.0,3
36470.0,6
36482.0,5
21308.0,9
6408.0,15
54555.0,4
37796.0,10
34752.0,5
44630.0,15
37780.0,6
37766.0,5
37794.0,3
44618.0,5
36566.0,1
28017.0,207
39868.0,9
5431.0,194
32793.0,7
49155.0,88
10800.0,172
39602.0,10
31495.0,5
44804.0,9
46134.0,10
39063.0,3
46122.0,6
9595.0,125
39447.0,3
38443.0,15
49156.0,92
33586.0,3
33512.0,5
53572.0,4
36864.0,5
32814.0,7
12110.0,4
52802.0,6
52818.0,6
8580.0,48
5933.0,24
39215.0,6
37915.0,6
40006.0,9
2878.0,18
32791.0,6
48116.0,13
39052.0,7
5679.0,27
50002.0,90
46856.0,4
5602.0,42
46866.0,9
52931.0,27
1200.0,197
50101.0,16
36118.0,10
50707.0,4
39307.0,3
29403.0,13
32774.0,8
43312.0,3
4150.0,196
44904.0,4
39951.0,2
32798.0,12
3391.0,169
38378.0,10
43430.0,6
43438.0,1
39348.0,6
50126.0,13
7776.0,59
39890.0,7
39886.0,4
6324.0,26
63386.0,2
666.0,28
41514.0,10
40522.0,7
42000.0,8
48608.0,5
48624.0,10
17852.0,3
46674.0,2
48008.0,4
9220.0,44
44788.0,17
45570.0,3
44802.0,7
58014.0,6
135.0,386
12500.0,16
28202.0,1
24455.0,2
28226.0,1
28087.0,4
54649.0,5
4081.0,116
16824.0,1
50272.0,7
50266.0,2
48492.0,3
13472.0,1
22619.0,8
41028.0,4
50294.0,18
50282.0,3
39193.0,3
40994.0,9
41026.0,7
31960.0,1
4190.0,95
53586.0,6
2633.0,2
54126.0,4
54128.0,7
54134.0,6
52390.0,21
9774.0,22
9994.0,32
9529.0,51
54438.0,3
14702.0,1
20222.0,54
62667.0,5
5136.0,53
43498.0,6
8891.0,37
50482.0,5
50466.0,7
28971.0,5
34216.0,4
34212.0,7
9498.0,21
3109.0,26
7057.0,28
40481.0,2
42838.0,4
38366.0,10
38360.0,8
21352.0,1
5400.0,58
53760.0,5
6660.0,16
57808.0,6
40546.0,8
17433.0,2
500.0,70
51796.0,6
53916.0,9
47178.0,4
47188.0,7
39642.0,6
17427.0,4
38870.0,10
40578.0,10
40582.0,7
29268.0,1
4172.0,62
39221.0,6
60662.0,4
18060.0,9
41022.0,19
59854.0,8
20022.0,52
47800.0,8
47816.0,16
6743.0,10
48348.0,9
38382.0,8
42744.0,7
42732.0,3
51872.0,8
51880.0,6
44964.0,6
46714.0,5
48150.0,5
51752.0,8
39550.0,5
13303.0,2
39532.0,12
51722.0,8
51738.0,8
8528.0,16
39106.0,5
3794.0,27
42958.0,5
42974.0,7
21932.0,1
17777.0,86
63378.0,1
4300.0,44
28144.0,3
40768.0,3
9643.0,114
39476.0,6
53354.0,5
50630.0,13
31202.0,1
35558.0,6
51092.0,4
7014.0,60
38426.0,9
38430.0,7
28233.0,10
35222.0,6
47826.0,6
42900.0,5
39845.0,2
92.0,25
39645.0,11
14243.0,163
15002.0,5
26735.0,4
51778.0,4
51786.0,4
56154.0,1
50174.0,7
38292.0,10
17062.0,1
1990.0,33
39939.0,2
45420.0,3
44980.0,8
45404.0,4
17810.0,3
4330.0,50
6644.0,27
13304.0,2
58392.0,18
13098.0,4
8833.0,50
35783.0,5
6751.0,19
44320.0,12
58440.0,5
33078.0,6
55808.0,8
55800.0,8
55790.0,4
59126.0,4
14210.0,1
14158.0,1
25429.0,3
39074.0,6
36552.0,11
13296.0,2
53274.0,5
39128.0,6
33120.0,8
20249.0,14
58476.0,8
6535.0,20
45186.0,3
4841.0,174
2403.0,58
57052.0,7
33302.0,8
33314.0,5
39902.0,6
13297.0,2
6330.0,18
34584.0,4
53710.0,4
39722.0,5
58530.0,5
38810.0,9
32776.0,55
32792.0,11
32788.0,8
9418.0,53
56635.0,4
9088.0,56
48372.0,9
39986.0,7
3061.0,16
12140.0,10
6505.0,30
15926.0,8
39139.0,3
38695.0,9
37386.0,7
4479.0,21
37378.0,14
59540.0,8
39420.0,8
5577.0,50
39903.0,4
39350.0,9
39100.0,3
3393.0,96
39862.0,4
46590.0,11
18038.0,9
63499.0,4
13298.0,3
16379.0,150
46906.0,8
46916.0,9
32507.0,4
13163.0,6
17167.0,4
50976.0,10
39607.0,4
39548.0,6
9030.0,88
48890.0,8
44764.0,6
39138.0,5
36147.0,5
56443.0,6
39693.0,3
3905.0,58
27003.0,9
40723.0,7
39646.0,8
46100.0,10
20027.0,5
45640.0,6
23615.0,4
33922.0,4
788.0,19
37898.0,6
39599.0,2
53998.0,3
39734.0,3
39039.0,3
54014.0,8
40424.0,15
19318.0,7
3341.0,18
42496.0,5
51248.0,8
51264.0,4
60752.0,11
51272.0,7
64123.0,4
59189.0,10
38264.0,12
47744.0,13
47782.0,6
47792.0,14
47718.0,5
47734.0,5
47756.0,5
27463.0,4
49754.0,11
35774.0,3
57746.0,6
57762.0,3
7537.0,28
19721.0,45
55842.0,4
33312.0,7
47298.0,5
47130.0,8
47132.0,8
64794.0,6
49364.0,5
47318.0,5
47304.0,12
4783.0,46
7666.0,25
46000.0,19
57756.0,6
49668.0,63
1775.0,5
12196.0,17
39522.0,6
17488.0,3
39530.0,13
58234.0,6
52026.0,9
6850.0,19
1436.0,6
7687.0,74
36571.0,1
8322.0,31
51168.0,5
51170.0,2
34146.0,4
12444.0,28
5093.0,42
46604.0,14
50940.0,5
43.0,30
55040.0,6
3167.0,9
5433.0,112
44910.0,47
56766.0,8
47176.0,8
47196.0,3
47182.0,4
47162.0,6
6558.0,19
46204.0,7
44874.0,5
46220.0,3
40844.0,16
122.0,16
37499.0,4
40492.0,9
47750.0,5
17600.0,4
32775.0,5
2557.0,4
31210.0,23
7460.0,25
50194.0,5
2556.0,11
5921.0,29
38030.0,10
42484.0,9
38046.0,8
50318.0,6
56804.0,6
50343.0,6
50003.0,67
56788.0,5
60778.0,10
60786.0,9
4324.0,15
40278.0,7
48867.0,13
41449.0,10
47206.0,7
34686.0,4
50696.0,5
43106.0,4
46044.0,5
4506.0,105
12453.0,17
40619.0,6
33876.0,10
1293.0,110
33886.0,5
14082.0,17
43070.0,4
22419.0,6
35532.0,5
35842.0,8
6252.0,20
36459.0,4
35156.0,9
38704.0,7
40398.0,10
54462.0,8
58174.0,7
59346.0,3
59354.0,7
39092.0,11
39080.0,13
24059.0,8
61222.0,4
59495.0,5
5350.0,25
62927.0,4
35860.0,3
35062.0,11
35028.0,5
49836.0,11
35058.0,6
35042.0,5
39512.0,7
13082.0,12
60488.0,5
9580.0,35
7081.0,60
13299.0,2
42636.0,6
57836.0,11
10343.0,17
2061.0,9
51696.0,8
5530.0,20
1050.0,110
64829.0,5
54763.0,5
9057.0,36
34535.0,4
8172.0,34
46770.0,2
51472.0,3
8063.0,30
48466.0,4
37442.0,6
59773.0,1
59785.0,1
37432.0,10
37444.0,15
41202.0,4
36443.0,6
58904.0,5
58910.0,5
58918.0,7
41413.0,2
13300.0,2
58572.0,2
45134.0,8
50833.0,1
12201.0,11
57926.0,9
57932.0,8
58172.0,9
32930.0,1
10559.0,63
53946.0,5
43658.0,10
32932.0,6
39810.0,9
28674.0,2
39816.0,11
64984.0,6
28688.0,10
37160.0,8
45195.0,4
10700.0,25
10712.0,17
37855.0,2
10704.0,19
34602.0,3
34632.0,3
34612.0,5
14678.0,2
34628.0,5
34606.0,6
3182.0,11
8384.0,30
45172.0,4
4368.0,22
42296.0,3
53934.0,2
13291.0,4
50967.0,5
34814.0,4
59148.0,2
49664.0,60
41322.0,9
6227.0,18
46651.0,4
40005.0,45
59038.0,6
59044.0,2
3030.0,46
6681.0,23
62251.0,5
37604.0,6
11100.0,18
54191.0,5
8551.0,29
5966.0,32
37712.0,13
8022.0,339
35897.0,1
13292.0,2
46474.0,7
46476.0,6
8556.0,32
46282.0,10
55430.0,5
7093.0,27
53655.0,3
60618.0,6
8557.0,32
33133.0,2
40744.0,3
58762.0,8
58758.0,10
58898.0,8
35924.0,8
8096.0,40
2258.0,6
41328.0,8
41340.0,12
41354.0,6
41370.0,7
41376.0,8
41380.0,13
50777.0,26
60604.0,4
34500.0,15
4243.0,202
13293.0,3
47726.0,11
56750.0,3
12022.0,24
50432.0,1
50132.0,19
5017.0,28
18066.0,8
55358.0,5
51331.0,5
58426.0,2
49194.0,6
52455.0,2
38368.0,13
37872.0,17
40048.0,10
5973.0,31
38362.0,8
38710.0,13
38694.0,8
38726.0,5
38987.0,49
30123.0,18
51182.0,13
51470.0,16
33794.0,11
58422.0,4
33786.0,5
8008.0,539
20339.0,4
45299.0,5
57236.0,5
1488.0,8
2561.0,7
53296.0,10
29907.0,4
41644.0,7
63312.0,2
45150.0,11
45154.0,5
55458.0,6
55460.0,11
38708.0,14
34258.0,7
49814.0,7
44212.0,3
44226.0,5
10444.0,39
58091.0,6
8007.0,68
49818.0,12
11719.0,18
58578.0,2
58586.0,6
57788.0,14
4730.0,127
447.0,32
8184.0,32
25331.0,4
57200.0,12
1924.0,52
63150.0,2
9020.0,180
54658.0,5
44548.0,7
137.0,28
16751.0,4
46622.0,10
52158.0,7
52160.0,5
55208.0,6
46624.0,13
54050.0,8
44258.0,9
44274.0,5
54918.0,4
36741.0,2
41556.0,9
49778.0,7
49792.0,5
10494.0,22
10506.0,65
62983.0,8
10516.0,18
57162.0,9
18044.0,5
47557.0,1
57178.0,7
63811.0,4
17706.0,2
30296.0,16
46478.0,7
5930.0,33
41148.0,4
58764.0,7
21275.0,10
30749.0,4
12125.0,56
37874.0,15
30079.0,17
34310.0,13
40837.0,4
34848.0,7
38175.0,8
6831.0,19
42448.0,4
47156.0,3
47158.0,3
55448.0,5
38756.0,5
9028.0,41
38500.0,8
38508.0,8
49334.0,4
60849.0,1
15087.0,4
8426.0,27
27018.0,256
30404.0,19
14714.0,1
62823.0,5
8832.0,29
58772.0,6
33443.0,54
37155.0,4
45242.0,7
30316.0,17
14182.0,6
9015.0,48
5692.0,39
60534.0,8
60544.0,7
7000.0,450
8060.0,171
30433.0,18
34324.0,8
12232.0,7
6609.0,18
59424.0,6
30061.0,14
8681.0,19
61263.0,4
32039.0,4
30418.0,14
41592.0,12
30427.0,19
60410.0,4
37674.0,7
19559.0,4
30474.0,12
54350.0,6
60056.0,8
8464.0,19
40312.0,7
2086.0,233
40314.0,7
30236.0,18
12124.0,19
10261.0,84
33424.0,5
45910.0,7
30413.0,13
35956.0,8
3170.0,14
19871.0,4
10087.0,23
2029.0,2
33063.0,5
56214.0,11
11682.0,20
9966.0,36
40730.0,6
30308.0,13
33966.0,8
30469.0,19
54726.0,6
30210.0,21
30265.0,17
47688.0,6
30326.0,19
47676.0,12
30330.0,14
30382.0,19
46443.0,10
39262.0,9
28439.0,9
8899.0,292
47382.0,13
46287.0,7
42886.0,3
42902.0,5
54312.0,11
5967.0,22
9142.0,78
30193.0,19
12474.0,10
30377.0,15
30322.0,16
41076.0,7
41064.0,4
30393.0,18
1605.0,9
30029.0,27
30357.0,18
44382.0,4
59205.0,1
30045.0,20
52090.0,10
36914.0,3
36900.0,7
9990.0,119
30486.0,12
30161.0,15
36922.0,6
30024.0,26
6358.0,18
44002.0,10
30006.0,124
30001.0,104
43998.0,5
13294.0,2
41274.0,14
30148.0,12
53196.0,4
53188.0,12
53214.0,2
30160.0,19
53200.0,17
30195.0,18
30091.0,20
46402.0,88
46422.0,7
56882.0,4
48950.0,9
34714.0,6
45010.0,6
51010.0,7
56704.0,7
34326.0,7
41486.0,10
54844.0,10
47918.0,13
46568.0,5
44148.0,3
52260.0,3
60690.0,10
39606.0,10
48966.0,14
51892.0,4
39630.0,13
44144.0,7
44160.0,6
32795.0,11
38794.0,5
38768.0,10
38780.0,11
28080.0,121
37474.0,7
37470.0,10
35850.0,3
52076.0,12
60562.0,4
60568.0,10
52088.0,10
51524.0,18
51514.0,4
30241.0,19
51088.0,7
30016.0,28
51100.0,7
51116.0,5
57060.0,8
12293.0,7
58944.0,6
58952.0,4
58964.0,3
34968.0,10
8146.0,30
30482.0,17
34978.0,9
55502.0,5
55510.0,7
43612.0,15
43622.0,5
5099.0,40
51007.0,69
41258.0,6
41250.0,9
54480.0,3
30239.0,14
30154.0,12
44269.0,2
30135.0,16
30408.0,18
53702.0,13
54482.0,9
56798.0,6
41272.0,10
60784.0,6
30034.0,16
13295.0,4
44306.0,10
47894.0,19
54494.0,10
9012.0,71
50262.0,8
12466.0,10
50258.0,9
43590.0,8
37832.0,7
37848.0,5
50268.0,7
30038.0,14
56792.0,8
3377.0,99
35230.0,7
44322.0,12
30280.0,13
46048.0,6
46052.0,14
44046.0,8
34754.0,6
34770.0,5
44038.0,6
46056.0,15
15035.0,4
2456.0,57
6081.0,105
52770.0,3
52774.0,8
40280.0,2
1744.0,2
37610.0,2
57892.0,8
57902.0,6
37612.0,2
37602.0,12
57912.0,17
44301.0,10
40266.0,9
35072.0,8
40256.0,5
52780.0,7
40296.0,6
40258.0,5
53696.0,3
53698.0,6
30263.0,16
40554.0,9
13286.0,2
30424.0,18
47458.0,8
47468.0,6
40540.0,10
42924.0,6
30428.0,21
30200.0,16
47478.0,10
52197.0,51
55198.0,3
47482.0,7
21838.0,9
30497.0,17
40530.0,6
53546.0,9
51324.0,5
47790.0,16
47794.0,2
28296.0,4
57530.0,4
42938.0,12
18883.0,5
57528.0,18
57532.0,5
46870.0,5
55638.0,7
55646.0,9
55654.0,11
1453.0,121
47743.0,4
36542.0,11
34044.0,2
36532.0,7
30075.0,18
46710.0,13
30073.0,17
41680.0,6
40542.0,9
53712.0,5
41706.0,13
9054.0,40
30298.0,16
60850.0,4
16624.0,2
55330.0,6
55334.0,4
60834.0,3
60858.0,7
51304.0,6
55352.0,4
53554.0,5
55706.0,7
34648.0,6
51320.0,8
30182.0,17
44672.0,6
18552.0,2
46702.0,3
41682.0,13
53706.0,9
41690.0,10
8525.0,19
40528.0,11
60856.0,7
26492.0,2
59878.0,7
42774.0,8
42790.0,8
59892.0,6
59898.0,11
48006.0,5
34178.0,8
34188.0,7
34164.0,11
30191.0,15
36876.0,9
49188.0,11
51610.0,7
36890.0,7
48012.0,18
34150.0,7
27567.0,5
49200.0,32
44656.0,6
44664.0,16
30027.0,48
46396.0,3
46408.0,4
46386.0,13
37490.0,11
36446.0,7
57564.0,5
46488.0,8
30008.0,27
36440.0,5
59130.0,9
37828.0,7
59152.0,6
49060.0,14
49070.0,4
13287.0,2
59138.0,3
37814.0,7
49076.0,2
60558.0,6
33700.0,9
38218.0,6
60566.0,7
38208.0,6
38234.0,10
52974.0,11
36596.0,11
52960.0,5
53288.0,6
48020.0,24
53310.0,7
48032.0,4
30383.0,18
53332.0,3
30173.0,17
44056.0,2
44060.0,6
41506.0,13
30133.0,14
41518.0,5
56536.0,2
45362.0,8
9201.0,119
37462.0,14
45352.0,8
56548.0,3
30067.0,17
52906.0,8
52890.0,13
48664.0,6
3308.0,20
52914.0,3
30222.0,30
40163.0,2
48710.0,2
53270.0,5
48674.0,4
7108.0,19
64019.0,4
57420.0,3
32805.0,10
52844.0,5
57424.0,6
47934.0,8
57438.0,8
48698.0,4
53284.0,5
57519.0,4
53290.0,7
30317.0,13
30369.0,16
52406.0,13
12207.0,17
52416.0,8
10255.0,111
52432.0,7
56686.0,5
56702.0,6
36248.0,4
39788.0,3
36258.0,5
13288.0,2
30251.0,16
39800.0,6
42564.0,7
44311.0,3
42580.0,6
4489.0,33
54362.0,6
54348.0,7
47472.0,5
10025.0,34
54890.0,8
54352.0,10
54904.0,5
47492.0,7
45536.0,8
53100.0,6
50886.0,2
53098.0,1
50900.0,3
50904.0,5
50146.0,4
30437.0,18
47900.0,10
50148.0,5
42652.0,6
58896.0,4
43176.0,5
58922.0,11
42680.0,6
43758.0,6
47270.0,3
47286.0,6
3959.0,19
57146.0,4
30307.0,15
2080.0,178
30063.0,15
30190.0,19
42796.0,3
45522.0,6
8998.0,41
45510.0,7
42474.0,8
30220.0,24
55524.0,14
42476.0,5
512.0,22
39964.0,7
39978.0,6
42627.0,1
39980.0,6
34370.0,5
20144.0,2
8099.0,298
9577.0,23
60614.0,4
47152.0,5
47166.0,7
60630.0,2
60638.0,4
34364.0,5
35486.0,6
48524.0,9
30483.0,17
53220.0,7
30440.0,12
54066.0,6
30346.0,16
30487.0,13
30478.0,13
36602.0,4
36606.0,7
3629.0,117
53232.0,5
30046.0,20
30130.0,21
53242.0,4
30436.0,20
36622.0,5
54976.0,6
58768.0,12
50566.0,4
58778.0,8
58776.0,14
30037.0,19
36624.0,4
50576.0,5
50582.0,9
41896.0,8
41886.0,6
12101.0,14
43540.0,5
43524.0,3
41912.0,3
41918.0,9
8818.0,19
20120.0,6
58794.0,14
43520.0,1
49690.0,12
49706.0,5
49714.0,10
55512.0,2
30175.0,17
30315.0,15
39884.0,7
26007.0,5
39410.0,3
35638.0,3
48408.0,12
39396.0,4
51855.0,1
50443.0,38
39390.0,10
1879.0,5
20152.0,2
35650.0,5
48412.0,4
48428.0,8
2601.0,37
84.0,87
54054.0,4
33566.0,2
5965.0,38
33816.0,5
55440.0,8
59180.0,7
30064.0,16
30460.0,17
39720.0,8
59164.0,12
30310.0,19
53804.0,9
30439.0,18
30050.0,30
57134.0,3
22933.0,2
30082.0,29
30178.0,19
30456.0,14
40567.0,4
89.0,58
37737.0,10
47562.0,10
52951.0,30
30168.0,23
30147.0,14
55923.0,1
55526.0,4
56690.0,3
36430.0,5
22376.0,170
30416.0,18
30441.0,17
30364.0,20
30328.0,15
11030.0,19
30276.0,15
10065.0,34
427.0,71
21320.0,15
35910.0,8
35888.0,1
12462.0,15
52248.0,5
30390.0,16
44006.0,6
44010.0,10
30057.0,19
37759.0,2
55432.0,4
43984.0,5
45326.0,9
36186.0,13
264.0,34
35070.0,7
30300.0,20
30464.0,17
2161.0,15
60490.0,8
30138.0,18
800.0,36
6003.0,106
38460.0,5
38466.0,5
13527.0,4
23443.0,20
33156.0,6
37856.0,5
37122.0,12
40429.0,2
30070.0,17
59590.0,10
46392.0,12
57102.0,9
30376.0,15
40064.0,5
54523.0,4
30395.0,15
26473.0,5
4029.0,19
41960.0,5
30142.0,15
3394.0,98
27004.0,2
30358.0,15
55834.0,5
39537.0,2
52364.0,8
52527.0,7
40985.0,3
51566.0,9
51582.0,4
51576.0,6
3733.0,27
60240.0,9
30472.0,16
30303.0,36
2566.0,19
579.0,4
41347.0,6
4118.0,61
37194.0,9
35840.0,2
30145.0,15
53463.0,2
476.0,16
35170.0,5
30455.0,19
18273.0,5
51401.0,49
40145.0,2
55612.0,3
14173.0,6
39732.0,9
30208.0,12
30257.0,16
30144.0,18
33092.0,4
14151.0,4
30343.0,17
58195.0,5
8633.0,13
33192.0,9
34626.0,5
30329.0,19
30158.0,11
35080.0,12
54282.0,9
21553.0,4
61620.0,19
30237.0,18
35702.0,13
13443.0,66
5831.0,23
34198.0,6
30150.0,19
30324.0,18
30461.0,17
30245.0,17
6440.0,21
20005.0,20
36800.0,8
30282.0,19
52130.0,6
311.0,10
52132.0,3
52138.0,4
435.0,10
30266.0,13
48518.0,6
45000.0,67
30093.0,17
52918.0,10
47693.0,45
4210.0,19
30192.0,17
41572.0,12
30089.0,19
46614.0,10
37176.0,14
37192.0,13
30452.0,28
30488.0,17
35770.0,9
2350.0,9
47810.0,5
3073.0,11
60411.0,1
30371.0,13
12459.0,18
10573.0,21
60582.0,4
60590.0,2
6103.0,20
55558.0,2
5066.0,26
30092.0,17
6354.0,23
20046.0,12
50944.0,5
9574.0,27
49455.0,9
51104.0,10
30467.0,16
25175.0,9
38606.0,10
52590.0,54
18110.0,5
32091.0,6
30043.0,21
30432.0,18
30124.0,21
30090.0,29
44831.0,4
5050.0,104
9064.0,33
28344.0,2
30384.0,17
30410.0,18
30435.0,20
1003.0,18
30086.0,19
52570.0,11
9527.0,47
57588.0,8
52645.0,8
49752.0,8
49766.0,8
30095.0,15
30156.0,16
5173.0,55
30088.0,16
13289.0,2
45744.0,9
30098.0,14
13.0,18
43641.0,2
43291.0,2
34097.0,2
30149.0,14
2205.0,11
30223.0,16
44683.0,2
53524.0,52
57721.0,2
56789.0,17
8446.0,46
39981.0,2
30248.0,19
58409.0,2
53528.0,4
30318.0,19
46535.0,2
33455.0,2
8333.0,178
56653.0,2
56836.0,5
42524.0,10
57219.0,2
41645.0,4
30259.0,17
30116.0,17
52678.0,9
33098.0,2
56762.0,2
30231.0,14
35186.0,4
48713.0,2
49849.0,2
37125.0,4
17542.0,8
30217.0,18
55877.0,4
30356.0,17
57991.0,2
40300.0,11
58745.0,2
59243.0,2
51108.0,5
51120.0,6
51136.0,4
36265.0,2
33779.0,2
60839.0,2
42991.0,2
52671.0,4
14104.0,14
49755.0,2
40233.0,4
9098.0,46
9700.0,192
47653.0,2
38401.0,13
47170.0,9
4026.0,41
47184.0,8
47198.0,13
41206.0,3
30361.0,15
47729.0,2
53380.0,6
53384.0,7
37857.0,4
33050.0,8
9566.0,29
30120.0,26
37886.0,7
5928.0,30
37902.0,9
39905.0,3
40557.0,3
58933.0,2
51193.0,3
30347.0,15
50655.0,5
58375.0,2
30499.0,17
3917.0,61
27755.0,2
8181.0,480
13290.0,2
37694.0,12
20773.0,5
40125.0,4
53391.0,2
49913.0,2
9373.0,29
37706.0,6
22555.0,10
3221.0,4
12389.0,18
30105.0,19
37707.0,3
53949.0,2
41677.0,4
40553.0,4
20512.0,8
28028.0,52
15618.0,2
20526.0,2
30118.0,17
30294.0,13
30283.0,16
30423.0,16
52036.0,16
52042.0,6
3028.0,2
43952.0,8
33976.0,4
13285.0,11
47466.0,109
58536.0,6
56532.0,8
56534.0,3
12209.0,6
30313.0,18
6973.0,30
30320.0,17
30151.0,15
30484.0,17
11873.0,21
38230.0,9
33498.0,5
10016.0,28
33524.0,9
33528.0,7
30397.0,16
21402.0,2
33540.0,3
33544.0,5
33514.0,5
30252.0,23
21418.0,2
30068.0,18
31818.0,9
53394.0,11
31804.0,2
2873.0,4
32742.0,2
31826.0,2
53406.0,7
15610.0,2
41678.0,10
2431.0,9
30295.0,14
1244.0,125
3351.0,52
10473.0,26
30188.0,17
30180.0,15
40806.0,8
30264.0,15
42164.0,5
60660.0,8
9017.0,57
21373.0,5
30012.0,30
30306.0,18
50995.0,101
30392.0,14
25473.0,9
13281.0,2
15420.0,4
1708.0,50
24830.0,2
30426.0,22
30104.0,20
30209.0,18
29144.0,2
11666.0,20
11674.0,20
51604.0,2
51608.0,7
40736.0,13
54745.0,2
24348.0,4
24334.0,2
11688.0,30
10674.0,17
25284.0,5
30224.0,19
6173.0,22
12221.0,8
10668.0,15
60642.0,3
30108.0,15
52050.0,6
58732.0,5
44088.0,3
60820.0,8
27879.0,4
30386.0,16
30117.0,21
21535.0,4
54210.0,11
30325.0,16
54222.0,6
48900.0,6
11300.0,123
31556.0,3
45244.0,6
45228.0,4
45218.0,4
45258.0,8
7273.0,20
30297.0,17
30042.0,22
30143.0,17
30215.0,19
27573.0,5
4545.0,74
17773.0,9
53376.0,2
31727.0,5
60095.0,8
30400.0,19
30468.0,22
51864.0,2
51876.0,7
54826.0,10
30336.0,18
1305.0,2
39909.0,3
44594.0,7
36067.0,1
59024.0,13
8505.0,35
30362.0,14
30250.0,18
58414.0,6
46975.0,2
48948.0,13
48978.0,2
2341.0,7
12319.0,9
3337.0,12
58809.0,4
30385.0,17
11655.0,22
30389.0,20
53428.0,2
9111.0,42
30305.0,14
23182.0,16
19549.0,2
30349.0,18
14652.0,2
13282.0,2
5550.0,22
30447.0,16
1359.0,4
49890.0,10
49906.0,14
62080.0,4
31779.0,7
39896.0,9
12376.0,167
44742.0,6
44758.0,11
30002.0,54
30047.0,15
44024.0,4
44034.0,8
30163.0,18
5435.0,30
3367.0,7
49642.0,5
37603.0,6
49644.0,9
6264.0,49
33290.0,7
32222.0,24
30228.0,13
59818.0,12
32813.0,3
30372.0,16
15791.0,7
1252.0,7
15273.0,9
34450.0,7
8569.0,12
49363.0,1
35263.0,4
50044.0,6
35424.0,5
44603.0,5
30430.0,20
30174.0,15
30381.0,15
30420.0,16
60754.0,5
60768.0,4
6750.0,22
60190.0,5
49740.0,9
33260.0,4
33276.0,6
52236.0,5
60738.0,7
1522.0,15
27015.0,30
30159.0,17
43306.0,3
43310.0,10
43324.0,5
30288.0,18
17173.0,10
30230.0,16
11863.0,18
30471.0,18
54662.0,6
38080.0,64
58940.0,9
48888.0,10
55443.0,102
30206.0,18
29533.0,2
39187.0,2
30176.0,17
51942.0,9
51944.0,5
5033.0,18
54744.0,4
57072.0,5
57092.0,3
3835.0,29
30177.0,14
41286.0,4
3622.0,23
1098.0,102
41254.0,5
30275.0,16
3121.0,23
37114.0,7
30498.0,17
36726.0,15
44688.0,9
6352.0,33
30403.0,17
57142.0,6
52934.0,7
1073.0,41
25173.0,7
34421.0,3
34764.0,6
8039.0,34
32073.0,4
60574.0,4
30500.0,15
41501.0,2
44718.0,5
40912.0,10
30131.0,13
2031.0,134
41520.0,9
30302.0,19
29465.0,2
33930.0,11
30021.0,33
46284.0,20
41147.0,2
24554.0,12
51884.0,4
33600.0,8
30492.0,12
33588.0,3
30254.0,13
6984.0,34
30162.0,18
37562.0,4
25643.0,4
14033.0,2
10093.0,39
30350.0,16
59006.0,6
59008.0,2
32783.0,5
32573.0,3
30291.0,19
30431.0,17
30179.0,15
10137.0,22
30121.0,20
9099.0,47
30100.0,25
19747.0,1
49812.0,4
1337.0,607
49826.0,8
4522.0,37
3103.0,18
30122.0,35
40706.0,9
40708.0,8
45400.0,9
30353.0,17
45416.0,4
46448.0,8
58900.0,12
49932.0,21
22020.0,6
22014.0,2
27990.0,3
59079.0,5
27998.0,3
65024.0,2
22026.0,6
47715.0,7
65032.0,2
4273.0,19
19443.0,26
30214.0,14
30279.0,20
2021.0,39
38356.0,11
23173.0,4
40306.0,8
43166.0,4
59768.0,3
1982.0,18
30053.0,19
30354.0,17
1191.0,9
39000.0,11
30103.0,24
30232.0,16
30285.0,19
14443.0,65
35244.0,8
49043.0,5
58866.0,6
30077.0,63
12580.0,25
35646.0,2
30274.0,16
52268.0,2
41986.0,10
9900.0,44
15502.0,10
33038.0,10
33042.0,11
30019.0,30
30226.0,17
45732.0,5
30412.0,15
60902.0,5
30033.0,20
30402.0,17
22333.0,10
2573.0,3
46516.0,5
9345.0,31
515.0,28
30004.0,165
54992.0,4
30271.0,19
51000.0,50
30491.0,21
35334.0,13
9563.0,15
30334.0,16
2084.0,36
30323.0,22
37479.0,3
30338.0,16
5543.0,40
49008.0,10
8350.0,34
6306.0,20
5103.0,27
30458.0,17
41733.0,3
1955.0,12
4117.0,119
37932.0,6
13283.0,2
30479.0,17
53160.0,10
53194.0,4
53182.0,5
36212.0,18
46076.0,7
30268.0,16
39572.0,5
39586.0,20
30014.0,70
30146.0,20
51574.0,8
2234.0,30
49154.0,104
30365.0,16
37138.0,7
25012.0,4
30119.0,15
21271.0,16
44176.0,7
6625.0,16
45018.0,7
11741.0,59
42648.0,8
43538.0,8
57300.0,6
43546.0,5
34483.0,5
44022.0,4
42362.0,4
37457.0,55
50882.0,9
30189.0,17
62102.0,5
15073.0,4
21379.0,39
45012.0,6
11602.0,25
30422.0,19
30194.0,14
58658.0,15
58668.0,8
57022.0,6
1950.0,100
3838.0,27
25568.0,9
9884.0,33
61952.0,2
13284.0,2
63274.0,2
59570.0,6
48618.0,5
48604.0,8
48594.0,12
15814.0,2
53294.0,9
58022.0,15
55686.0,11
55696.0,5
30032.0,107
35782.0,7
7088.0,29
6503.0,34
12399.0,10
44530.0,5
30099.0,17
55290.0,9
30218.0,18
11536.0,19
43064.0,5
10321.0,28
59372.0,4
13280.0,4
41139.0,8
32273.0,5
37075.0,2
35796.0,4
35804.0,5
3689.0,32
8912.0,27
42409.0,3
30309.0,15
30380.0,15
32784.0,7
36190.0,7
40842.0,5
30197.0,20
51282.0,8
2763.0,4
3322.0,34
53816.0,4
13276.0,2
58247.0,4
30060.0,26
59194.0,6
42123.0,8
51578.0,7
41594.0,6
40304.0,9
57266.0,6
16066.0,13
45590.0,8
47604.0,9
10533.0,26
45604.0,12
4188.0,24
30011.0,26
53304.0,8
30289.0,19
45866.0,5
45882.0,9
32955.0,2
44200.0,5
37876.0,4
42724.0,8
41503.0,4
44900.0,6
30109.0,14
39833.0,2
50552.0,3
5916.0,63
37200.0,51
30212.0,18
30039.0,19
6740.0,27
30277.0,18
30196.0,20
44426.0,2
53286.0,16
30299.0,73
18574.0,48
25438.0,2
41269.0,2
30304.0,18
30260.0,16
40232.0,5
35146.0,5
16033.0,16
13277.0,2
52392.0,9
1446.0,37
2971.0,5
30157.0,18
51500.0,14
30066.0,14
30409.0,17
22280.0,12
36262.0,5
57224.0,4
35204.0,5
43375.0,5
61045.0,4
41243.0,6
45782.0,3
25273.0,8
6214.0,18
9553.0,39
591.0,18
42751.0,4
31401.0,7
43010.0,4
30352.0,15
49768.0,10
57723.0,1
57876.0,6
58005.0,1
4332.0,90
30319.0,20
42742.0,9
6688.0,48
42738.0,7
42750.0,6
53203.0,2
39610.0,9
57086.0,8
57098.0,5
62345.0,7
10373.0,23
29052.0,5
26273.0,4
53944.0,8
4895.0,30
50018.0,16
9573.0,35
50008.0,14
41526.0,10
41536.0,7
41384.0,4
33084.0,5
30170.0,19
39728.0,6
3273.0,9
47470.0,5
47480.0,4
30164.0,17
46098.0,4
26673.0,4
9138.0,28
38924.0,17
48380.0,6
59254.0,7
59258.0,7
59272.0,4
33391.0,5
30221.0,16
30010.0,61
401.0,15
9904.0,34
51854.0,10
60930.0,9
60936.0,4
60938.0,8
6386.0,24
30076.0,19
24173.0,7
30448.0,13
16273.0,4
50564.0,5
4804.0,27
42787.0,1
31373.0,5
3489.0,13
30366.0,17
30165.0,17
41433.0,4
60258.0,5
18246.0,176
38374.0,7
39924.0,14
31050.0,7
4899.0,176
35356.0,9
9158.0,28
57550.0,8
4202.0,29
30394.0,19
11825.0,26
6735.0,12
38364.0,7
50102.0,18
30273.0,17
30425.0,17
46014.0,8
30128.0,16
37292.0,4
37976.0,7
30199.0,14
51410.0,10
16079.0,18
30211.0,15
30477.0,10
55296.0,2
12202.0,16
3025.0,2
30129.0,18
21687.0,5
52568.0,3
37970.0,11
48536.0,6
44916.0,7
25645.0,7
30244.0,15
55514.0,5
35616.0,5
33250.0,7
36860.0,9
5969.0,36
53398.0,5
60270.0,4
53410.0,9
53414.0,3
53416.0,8
48322.0,6
5970.0,25
2717.0,17
30084.0,16
30134.0,17
30375.0,19
113.0,47
53350.0,6
56084.0,4
43736.0,11
58068.0,10
12168.0,8
30438.0,18
30097.0,17
30286.0,18
12503.0,23
30429.0,17
29023.0,4
30125.0,14
37074.0,5
5357.0,189
8870.0,22
49808.0,4
119.0,62
8704.0,15
53456.0,6
49157.0,52
106.0,24
4005.0,23
30454.0,16
8021.0,64
37552.0,18
7601.0,29
30023.0,22
79.0,38
8840.0,34
5631.0,70
32768.0,85
31234.0,5
14873.0,19
19373.0,4
1973.0,20
37.0,20
30249.0,13
6001.0,311
20029.0,4
544.0,4
49153.0,184
543.0,14
3398.0,105
53128.0,6
33552.0,3
30094.0,15
5975.0,21
199.0,20
43164.0,6
43174.0,7
50720.0,4
30284.0,15
30287.0,32
38643.0,9
30035.0,19
30419.0,18
30183.0,20
1573.0,4
3365.0,18
56876.0,5
59178.0,7
12386.0,15
30434.0,16
30069.0,15
30137.0,19
12045.0,2
54698.0,6
55274.0,9
59.0,4
26787.0,4
12633.0,2
30333.0,13
8002.0,227
40264.0,10
32936.0,3
120.0,32
47348.0,8
30020.0,16
47372.0,5
47374.0,10
47362.0,10
30127.0,22
30238.0,17
37297.0,56
32001.0,15
30344.0,17
14130.0,6
30017.0,35
16699.0,5
33807.0,4
32787.0,8
30442.0,23
38532.0,9
30056.0,22
30443.0,32
40134.0,5
21873.0,5
13278.0,9
2103.0,33
40116.0,12
60504.0,4
30136.0,16
33130.0,18
52680.0,10
3526.0,21
1364.0,42
39260.0,7
37171.0,2
3022.0,32
30235.0,15
31575.0,5
9444.0,131
2826.0,9
60029.0,10
11773.0,23
53493.0,9
13279.0,11
8847.0,47
2339.0,45
30040.0,16
30407.0,16
6425.0,16
24573.0,4
45558.0,11
2719.0,8
30485.0,19
16673.0,5
6518.0,21
30234.0,18
53636.0,7
33714.0,9
57464.0,3
57412.0,3
30473.0,22
30213.0,17
58663.0,5
45408.0,9
30132.0,17
4473.0,21
30102.0,18
23600.0,10
29273.0,5
13271.0,2
46339.0,4
19039.0,7
30049.0,18
30445.0,17
30335.0,12
58001.0,24
39910.0,6
60354.0,4
40516.0,7
3397.0,90
23673.0,5
30462.0,19
41298.0,2
58862.0,7
20123.0,50
30396.0,16
30255.0,17
30018.0,24
13272.0,2
9550.0,34
30106.0,22
30489.0,13
63052.0,2
7500.0,49
33926.0,10
13911.0,8
2105.0,29
6060.0,72
30480.0,16
30203.0,13
56272.0,11
30411.0,13
30065.0,15
30085.0,20
33004.0,4
30074.0,17
37301.0,53
48174.0,6
43132.0,11
30272.0,16
4602.0,45
12358.0,23
59994.0,5
8441.0,38
16088.0,10
47568.0,1
7008.0,33
54971.0,4
21337.0,7
29127.0,4
14972.0,4
5557.0,94
46096.0,17
12720.0,3
62208.0,2
30450.0,18
22367.0,5
21277.0,7
45410.0,7
18556.0,2
24990.0,2
24996.0,2
52496.0,5
8173.0,42
9350.0,23
987.0,12
36686.0,6
36688.0,4
16008.0,8
30348.0,16
6044.0,20
23822.0,2
61523.0,9
38066.0,12
21257.0,10
33564.0,3
30463.0,12
8581.0,40
12373.0,8
43650.0,2
36563.0,4
30351.0,19
4229.0,22
46724.0,12
30152.0,17
58620.0,6
58628.0,3
13273.0,2
30181.0,15
44116.0,5
30207.0,18
42752.0,7
3021.0,12
58916.0,8
30096.0,21
49.0,18
56510.0,4
56526.0,8
14933.0,2
5996.0,26
10901.0,25
62666.0,7
6205.0,20
9876.0,137
1527.0,42
52222.0,42
6377.0,18
52683.0,6
43006.0,4
43583.0,4
48180.0,8
15533.0,2
52434.0,2
30321.0,21
18573.0,4
65166.0,8
56188.0,12
7807.0,22
33495.0,4
37478.0,5
12533.0,8
45937.0,1
6062.0,24
56128.0,3
35552.0,12
2002.0,107
53846.0,8
53850.0,4
55244.0,6
61338.0,6
14909.0,8
65203.0,8
39839.0,7
58974.0,5
43518.0,4
30058.0,15
50374.0,7
3004.0,24
30009.0,31
5923.0,28
8139.0,165
37632.0,5
40456.0,8
40470.0,12
54418.0,9
54460.0,4
41304.0,8
54446.0,7
54430.0,3
4264.0,25
42132.0,3
46990.0,8
20973.0,5
39883.0,2
34223.0,5
16316.0,7
24915.0,4
38804.0,10
38792.0,12
38814.0,10
15671.0,202
30359.0,16
30055.0,20
39742.0,8
35772.0,6
6326.0,21
9983.0,100
52576.0,5
9754.0,29
48382.0,4
50500.0,37
51003.0,26
30072.0,16
53102.0,6
8692.0,11
30126.0,16
30139.0,18
54690.0,4
36718.0,2
36724.0,11
65400.0,6
3465.0,2
6092.0,26
63131.0,8
27411.0,4
30451.0,12
30339.0,17
57473.0,13
42443.0,17
30115.0,16
3933.0,23
30314.0,15
36982.0,19
36516.0,5
36528.0,3
14073.0,6
30054.0,18
19973.0,4
30013.0,50
23080.0,7
37149.0,2
4438.0,27
9060.0,86
32663.0,5
30476.0,18
24773.0,5
64955.0,4
41000.0,10
8806.0,26
52692.0,6
11373.0,20
9016.0,55
30229.0,20
58642.0,5
35412.0,10
35426.0,4
42910.0,11
25011.0,3
22973.0,5
23873.0,5
37202.0,7
55760.0,10
2020.0,67
30421.0,14
30155.0,17
30457.0,17
34070.0,6
30110.0,22
53626.0,13
30290.0,17
30198.0,16
56460.0,4
40070.0,14
57116.0,9
13274.0,2
63586.0,3
11911.0,29
7682.0,16
30202.0,18
11176.0,24
13773.0,4
40025.0,2
52690.0,6
30475.0,15
32318.0,3
3643.0,31
8017.0,51
40928.0,8
47327.0,5
30036.0,17
30331.0,21
9211.0,43
39362.0,6
39376.0,11
13275.0,2
15368.0,5
30292.0,13
12455.0,20
53320.0,6
40322.0,12
42976.0,8
1198.0,14
30028.0,22
3343.0,10
11101.0,96
3551.0,38
30311.0,11
1299.0,4
9102.0,47
17673.0,4
7200.0,22
6004.0,71
13266.0,2
55816.0,2
59790.0,10
38954.0,9
38958.0,7
2073.0,5
58676.0,5
13267.0,4
30414.0,20
49822.0,6
8801.0,40
54112.0,15
6976.0,21
25073.0,8
5011.0,30
8014.0,42
30256.0,17
30071.0,19
35184.0,6
30059.0,22
12401.0,21
39736.0,10
32569.0,43
5595.0,25
41711.0,6
21473.0,4
6307.0,14
30114.0,17
23581.0,8
12326.0,20
25224.0,9
5951.0,28
2673.0,5
3005.0,46
30270.0,18
30388.0,19
29161.0,2
59458.0,7
59444.0,6
59428.0,4
6881.0,77
46072.0,5
35188.0,8
35190.0,6
3559.0,27
44210.0,10
45960.0,12
11473.0,22
41948.0,7
30169.0,14
12244.0,8
64221.0,2
42334.0,5
11045.0,19
30453.0,14
42172.0,4
58836.0,4
30025.0,33
54324.0,9
54330.0,7
58885.0,11
30494.0,19
2605.0,11
48128.0,5
48110.0,5
48134.0,9
62078.0,49
14373.0,5
37221.0,3
14473.0,5
30417.0,17
8187.0,30
30246.0,23
21252.0,26
4511.0,42
8016.0,46
30342.0,20
30401.0,18
52558.0,3
52546.0,10
60119.0,4
13268.0,4
2454.0,50
30078.0,14
30301.0,24
40446.0,15
2016.0,12
3690.0,37
38019.0,8
48310.0,6
55954.0,4
55962.0,5
5259.0,17
44622.0,4
56654.0,2
4852.0,37
30242.0,16
7071.0,101
4877.0,33
5265.0,19
59016.0,6
15773.0,5
7055.0,11
6873.0,20
16179.0,7
49078.0,5
48019.0,12
53044.0,6
53056.0,3
30243.0,18
3287.0,5
46494.0,14
30337.0,18
30112.0,27
41861.0,8
37412.0,12
37422.0,9
48250.0,12
37438.0,9
17219.0,5
30332.0,18
55387.0,6
8873.0,79
2399.0,4
30026.0,28
9544.0,34
12258.0,9
2126.0,15
5927.0,26
4441.0,16
10026.0,37
34055.0,7
15500.0,2
9051.0,67
44336.0,16
53020.0,6
30041.0,19
30312.0,14
4432.0,69
6967.0,19
8393.0,32
30204.0,17
10010.0,73
30015.0,67
40827.0,6
33718.0,5
31073.0,4
30186.0,17
1992.0,2
33946.0,4
33962.0,5
35954.0,3
9167.0,41
25539.0,5
48700.0,12
30345.0,14
30466.0,18
30327.0,13
32592.0,6
30444.0,22
30360.0,19
6223.0,18
30459.0,18
52057.0,9
15373.0,4
53748.0,8
27973.0,4
8814.0,22
44450.0,9
44462.0,5
1552.0,2
53034.0,10
57752.0,7
35991.0,4
30185.0,16
9301.0,94
943.0,36
10973.0,19
30081.0,24
59000.0,18
60900.0,6
30387.0,17
39400.0,14
58284.0,3
41020.0,5
53300.0,45
39252.0,9
47001.0,141
3290.0,27
13780.0,7
30481.0,18
37634.0,19
4040.0,70
39352.0,9
47346.0,14
2726.0,6
4453.0,19
3385.0,70
30113.0,20
37170.0,6
22149.0,4
30172.0,17
11031.0,21
6600.0,27
3473.0,5
46694.0,9
46672.0,4
46686.0,16
52484.0,8
30087.0,67
30373.0,15
52072.0,5
52080.0,9
29573.0,4
50214.0,12
30446.0,16
45956.0,11
30370.0,16
30141.0,17
13269.0,2
49501.0,132
30368.0,16
30022.0,69
41832.0,4
41848.0,10
40471.0,10
38266.0,9
4043.0,30
5235.0,25
54321.0,82
3199.0,9
30227.0,16
34119.0,4
13270.0,2
5197.0,42
56066.0,7
41612.0,11
41618.0,11
41024.0,4
30184.0,17
30470.0,18
57028.0,10
30269.0,17
51368.0,11
12588.0,17
15788.0,2
33836.0,6
39990.0,5
51539.0,5
7703.0,18
8991.0,57
17473.0,5
47672.0,3
30496.0,21
6244.0,19
47686.0,4
47678.0,6
4577.0,40
40047.0,7
56152.0,4
13261.0,2
30044.0,19
60530.0,8
30261.0,25
12435.0,9
47748.0,4
1138.0,3
6765.0,13
30233.0,17
12114.0,5
30367.0,17
23130.0,7
18669.0,2
13262.0,2
11866.0,18
50996.0,90
43946.0,9
12484.0,9
30415.0,16
42012.0,4
49508.0,6
55626.0,6
30225.0,16
6942.0,16
32829.0,3
57779.0,4
41405.0,3
49362.0,4
51877.0,9
52746.0,9
39524.0,8
57218.0,4
57204.0,4
42100.0,8
40020.0,11
58106.0,7
30406.0,17
62438.0,3
29751.0,5
25556.0,1
46114.0,16
33274.0,5
4873.0,37
2628.0,61
52886.0,2
36572.0,5
36558.0,7
36578.0,7
31273.0,10
33237.0,2
28033.0,2
33280.0,12
39838.0,7
2405.0,60
62771.0,4
13373.0,5
30247.0,16
32586.0,1
1928.0,8
16540.0,1
1021.0,7
62374.0,1
52872.0,5
52882.0,7
32796.0,8
51310.0,8
8076.0,42
23702.0,1
29491.0,4
12242.0,6
118.0,30
42330.0,1
3260.0,65
56518.0,3
17733.0,2
39322.0,6
49660.0,6
12673.0,6
46946.0,5
53104.0,13
56791.0,6
46948.0,5
53784.0,5
3498.0,3
45542.0,14
45564.0,5
45546.0,11
30399.0,17
30153.0,19
30062.0,15
28573.0,5
51186.0,10
8822.0,138
46700.0,4
39721.0,7
46692.0,12
30187.0,18
2332.0,106
16073.0,16
31834.0,1
41236.0,7
34642.0,5
3130.0,21
30216.0,15
39928.0,8
35674.0,5
35678.0,7
35688.0,7
2812.0,1
30166.0,18
30374.0,22
61328.0,3
43928.0,9
43942.0,6
43944.0,5
30253.0,13
8200.0,322
18779.0,4
30140.0,19
50471.0,1
32869.0,4
21820.0,6
18773.0,2
59537.0,4
52618.0,6
42356.0,4
49502.0,103
57188.0,10
50070.0,163
6437.0,19
51874.0,4
20873.0,3
7102.0,31
46154.0,14
5632.0,56
27392.0,3
60198.0,5
14894.0,30
2380.0,102
30031.0,20
45300.0,7
4500.0,66
9075.0,25
3914.0,17
17516.0,46
30449.0,16
4643.0,61
3962.0,17
57036.0,9
57066.0,4
30171.0,19
60379.0,4
36187.0,2
26390.0,3
27962.0,5
6050.0,31
18073.0,11
4824.0,36
63702.0,3
4902.0,44
13683.0,4
20189.0,2
8142.0,21
54041.0,31
56694.0,5
59946.0,11
46316.0,7
6056.0,18
7029.0,19
46652.0,11
46010.0,3
45986.0,7
45976.0,15
42522.0,2
50364.0,5
6253.0,22
57242.0,5
30051.0,17
1760.0,7
6373.0,23
38718.0,4
30003.0,91
19778.0,1
56354.0,5
8044.0,33
6396.0,21
23290.0,1
8503.0,40
38246.0,7
38254.0,6
30391.0,18
13200.0,2
58126.0,8
58140.0,4
39999.0,2
7402.0,16
13475.0,4
29382.0,1
30167.0,16
30030.0,16
65319.0,4
46712.0,8
8745.0,14
26875.0,4
19673.0,3
33464.0,3
33472.0,6
43388.0,4
10875.0,22
40117.0,2
55280.0,6
30490.0,20
5629.0,22
12581.0,9
9410.0,28
15173.0,2
46878.0,5
51534.0,8
37571.0,2
51542.0,1
58718.0,9
22460.0,45
58714.0,6
34015.0,7
36043.0,5
1250.0,131
27673.0,4
30048.0,18
13073.0,4
503.0,26
13573.0,3
5062.0,25
43630.0,9
54152.0,9
42708.0,3
3774.0,21
38684.0,10
38696.0,10
36424.0,11
13263.0,2
30258.0,15
59183.0,4
30363.0,19
10073.0,26
58455.0,4
9217.0,27
17373.0,2
56011.0,10
5188.0,678
51870.0,4
35548.0,4
35556.0,5
51728.0,6
36410.0,13
12851.0,5
5024.0,31
988.0,16
13264.0,2
22773.0,2
19352.0,4
34202.0,7
30341.0,17
45584.0,18
40621.0,1
45750.0,3
4897.0,32
56602.0,4
56612.0,4
47883.0,7
56614.0,6
57342.0,5
56630.0,6
9197.0,41
50387.0,6
54919.0,8
14567.0,13
3580.0,32
13265.0,2
22103.0,4
9500.0,209
2173.0,5
30495.0,20
12120.0,6
31861.0,3
50499.0,4
623.0,41
6851.0,14
4004.0,21
4400.0,29
9043.0,90
13256.0,2
43785.0,6
30262.0,18
6567.0,25
43830.0,7
47096.0,6
40075.0,2
49142.0,15
1151.0,5
48887.0,11
39088.0,10
47632.0,7
47648.0,4
47656.0,15
46410.0,4
46428.0,5
46424.0,23
46438.0,8
46446.0,6
46677.0,8
16939.0,6
36866.0,9
53836.0,8
47812.0,3
13257.0,2
39891.0,14
5906.0,66
34275.0,4
5019.0,14
6247.0,19
36460.0,7
19873.0,3
30052.0,18
24973.0,2
6549.0,9
5926.0,27
48737.0,13
9202.0,34
42758.0,5
46562.0,14
48106.0,6
48120.0,7
38123.0,11
35318.0,3
35324.0,9
25555.0,8
58664.0,7
2453.0,10
9530.0,59
40141.0,2
17670.0,8
55328.0,4
55936.0,8
1452.0,60
24603.0,8
12473.0,5
3335.0,11
54916.0,9
44956.0,4
32942.0,3
32954.0,4
55846.0,2
60255.0,9
9189.0,45
3523.0,20
48228.0,4
30267.0,13
3652.0,29
54528.0,55
46522.0,10
54942.0,1
50068.0,5
45001.0,9
50090.0,10
50084.0,6
60348.0,5
5473.0,26
55179.0,4
42244.0,4
42246.0,7
51445.0,3
30493.0,14
33672.0,11
30201.0,15
51695.0,5
47654.0,5
23044.0,6
57602.0,4
57606.0,5
50964.0,8
50966.0,7
50974.0,3
57207.0,5
36407.0,4
54676.0,4
41983.0,4
8531.0,35
40472.0,8
9431.0,26
2946.0,7
33372.0,9
44760.0,6
18095.0,9
7002.0,139
54648.0,7
21119.0,5
54634.0,17
37676.0,12
44474.0,5
44458.0,6
44466.0,7
50536.0,6
47582.0,4
6872.0,14
53676.0,7
4440.0,31
34336.0,8
12387.0,14
33470.0,3
35939.0,4
52398.0,2
54424.0,15
41194.0,4
43692.0,6
7493.0,22
40614.0,6
3404.0,8
15040.0,21
55264.0,3
36386.0,10
30007.0,42
44519.0,5
55930.0,7
55950.0,9
833.0,14
60756.0,8
3347.0,12
47994.0,7
37157.0,2
30293.0,19
52200.0,122
40810.0,15
52874.0,8
52878.0,4
52884.0,8
52902.0,5
17323.0,4
3722.0,20
60406.0,7
41034.0,6
51556.0,5
40344.0,8
30107.0,16
50178.0,3
55400.0,6
30205.0,19
39574.0,11
60382.0,8
60006.0,28
9008.0,50
192.0,8
40071.0,2
51904.0,6
51930.0,10
48156.0,12
48939.0,4
30405.0,22
34196.0,8
51294.0,12
42582.0,4
24423.0,8
48456.0,10
6008.0,93
38002.0,8
63915.0,6
32799.0,5
6914.0,21
1963.0,157
39454.0,4
41284.0,4
3026.0,2
50321.0,2
22846.0,11
55494.0,6
41512.0,15
38858.0,12
12458.0,24
1167.0,18
13258.0,3
40524.0,16
40508.0,7
58767.0,5
56394.0,7
41498.0,8
33328.0,2
56210.0,9
9930.0,38
9025.0,37
3998.0,30
21243.0,11
30278.0,19
21004.0,1
40558.0,9
12123.0,4
47558.0,2
47572.0,7
58050.0,5
43572.0,5
59218.0,5
59222.0,8
54606.0,6
60744.0,14
7170.0,192
40510.0,11
49418.0,13
4635.0,27
40004.0,14
25443.0,26
15444.0,2
59664.0,18
33162.0,8
46862.0,16
49204.0,6
49190.0,7
30340.0,13
38546.0,7
42354.0,7
54632.0,2
13839.0,5
43414.0,8
6582.0,22
8144.0,29
60624.0,7
8886.0,95
33116.0,6
44684.0,12
13259.0,2
52912.0,8
52900.0,4
8984.0,31
47092.0,5
53210.0,5
44883.0,5
32802.0,8
41400.0,12
32786.0,14
39114.0,3
41083.0,8
54626.0,3
53904.0,7
2423.0,7
43792.0,9
24958.0,6
6419.0,18
30240.0,13
1463.0,5
53462.0,9
39898.0,11
43726.0,7
37387.0,2
58606.0,6
12454.0,10
48796.0,14
50780.0,6
46726.0,4
37066.0,7
2928.0,6
49762.0,14
13260.0,4
12346.0,20
32940.0,4
11000.0,125
52562.0,7
52552.0,10
35114.0,10
53992.0,8
6699.0,130
44344.0,56
13251.0,2
25487.0,5
39050.0,131
6413.0,23
45800.0,5
42486.0,3
38192.0,8
58128.0,9
33496.0,6
32351.0,6
46540.0,5
6006.0,91
32033.0,7
38988.0,10
59696.0,9
36423.0,2
32789.0,5
12557.0,8
58118.0,12
58120.0,7
46140.0,13
53324.0,15
57058.0,6
10480.0,51
5289.0,29
41229.0,2
55708.0,6
38354.0,9
41813.0,2
58698.0,3
6966.0,20
8119.0,36
2035.0,5
57660.0,6
57664.0,7
52555.0,2
45576.0,5
28633.0,2
30378.0,18
58856.0,9
28399.0,5
44312.0,4
44326.0,5
44348.0,3
32868.0,9
38236.0,8
3124.0,13
25432.0,7
14444.0,10
30465.0,14
40747.0,2
49722.0,2
16053.0,11
53386.0,6
45112.0,11
9433.0,70
42920.0,6
42634.0,6
42656.0,7
42810.0,11
42832.0,2
42854.0,7
42788.0,3
42678.0,7
42700.0,3
42722.0,6
42766.0,5
42876.0,13
42942.0,5
42898.0,4
42964.0,6
43008.0,11
43030.0,5
43052.0,5
43074.0,7
42986.0,5
43140.0,4
43184.0,4
43096.0,5
43162.0,4
43254.0,6
44754.0,10
43228.0,7
43206.0,4
43326.0,4
43368.0,10
43400.0,5
43432.0,3
43464.0,3
45440.0,3
44130.0,4
45482.0,4
45602.0,6
45530.0,7
45552.0,5
45508.0,11
45770.0,6
45796.0,7
45652.0,20
45676.0,5
45702.0,7
45748.0,19
45724.0,5
1027.0,163
45818.0,8
45842.0,12
45864.0,2
45886.0,22
45908.0,7
45930.0,4
45952.0,53
45996.0,15
46020.0,2
46042.0,8
58602.0,2
51760.0,13
44950.0,5
53654.0,7
53666.0,2
59070.0,7
59066.0,5
5343.0,31
57304.0,5
58790.0,10
58878.0,4
58812.0,9
58834.0,3
3163.0,4
59142.0,7
59186.0,5
59230.0,5
59296.0,7
58966.0,7
59010.0,5
59032.0,6
59054.0,3
59076.0,6
59098.0,7
59120.0,10
59208.0,5
59252.0,3
59340.0,7
59318.0,3
59274.0,4
59406.0,7
59384.0,9
59362.0,5
59472.0,4
59494.0,12
59516.0,13
59538.0,7
59560.0,5
59582.0,12
59604.0,6
59648.0,8
59670.0,6
59692.0,6
59714.0,9
59736.0,8
59824.0,7
59780.0,4
59846.0,10
59868.0,11
37270.0,8
59890.0,5
59912.0,3
59934.0,6
60044.0,7
59956.0,5
59978.0,6
60088.0,8
60110.0,7
60132.0,6
60176.0,9
60220.0,6
60264.0,7
60308.0,5
60330.0,8
34288.0,3
33430.0,2
34100.0,3
60386.0,8
60066.0,10
60154.0,7
60286.0,7
34332.0,3
34352.0,4
34728.0,6
34750.0,4
34772.0,19
34816.0,9
34838.0,5
34860.0,8
34794.0,4
34398.0,4
34442.0,8
34464.0,4
34486.0,5
34596.0,6
34508.0,6
34530.0,4
34552.0,6
34574.0,6
34618.0,3
34640.0,2
34662.0,5
34684.0,9
34706.0,6
18016.0,6
34904.0,5
34926.0,4
34948.0,7
34970.0,8
34992.0,8
35124.0,14
35168.0,7
35234.0,6
35300.0,7
35322.0,8
35410.0,10
35520.0,4
35276.0,2
35256.0,10
35432.0,5
35454.0,4
35476.0,7
35498.0,2
35212.0,8
35366.0,3
35388.0,5
35014.0,9
35102.0,4
35036.0,5
41928.0,6
41902.0,7
35608.0,11
35542.0,5
35564.0,3
35630.0,7
35652.0,4
36420.0,9
37782.0,4
37110.0,8
250.0,14
41074.0,4
41754.0,4
41974.0,8
41998.0,8
41952.0,7
38462.0,6
39162.0,7
42098.0,7
42024.0,9
42074.0,6
42282.0,3
42304.0,1
42348.0,5
42414.0,5
42458.0,14
42480.0,7
42502.0,5
42546.0,3
42146.0,3
42170.0,5
42192.0,6
42214.0,5
42236.0,12
42122.0,3
42260.0,4
42326.0,9
42392.0,9
42370.0,1
42436.0,7
42612.0,4
42568.0,5
42590.0,4
50580.0,138
36426.0,2
50820.0,4
9457.0,33
11955.0,16
55716.0,7
55722.0,5
44298.0,4
34532.0,3
34544.0,2
34550.0,6
43370.0,10
43374.0,7
56623.0,10
43392.0,7
43380.0,6
47210.0,14
57376.0,7
27515.0,11
24140.0,6
39876.0,5
30398.0,15
62555.0,6
51345.0,6
36340.0,4
43360.0,4
57994.0,2
53248.0,12
37680.0,6
46206.0,3
40436.0,6
63937.0,10
41774.0,13
24499.0,5
43334.0,5
56710.0,6
18039.0,10
7272.0,46
62556.0,6
29584.0,6
62026.0,1
4003.0,32
7841.0,23
35378.0,6
35390.0,4
35392.0,5
35398.0,7
52854.0,11
35242.0,9
52868.0,7
8544.0,28
63631.0,6
59884.0,11
49360.0,6
47476.0,4
42180.0,8
47732.0,16
26052.0,8
56078.0,5
52658.0,7
55666.0,7
54500.0,12
33752.0,5
34645.0,8
40012.0,19
12526.0,7
12494.0,18
43138.0,9
53874.0,8
61493.0,6
43144.0,9
53890.0,5
16700.0,6
39697.0,2
52108.0,5
2303.0,11
34462.0,6
48874.0,15
35350.0,7
48995.0,9
6391.0,28
6459.0,18
4892.0,36
13000.0,71
47410.0,6
8071.0,37
9096.0,42
12436.0,19
41276.0,6
49376.0,5
49354.0,13
54828.0,10
52241.0,1
52247.0,3
52305.0,2
52319.0,3
52327.0,1
52337.0,2
23192.0,8
42692.0,10
8501.0,45
40214.0,8
25265.0,10
58748.0,18
49159.0,24
53638.0,6
53986.0,3
41648.0,6
56348.0,6
56364.0,9
14632.0,1
46146.0,9
56382.0,8
56374.0,2
46156.0,7
46158.0,4
39214.0,4
55824.0,4
12343.0,20
37696.0,7
22735.0,17
7079.0,24
60680.0,5
5055.0,19
54455.0,1
39580.0,7
57516.0,9
6317.0,23
46194.0,12
45342.0,6
45358.0,4
45340.0,9
45330.0,4
45332.0,5
40683.0,2
45360.0,6
12175.0,12
55704.0,6
11065.0,25
43115.0,6
38146.0,13
6507.0,21
52656.0,2
4451.0,32
37093.0,2
10241.0,26
57487.0,2
37834.0,7
56436.0,10
33322.0,33
39286.0,9
22220.0,27
30999.0,6
45532.0,3
35632.0,6
59182.0,3
35648.0,2
34109.0,1
54356.0,5
39790.0,5
39826.0,4
8222.0,96
39188.0,8
44628.0,7
13253.0,2
57325.0,6
48927.0,7
52654.0,6
58690.0,7
46807.0,4
1750.0,2
49255.0,1
25282.0,3
51552.0,6
60178.0,10
10118.0,27
46040.0,8
46054.0,6
46070.0,4
37188.0,9
46074.0,6
46086.0,7
41084.0,5
7010.0,59
2191.0,6
44076.0,5
31311.0,6
44669.0,1
5972.0,29
3192.0,12
44191.0,1
5843.0,24
33998.0,6
33988.0,8
34014.0,4
34026.0,5
54114.0,5
54116.0,7
54132.0,6
3899.0,17
41225.0,3
40894.0,17
36674.0,12
51698.0,10
43300.0,9
32344.0,6
60814.0,6
40678.0,6
36318.0,6
37246.0,7
6501.0,35
42335.0,4
49796.0,7
13254.0,2
51019.0,5
40999.0,2
6434.0,18
40420.0,4
40408.0,8
40416.0,7
40440.0,6
40444.0,7
59512.0,7
58700.0,5
52414.0,7
56470.0,5
40293.0,2
10068.0,23
41860.0,5
39763.0,2
18714.0,8
13255.0,2
19715.0,5
16075.0,5
36296.0,5
51216.0,5
58296.0,5
55324.0,8
55348.0,3
55336.0,3
59364.0,6
9124.0,44
48262.0,6
19455.0,4
34430.0,13
5802.0,67
41990.0,4
16573.0,2
28173.0,4
57604.0,5
39976.0,10
13245.0,2
34600.0,9
55964.0,9
62400.0,2
55970.0,5
55980.0,8
33164.0,7
6450.0,22
46634.0,5
34210.0,8
60168.0,5
59162.0,9
7895.0,27
57232.0,5
57238.0,3
57254.0,15
57268.0,8
50664.0,10
53110.0,9
13247.0,2
34152.0,4
28939.0,11
31519.0,4
31044.0,3
15038.0,8
5643.0,26
51450.0,2
53042.0,10
33088.0,7
33094.0,11
33102.0,7
54944.0,13
31175.0,4
33106.0,8
33118.0,8
33124.0,5
10417.0,27
20844.0,2
16373.0,3
41580.0,19
37785.0,6
47390.0,4
35784.0,5
505.0,2
47370.0,3
47380.0,22
47396.0,6
39132.0,9
39148.0,11
40270.0,12
40276.0,11
48410.0,5
40292.0,14
40324.0,11
56583.0,6
57966.0,11
59674.0,6
59708.0,3
43154.0,10
42032.0,3
26823.0,6
40724.0,5
52712.0,5
41090.0,7
39700.0,7
7775.0,39
57754.0,10
2160.0,25
37482.0,8
51218.0,4
57768.0,4
57780.0,5
41850.0,7
3762.0,16
33196.0,3
33183.0,4
14515.0,5
41052.0,5
48550.0,10
45936.0,12
63187.0,4
21067.0,4
5373.0,29
38712.0,8
38706.0,10
38714.0,8
58086.0,15
39560.0,8
58478.0,2
23186.0,2
7077.0,59
34650.0,12
34654.0,5
34666.0,8
38528.0,4
51916.0,7
41876.0,7
41892.0,5
41906.0,5
41880.0,6
36088.0,6
20605.0,19
36776.0,5
8389.0,178
43510.0,7
58326.0,9
36964.0,8
56410.0,6
34410.0,3
34432.0,6
34426.0,7
34446.0,7
55852.0,7
8038.0,33
64950.0,10
40378.0,8
14905.0,5
23927.0,5
65117.0,7
2156.0,10
62767.0,6
6289.0,20
18673.0,3
34598.0,8
7022.0,70
36615.0,6
10259.0,116
47146.0,6
60243.0,46
21015.0,4
40598.0,4
28295.0,5
36719.0,7
48284.0,11
37162.0,6
3018.0,13
53306.0,17
32825.0,3
35112.0,4
3179.0,11
55912.0,11
60587.0,4
43011.0,15
37820.0,8
37209.0,4
49509.0,11
59952.0,14
25220.0,2
60156.0,8
44376.0,8
46572.0,7
25873.0,4
41424.0,21
4455.0,27
31734.0,10
56952.0,6
41443.0,8
57467.0,5
3268.0,25
3112.0,21
50744.0,2
40092.0,10
31773.0,2
54810.0,8
11553.0,47
6568.0,70
55688.0,5
62055.0,2
50031.0,8
8105.0,38
44987.0,7
59911.0,5
44455.0,2
58034.0,10
40840.0,7
1344.0,138
51452.0,2
52860.0,3
41088.0,5
33246.0,5
2604.0,11
58339.0,2
46656.0,5
59796.0,7
57952.0,11
17115.0,7
43904.0,1
9186.0,39
44208.0,8
62152.0,2
53514.0,7
53522.0,12
21380.0,17
33406.0,6
33420.0,5
10801.0,134
17033.0,2
50184.0,8
5773.0,24
8973.0,10
52424.0,6
34220.0,4
23073.0,4
41691.0,2
21537.0,1
37031.0,4
39576.0,6
23973.0,2
7651.0,20
20201.0,109
55152.0,5
10273.0,18
24181.0,12
47072.0,5
47110.0,5
30741.0,3
40307.0,6
38856.0,10
44678.0,8
47136.0,8
47120.0,7
1832.0,4
4165.0,24
51020.0,8
13248.0,4
33680.0,5
37445.0,8
40196.0,10
7020.0,34
55751.0,2
32808.0,7
17358.0,1
9093.0,381
46200.0,9
40566.0,6
52524.0,7
26773.0,2
42116.0,4
5910.0,51
36312.0,8
23042.0,7
16025.0,19
5620.0,27
39044.0,9
32769.0,8
36797.0,2
48306.0,6
20015.0,2
18084.0,38
63443.0,7
42238.0,1
32973.0,2
45470.0,5
1959.0,11
54316.0,5
41827.0,5
33154.0,8
6333.0,25
33170.0,6
33186.0,8
34248.0,6
34250.0,4
59388.0,4
6444.0,29
43084.0,8
10256.0,47
60506.0,5
9673.0,21
52420.0,6
13249.0,3
53471.0,9
1988.0,14
2320.0,6
11681.0,39
28894.0,6
38216.0,4
46635.0,14
33304.0,9
2861.0,6
55304.0,4
55314.0,5
13250.0,2
46350.0,3
55554.0,90
1173.0,3
8535.0,13
32779.0,3
24100.0,8
15873.0,2
49784.0,5
3154.0,12
56540.0,6
8545.0,163
4583.0,37
54408.0,8
54396.0,4
54422.0,8
54390.0,9
40474.0,4
7255.0,17
52332.0,6
13244.0,4
2195.0,11
40804.0,11
40808.0,6
44484.0,3
60730.0,4
60746.0,4
5143.0,28
34386.0,7
33674.0,8
33694.0,6
60332.0,5
5743.0,26
54139.0,7
8122.0,59
58686.0,4
5976.0,25
48367.0,4
31133.0,7
54806.0,4
54802.0,4
54816.0,7
35668.0,5
35670.0,4
52482.0,3
35008.0,6
35000.0,11
36812.0,4
30888.0,2
8872.0,35
13240.0,2
23270.0,8
39520.0,13
58482.0,6
21238.0,14
8025.0,66
9031.0,38
57415.0,5
2077.0,219
42450.0,5
12911.0,4
37912.0,4
48140.0,7
34986.0,7
34990.0,7
50395.0,4
24592.0,11
54232.0,5
46462.0,5
18045.0,17
6734.0,18
42749.0,6
4028.0,18
36028.0,11
60364.0,6
22409.0,6
60180.0,7
8111.0,146
4073.0,22
37254.0,6
6523.0,19
44198.0,5
25673.0,3
54704.0,6
54720.0,6
8550.0,27
3543.0,24
5440.0,54
36202.0,12
22205.0,7
6312.0,27
50230.0,4
50362.0,4
34378.0,2
9083.0,58
61940.0,1
46003.0,6
21673.0,3
56360.0,4
9642.0,109
57264.0,5
57270.0,4
3174.0,6
59432.0,7
59442.0,6
59430.0,8
59452.0,2
5095.0,15
39636.0,8
58433.0,1
64737.0,9
41726.0,13
59352.0,9
49680.0,7
51804.0,7
56007.0,8
43244.0,8
12409.0,15
45466.0,5
12695.0,4
6509.0,11
51435.0,5
57992.0,4
35202.0,6
35206.0,7
37708.0,5
42595.0,4
51672.0,6
50038.0,12
49980.0,5
41707.0,2
38484.0,6
39795.0,2
58104.0,21
31259.0,7
40148.0,4
40128.0,11
40136.0,1
62158.0,4
62184.0,4
62221.0,1
4426.0,14
62296.0,1
36146.0,6
36136.0,5
8465.0,30
53722.0,6
3143.0,10
42688.0,10
6025.0,20
52965.0,13
12661.0,7
1660.0,4
37278.0,9
60064.0,11
2484.0,17
39804.0,7
52586.0,7
59703.0,4
59658.0,7
3557.0,32
45189.0,8
58430.0,6
43476.0,7
53858.0,6
50280.0,5
50296.0,3
8079.0,159
32170.0,2
8123.0,260
49758.0,8
33384.0,14
3943.0,20
9141.0,22
24967.0,4
60340.0,6
55542.0,4
19819.0,6
53281.0,4
48500.0,12
44842.0,2
37963.0,2
14973.0,3
8127.0,36
37248.0,7
51062.0,4
56728.0,7
3410.0,16
45032.0,6
25353.0,3
40277.0,2
45184.0,10
39423.0,6
59859.0,5
18244.0,143
24359.0,31
56432.0,2
40358.0,13
37969.0,2
62138.0,4
36988.0,4
61452.0,12
7474.0,112
34166.0,8
15334.0,17
16770.0,1
36116.0,4
16078.0,2
45830.0,7
40479.0,6
40122.0,6
54964.0,6
54970.0,3
57794.0,5
40686.0,8
47614.0,5
51940.0,9
49114.0,6
5567.0,48
41703.0,2
35594.0,5
55046.0,10
56656.0,3
15000.0,58
52252.0,5
54950.0,10
54954.0,5
48766.0,17
26733.0,2
46867.0,10
34556.0,5
49138.0,5
52163.0,6
40026.0,9
35430.0,6
41130.0,8
57396.0,17
40352.0,9
58888.0,60
58256.0,15
52534.0,6
41316.0,10
41318.0,4
41334.0,2
46936.0,4
43764.0,3
43750.0,3
17990.0,27
8023.0,48
59650.0,8
9249.0,28
43968.0,5
51254.0,8
40615.0,3
54012.0,5
58200.0,5
34222.0,6
63031.0,6
55616.0,2
37144.0,6
37150.0,10
27503.0,9
41446.0,10
13241.0,2
35986.0,6
51300.0,7
70.0,36
9333.0,40
60842.0,8
47306.0,3
39658.0,7
58672.0,5
60405.0,1
1935.0,123
52292.0,4
5438.0,36
52306.0,6
52880.0,6
34407.0,7
60640.0,4
60646.0,7
60626.0,3
60654.0,5
36676.0,5
35715.0,2
4491.0,21
13242.0,10
876.0,2
41420.0,4
8098.0,141
60184.0,4
14404.0,6
57220.0,9
35110.0,12
8666.0,34
24113.0,2
41858.0,6
49352.0,4
5453.0,20
38668.0,10
54712.0,9
54722.0,5
54056.0,2
43746.0,7
8434.0,40
3887.0,18
52220.0,5
44194.0,2
13243.0,3
45023.0,2
6668.0,51
20010.0,19
7889.0,27
7003.0,62
47450.0,11
53520.0,3
12210.0,9
1741.0,12
4060.0,17
61710.0,11
13238.0,4
60346.0,7
58638.0,3
48826.0,6
20020.0,82
22379.0,10
61714.0,10
2483.0,16
41828.0,4
37370.0,6
9337.0,25
48942.0,8
48946.0,13
48944.0,6
6409.0,19
33034.0,5
36092.0,10
13720.0,4
51654.0,5
51656.0,9
51666.0,4
51682.0,4
51230.0,6
54855.0,2
1400.0,71
19013.0,7
9121.0,42
6991.0,23
9922.0,41
16030.0,3
19014.0,13
233.0,4
10232.0,24
4469.0,19
8194.0,41
41795.0,112
13239.0,2
6664.0,33
50050.0,120
43468.0,6
52948.0,8
37515.0,2
4346.0,19
41205.0,5
50025.0,12
35768.0,6
19027.0,5
23023.0,56
9506.0,29
57166.0,6
23194.0,3
38666.0,14
52311.0,55
41967.0,2
47254.0,16
47250.0,10
58438.0,6
7007.0,47
3311.0,14
50037.0,19
61629.0,5
47124.0,12
41440.0,7
4369.0,188
19089.0,3
8755.0,10
1456.0,6
41118.0,2
15032.0,2
54468.0,9
49456.0,15
31103.0,4
49472.0,5
52750.0,8
560.0,2
9013.0,42
37136.0,8
46848.0,4
35194.0,15
35210.0,9
61613.0,8
45853.0,13
35101.0,23
48288.0,16
38816.0,9
58314.0,12
2701.0,44
26732.0,8
5243.0,34
53114.0,7
7891.0,26
40019.0,6
4782.0,60
8043.0,59
22044.0,10
5552.0,71
35656.0,4
9528.0,27
21006.0,8
59284.0,12
31003.0,6
46698.0,9
41378.0,7
12438.0,12
50404.0,6
50416.0,4
39970.0,7
58998.0,6
39068.0,6
59014.0,16
2010.0,15
40132.0,3
36496.0,4
52256.0,4
47140.0,6
11567.0,20
22551.0,6
53861.0,5
34862.0,11
1936.0,2
58004.0,18
13758.0,3
8074.0,41
63861.0,2
40382.0,9
51416.0,4
57940.0,15
20011.0,9
19008.0,6
9933.0,21
60934.0,13
3111.0,27
8112.0,97
7709.0,19
54756.0,5
54772.0,9
54774.0,17
41321.0,5
46174.0,12
52174.0,20
19054.0,3
26476.0,11
57288.0,3
9797.0,29
4800.0,42
44444.0,59
12522.0,4
55023.0,9
19575.0,8
17.0,10
57006.0,6
50506.0,12
35048.0,6
49356.0,2
3302.0,7
4483.0,27
769.0,2
64235.0,4
15001.0,41
1451.0,5
41762.0,10
46148.0,11
33868.0,16
9801.0,35
21830.0,2
152.0,4
29876.0,6
54800.0,11
10207.0,27
9901.0,41
54808.0,7
52776.0,7
33788.0,6
37330.0,8
1290.0,21
59110.0,15
51508.0,7
59607.0,2
63055.0,11
18181.0,24
51415.0,2
39766.0,6
23333.0,4
33451.0,6
6041.0,20
1799.0,2
20002.0,92
41362.0,6
56980.0,8
47824.0,11
2107.0,14
40090.0,4
19005.0,5
40958.0,8
548.0,36
21233.0,17
40007.0,12
4480.0,26
43134.0,7
61761.0,10
37532.0,8
53877.0,10
5803.0,48
13379.0,2
10886.0,21
51926.0,3
13389.0,42
2094.0,8
64443.0,8
5968.0,26
50111.0,4
25130.0,5
35711.0,6
3572.0,20
61762.0,2
56446.0,5
6160.0,20
2609.0,6
7006.0,34
50870.0,7
43124.0,4
13416.0,10
33838.0,9
6590.0,22
8887.0,76
5084.0,42
44028.0,8
646.0,12
16002.0,27
562.0,2
19091.0,11
10003.0,32
58984.0,10
39208.0,3
8845.0,25
6512.0,24
19006.0,10
43852.0,9
43860.0,4
10179.0,21
5351.0,60
44614.0,11
44616.0,6
44634.0,6
18001.0,22
60017.0,7
58456.0,5
47524.0,5
33086.0,5
11980.0,17
11708.0,18
34562.0,6
5651.0,21
60894.0,6
37128.0,9
861.0,2
5560.0,53
53318.0,18
45922.0,20
2201.0,21
55754.0,9
6380.0,48
24972.0,6
12344.0,8
11731.0,17
19762.0,2
2302.0,7
16452.0,9
4430.0,95
19060.0,2
58354.0,2
58362.0,10
58780.0,7
8649.0,47
38088.0,6
11788.0,17
3077.0,13
43774.0,7
2897.0,2
9533.0,25
10370.0,16
6588.0,46
54566.0,7
4006.0,26
15974.0,10
47584.0,12
41665.0,2
13235.0,4
41697.0,3
19000.0,146
43754.0,4
59610.0,7
19038.0,2
44040.0,9
6500.0,30
11966.0,18
11551.0,24
29015.0,58
1720.0,28
65447.0,2
22522.0,45
60084.0,6
36638.0,1
42088.0,9
36646.0,4
1554.0,18
6122.0,42
8546.0,11
42196.0,4
8565.0,20
27686.0,1
11635.0,14
23022.0,10
51316.0,6
1830.0,52
50402.0,4
36944.0,5
4900.0,34
1434.0,225
11985.0,18
11724.0,16
17093.0,1
47508.0,4
58330.0,4
11990.0,18
10049.0,19
19090.0,15
41388.0,8
54630.0,5
27660.0,2
8125.0,32
23510.0,2
12736.0,11
10332.0,20
36846.0,5
58067.0,2
36852.0,8
52942.0,7
8303.0,20
8066.0,39
11612.0,15
35298.0,8
54322.0,29
20008.0,20
11237.0,18
2603.0,9
11959.0,15
5556.0,84
777.0,16
13236.0,2
41333.0,4
39444.0,8
39452.0,12
39460.0,14
11725.0,16
10051.0,32
6009.0,49
50704.0,3
11510.0,14
41570.0,5
7099.0,25
564.0,16
34409.0,9
54700.0,3
36884.0,3
43714.0,10
41230.0,9
45926.0,8
441.0,10
38520.0,67
13237.0,2
11585.0,18
11531.0,17
55584.0,4
65042.0,3
65044.0,1
52700.0,5
19071.0,5
11728.0,16
44307.0,17
9071.0,40
45608.0,11
45618.0,12
45622.0,2
33242.0,5
3075.0,11
42694.0,4
11791.0,17
42702.0,7
11507.0,17
11782.0,15
43576.0,3
54728.0,7
11898.0,19
37822.0,9
3100.0,19
56730.0,5
38610.0,7
1042.0,15
6704.0,16
56263.0,5
18264.0,25
20071.0,4
10739.0,30
15388.0,6
11235.0,18
3606.0,29
10242.0,29
18078.0,11
64550.0,8
48808.0,6
8890.0,38
13230.0,4
3918.0,26
20192.0,2
53732.0,6
48786.0,5
19066.0,3
11700.0,18
4468.0,20
5102.0,37
5225.0,41
46426.0,14
5598.0,43
11849.0,20
12200.0,17
2324.0,4
54026.0,3
41647.0,1
11685.0,19
11670.0,16
25689.0,7
16888.0,7
51172.0,4
6129.0,28
31102.0,9
5092.0,17
48758.0,2
63605.0,4
11852.0,27
1687.0,2
10943.0,23
20880.0,10
13231.0,2
40714.0,6
6530.0,19
19070.0,4
340.0,8
1241.0,6
11582.0,19
65529.0,24
64863.0,2
50840.0,5
19021.0,2
5116.0,18
65046.0,8
768.0,2
40157.0,3
1119.0,4
37231.0,8
63579.0,6
56358.0,4
38848.0,8
38850.0,6
12190.0,26
8889.0,137
45938.0,3
63537.0,3
4712.0,36
55976.0,1
37094.0,9
19036.0,5
46090.0,7
11867.0,18
19068.0,5
37586.0,5
49542.0,6
49566.0,8
11444.0,20
40760.0,6
5502.0,18
5685.0,22
55446.0,5
11625.0,16
5224.0,31
21322.0,10
34046.0,5
59958.0,6
17443.0,17
32806.0,10
19061.0,5
38800.0,16
32606.0,5
33971.0,2
3518.0,16
46060.0,3
11824.0,14
45812.0,11
51776.0,5
5523.0,29
49127.0,5
22011.0,23
19017.0,14
47636.0,1
11906.0,16
11712.0,20
11591.0,16
22122.0,78
55942.0,15
49120.0,9
8192.0,83
46226.0,8
47700.0,8
43015.0,8
59606.0,7
46240.0,7
56482.0,10
25001.0,27
36425.0,2
42609.0,2
14147.0,22
1515.0,24
15818.0,5
5094.0,94
843.0,12
33754.0,7
7004.0,43
37049.0,6
19022.0,14
28253.0,1
11894.0,16
11515.0,14
11509.0,16
11605.0,16
43958.0,5
42516.0,4
42520.0,8
11519.0,14
41950.0,12
48806.0,12
32000.0,7
42386.0,5
36856.0,5
37358.0,8
11620.0,16
40442.0,6
11540.0,18
19025.0,4
32643.0,5
43951.0,10
7898.0,12
58968.0,6
52742.0,6
59568.0,5
59578.0,4
43180.0,4
53938.0,2
19067.0,4
50348.0,10
50360.0,2
50366.0,5
11664.0,15
21237.0,12
41021.0,8
5488.0,36
55082.0,3
12333.0,21
46824.0,2
901.0,4
56059.0,11
56058.0,14
39368.0,10
21674.0,6
23000.0,14
31680.0,10
40594.0,4
58404.0,19
7480.0,30
50410.0,8
11095.0,21
7086.0,41
33445.0,2
50644.0,1
50648.0,8
38738.0,4
26379.0,10
45378.0,7
39168.0,9
446.0,12
11942.0,16
56636.0,3
11511.0,18
55166.0,7
19076.0,2
62016.0,11
11533.0,20
58603.0,145
12149.0,9
33172.0,7
33180.0,4
47874.0,7
8388.0,46
36946.0,4
41171.0,4
11576.0,17
5489.0,26
7634.0,14
10086.0,56
12426.0,22
16882.0,8
62637.0,1
9165.0,33
60278.0,3
41482.0,12
12510.0,4
60338.0,3
39382.0,7
39378.0,10
49759.0,2
50248.0,6
61617.0,108
10067.0,18
42048.0,3
22115.0,8
7711.0,24
51356.0,6
11676.0,17
2424.0,23
45554.0,8
58114.0,12
11875.0,15
46740.0,8
11952.0,23
11972.0,17
51762.0,10
49398.0,19
55032.0,8
36898.0,8
55974.0,4
54016.0,5
49282.0,4
64032.0,4
41490.0,8
17399.0,3
59611.0,9
11502.0,19
19087.0,2
45555.0,2
2120.0,2
58928.0,7
50301.0,2
5287.0,19
522.0,14
49900.0,7
13633.0,2
11569.0,12
11762.0,23
11995.0,16
11541.0,16
53988.0,3
20007.0,12
1710.0,2
40545.0,2
23917.0,8
6607.0,16
7954.0,25
38180.0,10
31514.0,13
11897.0,14
5277.0,37
47490.0,7
11408.0,21
50850.0,7
37332.0,6
26494.0,8
56936.0,6
33856.0,7
33866.0,6
33846.0,5
8726.0,20
65379.0,11
18333.0,65
40412.0,10
52304.0,6
3231.0,28
57021.0,5
11588.0,16
45132.0,7
35938.0,5
33486.0,7
53750.0,6
10810.0,25
39940.0,12
44391.0,6
11630.0,17
54588.0,3
54600.0,5
52670.0,5
52682.0,16
52688.0,5
62648.0,1
52602.0,9
52612.0,1
52614.0,9
52626.0,8
52638.0,5
52650.0,3
52666.0,7
16881.0,8
54666.0,5
47836.0,4
47840.0,5
47846.0,4
18245.0,235
36058.0,12
11816.0,24
38003.0,9
46869.0,6
49512.0,7
38424.0,10
49514.0,4
49518.0,16
6033.0,44
62535.0,6
47946.0,5
19028.0,4
10881.0,20
15355.0,2
1201.0,74
4063.0,27
3520.0,18
41546.0,10
43024.0,9
11785.0,16
5801.0,49
50201.0,2
13232.0,2
19073.0,2
11965.0,24
6611.0,14
55577.0,2
50075.0,42
14343.0,36
31942.0,2
31954.0,1
19.0,16
33762.0,8
11623.0,19
3407.0,18
45040.0,13
6280.0,20
7778.0,50
57328.0,4
39867.0,2
2101.0,59
4120.0,23
5121.0,41
36730.0,8
38582.0,10
2110.0,6
48980.0,3
1901.0,17
50211.0,19
4155.0,16
59746.0,9
11230.0,18
51492.0,5
11904.0,16
63906.0,3
42914.0,8
42926.0,8
42916.0,13
11590.0,16
1053.0,2
50501.0,21
43304.0,2
59594.0,9
7615.0,21
9173.0,28
50961.0,5
3012.0,25
13233.0,4
1357.0,4
11633.0,26
51960.0,5
11596.0,31
6445.0,29
43994.0,4
44004.0,5
44008.0,7
43996.0,7
34863.0,6
44000.0,10
43992.0,3
60282.0,6
59609.0,2
35886.0,4
47506.0,10
60650.0,9
54302.0,11
523.0,8
49413.0,5
56870.0,7
19020.0,13
50335.0,11
561.0,2
12973.0,4
3310.0,33
11621.0,16
44434.0,3
38436.0,12
13234.0,2
60602.0,10
3135.0,23
5660.0,54
2333.0,31
8095.0,42
19015.0,12
41778.0,5
43290.0,5
53329.0,8
33402.0,7
5412.0,26
11962.0,20
13228.0,15
55442.0,20
43398.0,13
13504.0,2
9062.0,33
20166.0,10
1635.0,8
51378.0,13
39270.0,4
39321.0,2
1803.0,2
40002.0,13
5111.0,29
8211.0,18
10031.0,50
53592.0,6
19064.0,2
46956.0,8
6622.0,34
48030.0,4
24863.0,16
767.0,2
41744.0,2
57712.0,9
57714.0,7
57710.0,4
57716.0,15
57722.0,10
57720.0,9
57724.0,11
57726.0,8
19024.0,4
57728.0,5
50200.0,8
11525.0,19
11858.0,19
55946.0,7
2597.0,6
5226.0,34
1961.0,189
10808.0,126
52732.0,5
60030.0,22
11759.0,17
47326.0,5
8780.0,10
2761.0,44
39850.0,10
28081.0,11
764.0,2
28013.0,5
8825.0,41
8070.0,82
450.0,8
33874.0,7
8018.0,37
38946.0,7
38952.0,7
5200.0,19
36052.0,17
52944.0,6
52952.0,7
55550.0,6
59056.0,7
39726.0,11
1968.0,11
11556.0,16
49479.0,5
7881.0,18
48576.0,6
46793.0,6
33724.0,15
10243.0,75
61135.0,2
13229.0,4
2704.0,12
42478.0,5
48038.0,7
19056.0,17
19497.0,2
2102.0,22
2401.0,15
61284.0,8
1863.0,2
11781.0,19
48899.0,6
11968.0,21
47920.0,6
2098.0,8
175.0,6
55282.0,5
3165.0,6
34696.0,11
38068.0,6
10162.0,18
8104.0,60
8093.0,114
11815.0,16
449.0,33
59390.0,5
4593.0,31
56940.0,6
35006.0,8
56942.0,5
50182.0,7
6287.0,24
17622.0,8
52566.0,4
13849.0,2
54552.0,19
9898.0,51
38108.0,12
38124.0,18
38102.0,11
11654.0,16
4505.0,42
40001.0,27
33462.0,2
11976.0,16
11707.0,18
36098.0,5
7911.0,46
50367.0,1
43069.0,1
5480.0,24
57581.0,1
44602.0,5
5321.0,43
11524.0,19
19093.0,2
1811.0,4
6669.0,18
49618.0,13
57076.0,6
51690.0,7
8302.0,33
36126.0,7
12397.0,13
35712.0,15
3784.0,20
23861.0,5
29591.0,8
27053.0,1
41837.0,2
54948.0,2
6348.0,33
44230.0,13
60596.0,3
49872.0,10
35606.0,13
35610.0,7
35604.0,4
35618.0,3
35612.0,4
35622.0,6
35620.0,2
35614.0,4
22100.0,7
45838.0,4
58802.0,7
47044.0,2
54752.0,8
19026.0,3
54208.0,12
54742.0,3
48684.0,4
46988.0,3
40648.0,5
706.0,2
7083.0,26
9103.0,47
11583.0,14
19059.0,2
45178.0,9
39112.0,6
8878.0,28
45182.0,4
59412.0,7
32804.0,5
51928.0,9
51224.0,20
57778.0,15
7676.0,70
11823.0,18
8012.0,93
11608.0,16
11604.0,14
33198.0,4
11526.0,18
6636.0,20
19011.0,2
6277.0,16
8555.0,14
1110.0,24
47764.0,3
56658.0,5
47770.0,12
12033.0,51
3940.0,26
19018.0,4
39794.0,9
13861.0,2
9307.0,51
16110.0,20
3013.0,31
37864.0,3
37860.0,7
8109.0,47
10333.0,48
59608.0,5
37858.0,4
6545.0,16
5227.0,22
3541.0,48
11862.0,17
52958.0,7
61184.0,4
19082.0,10
47038.0,13
20006.0,7
52972.0,6
11879.0,18
11529.0,17
35714.0,8
11697.0,14
13456.0,2
13442.0,11
45486.0,8
15143.0,2
20121.0,60
45480.0,9
42272.0,5
11828.0,16
63568.0,4
25866.0,2
51526.0,6
16062.0,5
21001.0,6
4775.0,45
19051.0,2
28188.0,2
10008.0,62
63418.0,2
7351.0,20
41968.0,8
1212.0,63
20014.0,8
60150.0,4
6436.0,16
12556.0,4
45036.0,4
45048.0,18
2070.0,18
37700.0,10
31314.0,4
19035.0,5
50636.0,7
6220.0,19
18697.0,2
22006.0,8
55910.0,3
8601.0,22
52992.0,7
11566.0,16
11786.0,17
52998.0,2
53000.0,5
53002.0,8
52996.0,11
53006.0,2
53008.0,6
53004.0,4
52994.0,8
11813.0,16
11657.0,16
11933.0,16
60656.0,9
5656.0,37
11903.0,16
57434.0,6
57436.0,3
1967.0,11
11872.0,14
36644.0,4
57444.0,16
44863.0,6
8667.0,11
34142.0,4
45148.0,3
19080.0,28
9095.0,50
9943.0,59
49415.0,7
49401.0,1
34709.0,6
60281.0,9
11974.0,21
6488.0,29
6061.0,35
11589.0,17
41094.0,9
322.0,14
3243.0,6
34876.0,3
34890.0,3
34898.0,9
38931.0,5
1888.0,15
21000.0,17
55162.0,4
11527.0,16
55176.0,13
55200.0,26
46800.0,7
50322.0,3
11581.0,15
3725.0,16
11183.0,14
19077.0,2
11568.0,18
11627.0,14
58110.0,4
11599.0,17
38782.0,9
11902.0,15
3542.0,54
22032.0,15
10006.0,104
53820.0,8
11530.0,18
15.0,9
50472.0,2
6599.0,45
11922.0,22
3223.0,4
11693.0,13
3148.0,14
11973.0,15
11616.0,16
41587.0,2
33896.0,18
8273.0,18
11779.0,19
3191.0,16
50238.0,2
50226.0,6
11899.0,27
10312.0,18
11793.0,16
6560.0,30
5493.0,26
3299.0,75
11570.0,17
9248.0,31
36201.0,2
24000.0,8
2014.0,11
37854.0,7
8011.0,143
12541.0,4
45504.0,6
1124.0,5
47174.0,8
5568.0,33
55615.0,61
35108.0,6
61252.0,2
8765.0,24
42756.0,5
36064.0,10
11652.0,17
11600.0,15
55286.0,4
11821.0,16
5943.0,35
19031.0,2
51388.0,11
3743.0,22
33861.0,5
40482.0,4
19053.0,2
57652.0,5
45502.0,4
57670.0,5
6614.0,17
11766.0,14
8126.0,72
32770.0,12
2549.0,10
11558.0,14
16993.0,153
40448.0,8
49296.0,8
504.0,6
48934.0,6
48918.0,7
48922.0,7
48928.0,9
48920.0,7
48932.0,16
48924.0,11
6271.0,14
3190.0,12
11928.0,15
49670.0,38
7145.0,26
35742.0,5
37650.0,6
39216.0,5
11941.0,18
43580.0,4
9004.0,55
1818.0,13
7462.0,20
52274.0,5
59690.0,5
35478.0,8
11871.0,17
52000.0,27
12992.0,2
50933.0,1
40010.0,14
19150.0,6
59739.0,2
59408.0,4
55010.0,10
18088.0,97
4828.0,32
42106.0,5
54858.0,12
32870.0,2
32876.0,3
32890.0,9
19023.0,13
32900.0,2
39104.0,4
13225.0,3
12305.0,6
4586.0,38
1099.0,69
59838.0,8
11310.0,25
39058.0,11
48728.0,5
50213.0,2
11522.0,19
5202.0,22
19065.0,13
12300.0,13
39468.0,6
39474.0,4
2055.0,58
44550.0,10
22345.0,10
51077.0,1
13314.0,3
6555.0,30
2048.0,17
54618.0,10
53112.0,4
35644.0,6
59168.0,5
5478.0,16
41704.0,10
59666.0,15
5917.0,42
59964.0,7
11931.0,16
19012.0,5
48138.0,5
11885.0,20
17988.0,6
11733.0,16
11772.0,18
50264.0,4
37104.0,10
37120.0,3
58216.0,5
10005.0,83
3790.0,244
11848.0,21
3843.0,29
55553.0,47
57140.0,4
36422.0,4
29888.0,12
51424.0,9
11607.0,15
11826.0,16
20004.0,14
11750.0,17
11812.0,17
11960.0,16
19032.0,4
33899.0,22
54608.0,4
11776.0,14
11834.0,14
56206.0,4
11930.0,14
8536.0,23
51716.0,6
56543.0,2
33798.0,6
5521.0,28
34704.0,13
11662.0,14
55260.0,5
52714.0,5
52708.0,7
52722.0,9
52720.0,3
52718.0,5
52716.0,5
52724.0,16
52710.0,13
7005.0,44
11572.0,14
33640.0,1
53822.0,5
38892.0,13
3400.0,35
41838.0,5
44972.0,5
11715.0,16
37572.0,4
22016.0,6
14000.0,55
18000.0,27
6489.0,16
57646.0,3
41050.0,14
50710.0,6
40856.0,7
33434.0,5
54164.0,4
14403.0,20
48854.0,10
41132.0,7
41138.0,7
56192.0,8
41150.0,4
54710.0,6
8836.0,36
5481.0,33
42872.0,10
45792.0,13
46784.0,8
34360.0,8
11550.0,16
14423.0,2
46822.0,6
8103.0,52
11932.0,73
38222.0,11
46806.0,5
41628.0,8
13226.0,2
46810.0,10
63520.0,7
19030.0,2
9151.0,68
49244.0,8
6868.0,72
58550.0,7
62549.0,2
6068.0,20
36236.0,5
56390.0,4
11934.0,16
38000.0,7
19052.0,4
12001.0,20
39152.0,9
11573.0,16
43410.0,5
28702.0,9
42510.0,15
14555.0,2
52116.0,4
2352.0,18
4700.0,42
19019.0,2
46976.0,9
21381.0,11
34724.0,8
11877.0,29
40096.0,5
11723.0,17
43202.0,9
54070.0,3
11882.0,18
14084.0,5
41714.0,9
4829.0,40
19462.0,1
43224.0,4
57135.0,2
3900.0,18
60010.0,22
56392.0,4
56842.0,3
7890.0,133
56844.0,7
48638.0,7
53190.0,8
29200.0,2
8265.0,23
11921.0,14
52876.0,7
52892.0,8
11820.0,18
11838.0,22
5479.0,39
32952.0,10
22019.0,5
19004.0,9
54502.0,18
8849.0,36
3162.0,9
47378.0,5
13227.0,2
42956.0,17
42948.0,6
47236.0,9
39426.0,8
39010.0,6
6368.0,18
13220.0,2
11727.0,14
44090.0,3
11595.0,16
55762.0,5
48342.0,5
48354.0,9
48360.0,4
48362.0,6
48356.0,14
48378.0,5
48368.0,7
18518.0,7
53244.0,19
18609.0,6
3074.0,9
8701.0,23
54758.0,13
35794.0,3
11958.0,13
11956.0,19
11696.0,23
19086.0,8
11617.0,22
5471.0,22
37488.0,5
11.0,14
54230.0,8
53476.0,7
53466.0,4
11843.0,16
50158.0,5
45808.0,3
35730.0,13
9944.0,49
6690.0,22
11869.0,15
11760.0,17
54106.0,3
3060.0,9
16010.0,68
42523.0,2
13221.0,2
51160.0,7
51246.0,7
14863.0,2
51546.0,2
43822.0,4
52040.0,10
52396.0,3
42776.0,9
40389.0,12
34780.0,4
52733.0,3
34792.0,7
34748.0,7
44762.0,4
31762.0,6
51951.0,10
42528.0,8
51868.0,4
9918.0,27
4064.0,29
36956.0,4
36966.0,4
47740.0,5
8881.0,154
50999.0,27
53122.0,3
64165.0,3
61198.0,1
11559.0,15
40526.0,11
40500.0,8
1494.0,96
18077.0,4
60747.0,8
900.0,8
64289.0,7
36672.0,10
34918.0,12
2659.0,4
9910.0,28
11713.0,17
11618.0,18
9998.0,64
20051.0,16
55482.0,7
34554.0,7
55496.0,4
4497.0,22
20009.0,10
9029.0,50
59856.0,6
58055.0,2
56734.0,5
11845.0,17
56736.0,6
9014.0,51
40700.0,10
40710.0,3
40200.0,11
40712.0,4
40704.0,2
40202.0,2
40702.0,4
36192.0,6
38574.0,8
35216.0,4
2166.0,2
50086.0,5
5288.0,24
11780.0,16
8816.0,19
29996.0,3
5333.0,32
50005.0,25
11802.0,18
12469.0,9
37239.0,4
43046.0,4
32003.0,2
2064.0,8
4715.0,27
45026.0,2
46338.0,13
11886.0,16
51188.0,5
2809.0,10
8687.0,10
61929.0,4
6702.0,20
56256.0,5
60644.0,3
47536.0,6
32771.0,5
11628.0,20
11937.0,12
13500.0,2
5260.0,31
11822.0,16
11855.0,15
1177.0,86
33338.0,43
55254.0,8
43861.0,2
65365.0,6
19877.0,8
49151.0,8
12310.0,25
53951.0,8
21752.0,2
11797.0,12
11513.0,12
35182.0,6
45998.0,8
58986.0,9
13223.0,2
12452.0,10
2106.0,2
5633.0,22
21265.0,19
11940.0,16
34040.0,2
38542.0,8
11648.0,19
45214.0,5
29828.0,11
60806.0,5
52310.0,5
50042.0,7
50074.0,4
11923.0,18
33906.0,8
35628.0,5
11853.0,14
22570.0,8
37399.0,3
42676.0,8
11504.0,19
43478.0,7
54545.0,17
33630.0,4
34358.0,12
33708.0,3
33712.0,3
34356.0,5
33624.0,8
33720.0,8
34362.0,6
11544.0,18
11564.0,18
5483.0,25
2576.0,6
46420.0,10
11690.0,17
48958.0,5
52258.0,7
7025.0,37
45422.0,9
11554.0,12
51046.0,8
37284.0,5
45498.0,4
46868.0,5
40209.0,8
11580.0,14
34670.0,9
2637.0,1
54046.0,4
35308.0,5
55232.0,7
59456.0,4
51562.0,2
40929.0,2
11809.0,15
11993.0,17
35708.0,5
35728.0,4
35704.0,6
33100.0,8
35716.0,54
11892.0,19
11512.0,16
53148.0,7
11884.0,17
11800.0,16
5477.0,33
46430.0,6
9229.0,93
57512.0,7
11575.0,16
37888.0,6
11854.0,19
38748.0,11
11832.0,16
11649.0,17
38496.0,9
14006.0,9
11954.0,18
49314.0,12
22861.0,17
39535.0,2
11910.0,18
42308.0,4
39942.0,8
38214.0,4
38212.0,8
6772.0,18
12514.0,6
11880.0,16
11651.0,18
11891.0,18
33104.0,4
11578.0,17
11520.0,14
10045.0,32
43808.0,5
6763.0,18
58607.0,2
11694.0,16
6345.0,22
45563.0,1
5709.0,21
4059.0,20
212.0,17
36576.0,6
36574.0,7
36584.0,7
36588.0,6
36580.0,5
36586.0,9
52338.0,4
12356.0,10
61021.0,4
12357.0,10
49669.0,74
55268.0,3
11613.0,14
41371.0,6
34094.0,5
11783.0,15
40162.0,8
40184.0,7
39762.0,7
11757.0,16
49550.0,5
49827.0,6
48406.0,11
48416.0,3
48404.0,12
39914.0,3
28541.0,10
41144.0,2
11840.0,20
52388.0,6
37584.0,6
3881.0,16
3871.0,15
11876.0,14
26358.0,2
8714.0,13
22443.0,12
63746.0,13
8567.0,20
31944.0,2
10164.0,24
11814.0,14
41092.0,8
42878.0,5
790.0,37
42892.0,6
42906.0,7
50848.0,7
61355.0,2
47990.0,5
11737.0,17
50062.0,12
56799.0,1
22076.0,8
45374.0,4
60394.0,5
57822.0,10
2493.0,6
11983.0,18
11501.0,16
11745.0,17
41326.0,4
9631.0,43
12413.0,7
42823.0,3
11636.0,14
11611.0,16
8402.0,28
60076.0,9
55756.0,106
54038.0,5
41954.0,9
6615.0,18
5805.0,54
55840.0,7
11701.0,23
37598.0,3
37608.0,3
59942.0,9
12157.0,20
13222.0,2
56816.0,5
17163.0,3
11889.0,18
11829.0,16
11881.0,21
12278.0,6
34756.0,10
11841.0,16
39984.0,8
11158.0,20
45141.0,10
38112.0,14
38114.0,13
38116.0,7
38122.0,10
37792.0,5
38118.0,5
38120.0,7
38106.0,10
38110.0,11
60514.0,12
60524.0,13
40568.0,10
33520.0,8
33858.0,8
37498.0,4
11909.0,14
43158.0,9
11517.0,18
41471.0,3
4461.0,23
4445.0,33
49094.0,16
5487.0,16
45674.0,8
14101.0,4
50694.0,16
6717.0,18
46388.0,5
11924.0,14
18106.0,5
11864.0,18
37099.0,8
50988.0,6
11978.0,16
24160.0,2
24168.0,3
11804.0,18
16792.0,6
49798.0,7
49800.0,9
56877.0,1
49830.0,17
49832.0,4
49842.0,6
12236.0,6
7433.0,39
18954.0,3
39656.0,5
22710.0,1
18958.0,5
38822.0,12
11744.0,16
61776.0,2
54892.0,4
5613.0,33
45490.0,4
5952.0,26
18104.0,6
47530.0,5
47560.0,9
47566.0,9
47540.0,5
47528.0,12
47538.0,5
47556.0,5
60328.0,4
47548.0,4
51146.0,7
56831.0,1
45888.0,11
47954.0,7
47940.0,7
54714.0,4
59774.0,7
64037.0,3
34399.0,1
57430.0,7
5245.0,23
58666.0,6
57770.0,5
48168.0,10
11753.0,14
40282.0,2
11957.0,14
40286.0,4
11870.0,18
13224.0,8
49698.0,11
34560.0,6
49712.0,12
38270.0,9
38276.0,8
5274.0,32
11565.0,16
38282.0,9
33316.0,8
33310.0,3
51184.0,5
33330.0,3
34998.0,10
34042.0,4
34074.0,4
5484.0,20
47580.0,4
43950.0,6
11743.0,53
25768.0,3
36308.0,3
37513.0,3
36324.0,8
11692.0,19
60166.0,6
60200.0,7
48282.0,3
60172.0,3
35068.0,9
35076.0,6
37142.0,6
37158.0,3
37216.0,6
5486.0,20
48732.0,4
48720.0,10
49715.0,3
42030.0,3
17737.0,8
48740.0,7
33348.0,5
46695.0,1
9401.0,27
33362.0,7
48158.0,10
11890.0,17
12185.0,17
47928.0,5
56909.0,2
47932.0,8
11948.0,16
34694.0,7
34692.0,10
38656.0,7
38672.0,9
47422.0,8
38676.0,6
47438.0,5
33336.0,6
60774.0,5
60780.0,7
60776.0,4
39982.0,7
43932.0,8
43934.0,6
39121.0,2
11808.0,19
55560.0,6
39622.0,8
46665.0,1
1977.0,16
55572.0,7
55586.0,5
45174.0,16
26009.0,11
11539.0,24
47938.0,5
8161.0,55
47916.0,9
11805.0,16
58872.0,5
48292.0,3
48300.0,3
48308.0,8
51553.0,1
58886.0,11
55074.0,7
58892.0,11
38720.0,10
11593.0,16
50954.0,5
50962.0,6
50978.0,3
11716.0,18
38955.0,9
51446.0,8
47776.0,4
42793.0,1
12566.0,15
11547.0,16
11516.0,14
29080.0,12
2122.0,32
13216.0,2
34883.0,1
50066.0,7
11667.0,17
22806.0,1
45789.0,1
33726.0,4
54822.0,3
50120.0,3
51839.0,1
24442.0,32
11542.0,19
18085.0,32
11665.0,16
51894.0,4
51900.0,6
51902.0,5
34771.0,1
43248.0,5
22084.0,13
54776.0,13
54764.0,6
54762.0,7
54778.0,5
54760.0,7
60972.0,9
54768.0,6
54770.0,5
54766.0,4
57014.0,3
11508.0,15
51548.0,8
60832.0,6
57091.0,1
60082.0,15
40729.0,1
11587.0,16
11810.0,17
11555.0,25
36492.0,6
60916.0,10
41208.0,8
46398.0,9
12546.0,9
41220.0,9
41228.0,19
41232.0,17
55904.0,5
11803.0,16
53894.0,16
11790.0,14
11839.0,16
56248.0,10
45634.0,12
45616.0,5
45620.0,6
34781.0,1
5482.0,26
11675.0,16
9455.0,30
11860.0,15
22661.0,1
11827.0,16
2226.0,38
11563.0,20
57880.0,10
11711.0,17
58386.0,5
55618.0,8
55987.0,1
56598.0,6
11549.0,17
37435.0,5
59257.0,10
51340.0,7
45626.0,8
5470.0,19
50812.0,5
50814.0,8
38930.0,11
57935.0,14
11679.0,16
35316.0,3
46538.0,12
46542.0,4
46550.0,10
46546.0,4
46544.0,4
46536.0,13
46548.0,8
46552.0,11
46554.0,3
41067.0,9
6357.0,19
27988.0,13
1701.0,109
1455.0,104
7653.0,14
44996.0,6
40396.0,4
55325.0,8
11626.0,20
11749.0,16
11901.0,15
11506.0,16
25442.0,3
58108.0,4
58116.0,5
54062.0,15
54072.0,4
54074.0,5
60722.0,4
11943.0,17
11796.0,20
11919.0,15
11597.0,17
11677.0,18
11970.0,17
26697.0,4
40089.0,2
46262.0,6
22633.0,5
8877.0,39
11969.0,14
47603.0,2
29541.0,15
22096.0,14
33676.0,4
33706.0,4
33684.0,2
33696.0,12
28092.0,1
16444.0,2
34148.0,2
11951.0,19
11850.0,24
11831.0,21
49760.0,5
49756.0,7
49750.0,4
49746.0,8
49748.0,6
49764.0,5
11900.0,17
51660.0,5
49510.0,10
43308.0,8
35602.0,7
55677.0,13
2259.0,9
3830.0,20
3870.0,24
11977.0,17
11669.0,24
8121.0,29
47114.0,6
47098.0,3
47106.0,7
11680.0,22
11684.0,22
58921.0,4
11963.0,20
11705.0,16
11789.0,21
46500.0,6
50290.0,6
37163.0,2
53230.0,7
53236.0,7
53252.0,6
35764.0,11
53254.0,11
32950.0,8
40279.0,2
11615.0,16
11645.0,18
36650.0,9
56638.0,3
6993.0,18
55530.0,6
22422.0,8
48658.0,8
48670.0,8
48692.0,7
56907.0,12
11643.0,17
11523.0,18
11718.0,14
12304.0,6
21724.0,7
34830.0,9
34856.0,12
34846.0,7
34852.0,9
3773.0,17
11647.0,22
55906.0,2
55896.0,8
55900.0,4
55884.0,5
12516.0,8
11687.0,16
5475.0,18
5491.0,28
23611.0,11
38840.0,15
2250.0,13
11819.0,19
12351.0,21
36924.0,6
60050.0,16
11683.0,17
18239.0,4
12352.0,10
58796.0,10
58098.0,3
58786.0,7
58738.0,4
58752.0,8
37964.0,10
39662.0,6
37956.0,5
21185.0,1
60016.0,19
11538.0,14
13217.0,2
12354.0,21
65002.0,1
6010.0,33
11761.0,16
11935.0,17
50706.0,12
43136.0,16
9026.0,49
5160.0,38
11830.0,19
11646.0,18
24090.0,4
24114.0,4
16093.0,21
24106.0,1
11950.0,14
1500.0,111
11784.0,16
31801.0,2
52574.0,5
11806.0,16
11528.0,16
46016.0,10
46018.0,5
11926.0,16
46024.0,9
8460.0,52
57020.0,4
40028.0,15
40036.0,9
11534.0,14
21128.0,4
40052.0,8
11987.0,16
12355.0,5
12353.0,4
55870.0,3
2852.0,2
11975.0,16
59806.0,9
43197.0,7
7044.0,30
18544.0,2
11777.0,13
13218.0,2
11622.0,70
11888.0,17
49684.0,5
11371.0,20
58830.0,5
48376.0,5
48346.0,10
2315.0,2
33346.0,7
53389.0,23
33344.0,6
33350.0,2
33342.0,11
33352.0,7
11992.0,18
36336.0,10
18835.0,7
11642.0,16
11574.0,16
11868.0,16
52180.0,8
11738.0,17
11637.0,14
13219.0,2
21003.0,2
11996.0,16
11610.0,18
11557.0,14
41616.0,9
56144.0,9
11543.0,18
11916.0,16
11908.0,17
13214.0,2
6786.0,21
28768.0,6
42168.0,6
29092.0,211
58654.0,8
43672.0,9
37072.0,13
37076.0,12
37080.0,11
37088.0,9
12269.0,19
15455.0,2
3522.0,30
11537.0,17
11577.0,16
19709.0,6
8896.0,13
11920.0,35
32723.0,4
37159.0,3
33054.0,7
33056.0,4
33060.0,59
33062.0,2
33072.0,7
33058.0,7
33070.0,2
33068.0,4
33064.0,7
33066.0,10
60866.0,5
13210.0,2
11691.0,16
11561.0,19
59332.0,11
59344.0,6
5955.0,32
11778.0,18
11938.0,21
46250.0,2
50810.0,5
36536.0,6
43562.0,13
2478.0,6
60992.0,7
11730.0,15
38922.0,12
700.0,20
38818.0,12
38834.0,18
11799.0,14
51734.0,7
8605.0,19
11673.0,16
56466.0,6
55525.0,9
5469.0,25
11641.0,14
11927.0,17
5108.0,11
11999.0,14
45902.0,8
11844.0,24
1115.0,6
12398.0,8
45829.0,12
4994.0,34
7926.0,18
11698.0,16
58566.0,8
58552.0,7
58554.0,5
58558.0,4
58556.0,5
58560.0,7
58562.0,4
12349.0,27
5498.0,18
36710.0,8
8859.0,27
11521.0,20
36804.0,15
11914.0,16
58860.0,7
62014.0,6
57672.0,4
63397.0,6
53796.0,5
16140.0,18
55456.0,8
41464.0,4
58222.0,15
34282.0,8
35882.0,9
48256.0,8
27208.0,6
9150.0,32
37038.0,7
37046.0,10
36768.0,6
36782.0,9
6453.0,17
11601.0,37
11979.0,14
40596.0,6
47456.0,10
40634.0,5
47364.0,8
47376.0,6
47442.0,1
47426.0,6
47428.0,7
47334.0,2
47406.0,7
47454.0,3
10094.0,20
56923.0,1
53024.0,13
11754.0,16
16064.0,6
51986.0,13
39994.0,4
38998.0,8
11945.0,17
61281.0,1
5959.0,39
38394.0,18
28582.0,11
36476.0,7
39496.0,15
39484.0,4
11663.0,19
11729.0,17
11893.0,19
1465.0,6
33984.0,8
49522.0,7
49520.0,13
47516.0,13
46064.0,6
46066.0,4
46062.0,9
46068.0,4
46078.0,7
53357.0,8
7050.0,58
43172.0,5
5485.0,29
21244.0,14
5131.0,26
54082.0,5
47514.0,3
6562.0,18
51912.0,4
35988.0,9
35994.0,5
11971.0,22
1975.0,20
37198.0,7
3097.0,16
11925.0,17
16011.0,1
41081.0,6
34126.0,9
54250.0,4
11598.0,16
9523.0,25
33580.0,9
51235.0,9
43080.0,29
51004.0,42
63911.0,6
12486.0,9
11818.0,18
14144.0,2
7295.0,21
5490.0,33
41542.0,6
8593.0,16
44570.0,6
38791.0,5
11847.0,18
11532.0,19
58524.0,24
58532.0,18
50494.0,5
11594.0,16
9788.0,23
3379.0,25
41010.0,9
9024.0,38
11833.0,19
11661.0,17
33138.0,6
33152.0,12
11764.0,17
11836.0,21
37645.0,2
50998.0,22
24463.0,9
1343.0,12
33898.0,7
60256.0,8
11907.0,18
11644.0,17
58585.0,9
11709.0,18
7054.0,18
6359.0,20
55788.0,10
9993.0,65
33294.0,11
33296.0,6
33292.0,3
33306.0,7
33298.0,7
33308.0,8
33300.0,2
50257.0,5
5476.0,25
3833.0,19
65004.0,42
33592.0,8
47300.0,3
40301.0,6
31608.0,11
3344.0,48
32935.0,4
11706.0,16
11859.0,18
50722.0,8
50732.0,5
59587.0,10
42655.0,4
35790.0,8
59176.0,7
37702.0,6
51540.0,8
40454.0,18
10452.0,18
51886.0,3
18818.0,4
57692.0,6
51700.0,11
56428.0,2
13211.0,2
56434.0,6
47274.0,3
6538.0,19
51219.0,1
37274.0,8
37290.0,6
42526.0,9
41793.0,2
34204.0,3
8848.0,31
53930.0,6
41688.0,12
41686.0,6
41670.0,8
41684.0,5
41674.0,4
41672.0,8
56400.0,7
63732.0,8
35260.0,17
54280.0,6
8193.0,28
52842.0,4
11939.0,16
28716.0,6
50512.0,1
4419.0,12
36712.0,6
39182.0,10
34062.0,6
8065.0,32
12501.0,9
59554.0,2
59558.0,5
13212.0,2
59576.0,9
53016.0,7
53036.0,3
53026.0,8
39952.0,6
41014.0,5
11756.0,15
36045.0,1
1778.0,1
21967.0,1
40809.0,3
48107.0,4
8734.0,9
45518.0,5
27566.0,1
43526.0,3
44516.0,8
43732.0,12
46110.0,10
46432.0,8
51992.0,11
13213.0,2
25016.0,13
11936.0,16
19902.0,19
11640.0,15
11929.0,19
3596.0,33
5123.0,38
41429.0,2
12004.0,59
6513.0,73
55214.0,5
55238.0,3
55230.0,2
34032.0,5
11503.0,16
11614.0,17
57618.0,15
50246.0,6
8199.0,38
50160.0,12
59954.0,6
11997.0,14
59950.0,5
59940.0,9
59948.0,6
49950.0,13
13209.0,2
17755.0,2
11752.0,24
11552.0,19
11699.0,15
42462.0,5
42466.0,4
49324.0,8
39314.0,12
39310.0,12
1047.0,56
46180.0,7
11518.0,16
11714.0,17
25147.0,3
41204.0,10
41212.0,5
52734.0,4
6553.0,15
63595.0,6
58028.0,4
31900.0,5
11660.0,23
31902.0,2
31918.0,2
21524.0,2
17712.0,6
8846.0,28
44240.0,6
44216.0,6
25069.0,4
52060.0,7
42660.0,5
11751.0,16
11632.0,14
47890.0,5
28016.0,12
46796.0,3
12294.0,11
6539.0,21
2345.0,39
48108.0,2
11769.0,14
53872.0,8
53876.0,11
36234.0,9
53884.0,3
11986.0,16
11837.0,17
15722.0,2
11771.0,16
35140.0,9
11638.0,16
51130.0,3
20805.0,8
6243.0,18
38352.0,10
45114.0,4
5492.0,10
16042.0,8
51346.0,4
11571.0,12
39464.0,12
9520.0,26
52290.0,5
38642.0,7
38650.0,5
38660.0,10
38648.0,6
38652.0,10
38654.0,6
38644.0,7
38658.0,7
38662.0,9
11775.0,18
35280.0,7
35290.0,11
13205.0,2
54136.0,8
50756.0,4
46288.0,6
9750.0,21
1976.0,5
11758.0,18
46294.0,6
36004.0,12
11851.0,14
11656.0,24
55308.0,8
30701.0,9
42488.0,7
17689.0,26
6624.0,18
5929.0,29
39156.0,6
39146.0,6
39158.0,3
39142.0,12
39140.0,6
39154.0,9
61320.0,11
34346.0,4
46922.0,9
19907.0,2
52144.0,2
50198.0,9
64694.0,3
5474.0,21
41364.0,14
57783.0,12
11798.0,21
11984.0,18
60724.0,13
46162.0,7
7371.0,20
11603.0,20
46908.0,8
46912.0,7
5472.0,12
41108.0,8
9513.0,22
2218.0,6
11918.0,17
5181.0,46
11967.0,19
11748.0,17
46900.0,13
9154.0,37
12228.0,8
41295.0,13
32896.0,4
44452.0,2
50730.0,7
50738.0,5
4943.0,36
45556.0,5
52836.0,5
52840.0,5
52852.0,7
45736.0,6
11678.0,16
33614.0,6
3315.0,5
21973.0,6
60008.0,17
1985.0,21
31380.0,7
32834.0,7
47234.0,6
39466.0,8
39456.0,13
39462.0,9
39458.0,7
39450.0,5
11807.0,16
11953.0,18
11671.0,17
47332.0,6
47324.0,7
1410.0,6
53527.0,1
11856.0,14
40318.0,5
60254.0,2
11768.0,18
4524.0,48
3898.0,19
4744.0,33
11765.0,16
36716.0,4
42096.0,5
59050.0,3
52412.0,6
11787.0,14
12246.0,12
58192.0,16
53556.0,7
58198.0,10
50934.0,3
59752.0,6
11703.0,14
12133.0,20
40244.0,6
3464.0,4
38242.0,10
2311.0,8
11767.0,16
54154.0,6
5069.0,24
52280.0,3
40750.0,5
20852.0,2
49608.0,2
51906.0,8
51898.0,5
51908.0,7
51946.0,5
47522.0,14
29054.0,5
11629.0,15
2168.0,8
5622.0,23
46950.0,3
40932.0,5
8566.0,17
11774.0,18
51730.0,8
51740.0,11
51746.0,6
47822.0,6
65071.0,1
65149.0,4
47610.0,4
11895.0,12
40246.0,3
6994.0,11
39827.0,2
52100.0,7
38224.0,15
56270.0,5
22075.0,7
56274.0,7
56278.0,6
56276.0,5
56280.0,7
56264.0,3
56262.0,2
11624.0,18
56268.0,10
56266.0,4
11883.0,17
41760.0,5
41766.0,4
59562.0,4
41782.0,8
37934.0,7
11689.0,17
21230.0,11
11917.0,16
13206.0,2
50304.0,6
45350.0,14
50314.0,15
64218.0,1
11747.0,16
47762.0,7
11994.0,21
44694.0,5
42894.0,7
45688.0,9
1931.0,26
34672.0,7
43770.0,6
47564.0,7
42316.0,3
45598.0,12
11792.0,22
35460.0,3
13207.0,2
11740.0,44
6727.0,18
48302.0,10
39042.0,10
39048.0,6
54088.0,7
54092.0,7
38536.0,7
60362.0,8
43772.0,2
40948.0,3
11619.0,12
13208.0,6
8864.0,22
11710.0,16
58380.0,8
58412.0,3
6645.0,22
8311.0,23
44386.0,5
2233.0,32
1270.0,39
46846.0,5
13199.0,2
11763.0,17
11846.0,16
35338.0,5
43848.0,6
43856.0,5
53132.0,3
40273.0,5
60762.0,4
1858.0,8
44624.0,6
34120.0,10
48464.0,6
34256.0,5
34260.0,22
34268.0,5
34272.0,2
34264.0,8
34274.0,4
34262.0,6
34270.0,2
22698.0,2
37134.0,6
1820.0,3
13201.0,2
11702.0,16
4396.0,18
10205.0,32
11505.0,16
36286.0,3
53744.0,5
4543.0,41
55060.0,4
33320.0,9
41898.0,3
51090.0,17
32810.0,3
11672.0,16
11794.0,16
37580.0,6
37590.0,5
9252.0,30
11704.0,18
43720.0,8
39824.0,7
11755.0,16
11964.0,17
11732.0,17
58972.0,5
58976.0,5
58978.0,12
58970.0,5
58980.0,5
58982.0,6
4414.0,20
40402.0,7
55990.0,6
4133.0,18
52028.0,3
11739.0,17
52020.0,6
52038.0,8
60053.0,11
40331.0,2
11735.0,14
35082.0,10
11905.0,16
42532.0,8
33390.0,12
3098.0,6
54960.0,4
11579.0,17
42784.0,8
8117.0,119
11874.0,12
1969.0,12
6390.0,24
11736.0,21
11548.0,18
2003.0,83
3894.0,19
11947.0,14
11887.0,17
57988.0,6
58038.0,3
58364.0,8
58350.0,9
58358.0,5
58356.0,4
58360.0,7
34966.0,9
34940.0,10
34956.0,10
6998.0,39
55928.0,7
55932.0,2
55938.0,9
40655.0,4
46960.0,6
5551.0,24
39945.0,2
40601.0,2
7681.0,56
55988.0,8
35370.0,4
56062.0,5
35724.0,6
2568.0,12
35756.0,8
55234.0,6
55240.0,3
41752.0,10
58152.0,8
32080.0,21
46210.0,7
11989.0,17
37617.0,2
11878.0,14
39912.0,11
3048.0,6
1812.0,10
11981.0,16
11817.0,16
36628.0,7
36640.0,6
6200.0,25
11650.0,21
11717.0,21
11653.0,16
3862.0,20
56352.0,3
46022.0,10
43068.0,4
4743.0,35
33082.0,9
9507.0,38
60986.0,5
8637.0,20
36778.0,7
36780.0,5
36796.0,4
36802.0,6
11659.0,19
49198.0,5
38398.0,6
55042.0,11
55026.0,7
55038.0,11
55022.0,14
55034.0,8
55050.0,8
55012.0,7
55030.0,8
55018.0,6
8916.0,25
39399.0,2
60932.0,3
36764.0,3
60948.0,7
60950.0,5
60960.0,4
21328.0,14
44620.0,3
40896.0,9
48270.0,4
11982.0,15
54338.0,4
6428.0,16
50046.0,8
59484.0,5
40984.0,8
60636.0,5
16024.0,13
29399.0,1
39738.0,8
55418.0,2
55426.0,6
55424.0,15
55408.0,4
55410.0,6
55428.0,7
55412.0,11
55414.0,7
55416.0,11
37102.0,13
54938.0,16
14163.0,1
11535.0,19
43026.0,5
24802.0,8
46580.0,7
5671.0,163
39956.0,4
52508.0,6
48396.0,8
11686.0,16
23072.0,4
49280.0,4
11560.0,16
11915.0,18
11639.0,17
1966.0,13
43988.0,3
11546.0,14
8072.0,27
11913.0,16
4662.0,38
8947.0,16
9501.0,30
37716.0,5
11722.0,14
46278.0,3
57272.0,7
55642.0,11
55656.0,5
35600.0,5
41332.0,4
59322.0,12
48834.0,4
39538.0,8
48840.0,13
48846.0,4
51708.0,7
51720.0,8
51724.0,7
51706.0,10
51718.0,6
51710.0,8
51714.0,7
51712.0,11
13202.0,5
39744.0,6
40748.0,5
52046.0,9
52084.0,10
52056.0,8
52106.0,3
52096.0,8
52122.0,5
48058.0,7
48040.0,12
41430.0,9
48042.0,6
48076.0,4
2362.0,23
47974.0,7
39008.0,6
52686.0,20
52696.0,3
11946.0,24
50192.0,5
50208.0,2
37652.0,12
52736.0,6
52744.0,4
60418.0,6
60432.0,5
60444.0,4
60460.0,3
52758.0,6
60408.0,4
38272.0,19
60464.0,5
60468.0,5
60484.0,5
60486.0,11
38280.0,10
38296.0,6
11857.0,16
38302.0,13
38310.0,6
38318.0,11
38330.0,9
38336.0,15
38340.0,10
38346.0,12
53162.0,6
53164.0,2
53184.0,6
53226.0,12
42626.0,5
53212.0,7
42622.0,6
42630.0,6
42654.0,8
6374.0,19
42640.0,5
42666.0,3
42684.0,6
37896.0,9
37910.0,10
37924.0,6
35853.0,3
37940.0,8
37918.0,7
47722.0,10
37942.0,7
38640.0,10
52014.0,2
52024.0,9
37958.0,6
45580.0,8
45594.0,10
11912.0,13
45656.0,7
52950.0,7
52962.0,4
45632.0,5
45644.0,8
52966.0,13
53022.0,5
11949.0,17
32886.0,5
53014.0,6
37410.0,4
32898.0,4
32924.0,5
10788.0,18
32914.0,5
32920.0,6
53548.0,5
32956.0,9
34840.0,6
56202.0,8
56258.0,6
56204.0,3
56230.0,2
56244.0,10
56290.0,4
59614.0,11
59618.0,6
59634.0,3
59676.0,4
59646.0,3
59662.0,5
59678.0,7
48572.0,10
48554.0,6
48560.0,11
48564.0,6
48586.0,12
48600.0,9
48602.0,2
48580.0,8
48584.0,5
36224.0,10
37164.0,5
37148.0,6
37174.0,8
37182.0,10
37196.0,8
47550.0,6
47578.0,7
47600.0,6
39609.0,2
47622.0,11
55288.0,3
47608.0,5
47634.0,5
55326.0,3
55342.0,4
55292.0,9
55356.0,9
55370.0,8
55380.0,8
55394.0,5
49444.0,3
49466.0,5
49474.0,4
49490.0,6
49492.0,5
5306.0,21
4143.0,16
49488.0,4
38350.0,12
34492.0,7
53030.0,9
53032.0,8
53010.0,6
13203.0,2
36500.0,7
53058.0,4
35832.0,3
53062.0,13
53068.0,6
57150.0,1
57128.0,11
45560.0,15
57174.0,4
57176.0,7
57180.0,5
45572.0,3
55134.0,5
57078.0,7
57074.0,8
47702.0,5
47690.0,12
47704.0,9
38072.0,7
47712.0,6
47706.0,5
47724.0,8
47738.0,7
32988.0,6
34678.0,16
44728.0,6
44716.0,6
44726.0,12
44710.0,5
44734.0,8
44712.0,8
44736.0,8
34732.0,5
34710.0,4
34726.0,3
34746.0,6
34760.0,7
34766.0,6
42712.0,3
12152.0,28
42696.0,6
57306.0,6
42728.0,6
42746.0,8
42760.0,5
42770.0,10
56810.0,4
56818.0,4
56834.0,6
56802.0,8
56866.0,4
56884.0,2
56892.0,8
56848.0,4
56868.0,10
56864.0,6
53348.0,4
53368.0,4
53372.0,9
53388.0,7
53422.0,2
53392.0,8
53408.0,7
23456.0,56
7222.0,40
8850.0,33
39830.0,7
13204.0,2
11609.0,21
11795.0,15
3380.0,80
11726.0,16
43494.0,7
11695.0,30
9343.0,28
34638.0,4
43012.0,3
43016.0,5
43020.0,13
99.0,18
43264.0,6
64824.0,2
58372.0,3
45284.0,5
2618.0,6
9505.0,37
52888.0,13
57298.0,9
42346.0,6
46612.0,5
11668.0,18
37662.0,2
39478.0,6
39492.0,11
39486.0,6
39748.0,3
39480.0,3
56366.0,4
48776.0,6
48792.0,3
13194.0,11
33542.0,5
34281.0,6
41432.0,7
41444.0,9
41456.0,8
41460.0,5
32017.0,6
19944.0,4
36000.0,16
11991.0,10
6809.0,21
44508.0,5
56020.0,12
56624.0,9
7.0,19
11865.0,19
11658.0,17
46628.0,4
58078.0,11
36462.0,11
58336.0,5
11801.0,16
41734.0,5
48512.0,6
57044.0,7
12416.0,12
20984.0,2
56284.0,7
56286.0,3
56288.0,6
56282.0,4
50521.0,2
37731.0,2
35696.0,3
36188.0,5
35694.0,3
55934.0,6
11562.0,17
37787.0,5
52648.0,10
36554.0,5
44246.0,3
44260.0,9
8061.0,40
36642.0,8
21152.0,2
50122.0,7
56138.0,3
56148.0,6
37496.0,9
37420.0,6
37922.0,4
38028.0,7
38078.0,13
38400.0,17
37688.0,5
38388.0,5
37666.0,5
37790.0,8
37752.0,11
38090.0,6
38038.0,7
37972.0,8
37998.0,5
37644.0,5
37720.0,17
38150.0,10
37846.0,9
38204.0,9
38252.0,13
38274.0,6
38476.0,7
38456.0,22
38474.0,9
7199.0,44
44424.0,7
18082.0,54
44092.0,9
44094.0,5
12378.0,12
44110.0,7
39935.0,2
40802.0,5
41324.0,7
41935.0,2
44284.0,7
4037.0,19
11842.0,18
48836.0,5
3158.0,4
40110.0,10
5874.0,23
37214.0,6
37226.0,6
55876.0,12
39324.0,15
35246.0,8
11944.0,15
11861.0,16
41810.0,13
6022.0,139
47868.0,4
47872.0,18
45852.0,12
34130.0,4
34136.0,4
37183.0,2
6113.0,21
35050.0,5
45980.0,8
48686.0,5
48100.0,16
48092.0,5
48098.0,3
50594.0,4
19776.0,9
48088.0,11
47000.0,28
53881.0,2
46004.0,8
21330.0,18
54490.0,24
20892.0,13
56124.0,5
51924.0,11
39611.0,2
40366.0,8
34308.0,9
49708.0,5
37558.0,10
37544.0,6
37570.0,7
33012.0,5
11734.0,19
56716.0,6
9104.0,35
33669.0,7
55250.0,3
55258.0,2
11586.0,18
45740.0,5
11988.0,17
46996.0,2
33460.0,6
60124.0,9
33388.0,9
40846.0,4
39624.0,9
39638.0,5
39640.0,5
39626.0,3
39632.0,10
39628.0,12
53643.0,1
43602.0,5
45419.0,7
43632.0,26
43975.0,1
43404.0,3
41624.0,14
56140.0,5
3144.0,19
57610.0,7
6502.0,30
11545.0,16
9052.0,42
33366.0,3
5804.0,64
33652.0,6
38698.0,14
23138.0,2
34742.0,6
57520.0,9
60047.0,5
49524.0,12
38524.0,14
34960.0,6
56944.0,6
48118.0,5
24030.0,2
23632.0,3
44834.0,5
47825.0,3
28987.0,6
45524.0,8
41524.0,15
60096.0,11
57960.0,9
57964.0,9
57974.0,5
57986.0,2
57990.0,9
45356.0,8
45368.0,14
45364.0,13
45372.0,4
45370.0,9
45366.0,5
29000.0,8
6754.0,18
54314.0,12
8585.0,190
45666.0,22
44108.0,7
44021.0,7
4843.0,45
51624.0,9
39667.0,2
6318.0,23
1370.0,6
60652.0,4
40100.0,7
48124.0,11
5097.0,19
36666.0,4
58494.0,4
51454.0,3
58510.0,5
37302.0,8
10933.0,29
53124.0,11
11592.0,17
11961.0,14
13195.0,3
55392.0,3
64424.0,4
9056.0,23
44794.0,8
44792.0,7
44786.0,5
44796.0,7
44800.0,4
44790.0,4
44798.0,3
6320.0,20
42424.0,17
42438.0,1
42452.0,5
10797.0,22
39024.0,12
12540.0,52
19394.0,2
60092.0,13
60112.0,5
55044.0,11
3006.0,22
55768.0,3
2058.0,20
55776.0,7
6431.0,20
48756.0,7
48748.0,9
48750.0,10
21866.0,2
21664.0,2
21676.0,2
64392.0,1
10222.0,51
11998.0,17
46232.0,9
5693.0,17
26776.0,1
56786.0,9
52772.0,7
49423.0,2
21755.0,2
39989.0,3
25566.0,14
11378.0,21
37424.0,20
37536.0,11
60478.0,6
13196.0,3
822.0,18
53400.0,13
53396.0,3
53402.0,6
53390.0,14
34864.0,6
2196.0,6
55874.0,5
56898.0,4
34934.0,4
34936.0,9
57352.0,4
34952.0,12
50600.0,13
1957.0,89
20164.0,6
9715.0,24
20237.0,2
60456.0,4
60422.0,4
60466.0,15
60474.0,7
58448.0,8
48122.0,4
13197.0,2
46130.0,12
45940.0,3
38052.0,7
47164.0,5
53792.0,5
10780.0,27
56854.0,4
40094.0,4
50356.0,9
44468.0,10
49600.0,10
43344.0,6
41806.0,6
50984.0,9
50986.0,3
50972.0,8
50980.0,3
50982.0,4
43924.0,10
13198.0,2
11631.0,22
57642.0,4
13193.0,2
55294.0,4
53434.0,9
8294.0,23
39045.0,2
9213.0,47
20600.0,17
61612.0,1
43314.0,6
1913.0,40
40858.0,7
24556.0,3
47736.0,7
47366.0,10
13189.0,7
24733.0,4
5640.0,30
34874.0,5
39346.0,6
21327.0,17
35490.0,10
41165.0,2
49824.0,14
51772.0,6
55048.0,3
55036.0,2
43936.0,4
55650.0,8
37774.0,7
55908.0,8
36664.0,7
10789.0,21
3791.0,24
37255.0,3
21315.0,14
3701.0,19
24852.0,2
41724.0,9
60074.0,12
91.0,24
9019.0,40
34284.0,6
9655.0,23
56932.0,9
36096.0,6
49454.0,3
49460.0,3
40716.0,6
40056.0,7
40060.0,9
40068.0,5
40066.0,4
40062.0,6
50942.0,4
34624.0,8
42954.0,4
42946.0,2
53312.0,9
44652.0,5
51684.0,14
50156.0,6
43444.0,3
8433.0,46
64624.0,4
11720.0,21
56824.0,9
35443.0,4
57443.0,7
46986.0,2
46994.0,5
47008.0,12
54498.0,48
22336.0,1
29640.0,8
54442.0,9
40764.0,6
56200.0,4
56462.0,4
48126.0,6
48114.0,7
15399.0,17
38990.0,7
38974.0,7
34124.0,14
33016.0,2
33032.0,12
1122.0,24
37574.0,4
22040.0,7
37165.0,3
45412.0,10
56384.0,4
56388.0,6
42968.0,4
53882.0,6
11746.0,18
33258.0,7
45918.0,6
39758.0,6
50013.0,21
60302.0,6
60300.0,8
60306.0,8
60298.0,6
60288.0,5
60294.0,3
60296.0,19
60292.0,7
60304.0,1
55058.0,4
9006.0,38
41739.0,2
11721.0,17
41346.0,5
42506.0,4
41352.0,9
3352.0,14
55078.0,5
11514.0,14
58406.0,5
49922.0,5
49908.0,4
51824.0,10
20114.0,1
56028.0,6
25000.0,20
33252.0,6
47060.0,6
40228.0,4
42224.0,12
5536.0,17
42944.0,3
48424.0,7
54120.0,3
16401.0,4
11835.0,16
52078.0,3
52082.0,6
8047.0,44
51810.0,9
41669.0,2
6161.0,55
51162.0,5
38442.0,3
59882.0,5
51166.0,7
16744.0,2
46506.0,6
9149.0,32
52768.0,9
43226.0,6
47312.0,4
39020.0,8
55072.0,4
59118.0,3
6350.0,16
17623.0,2
18068.0,9
13944.0,2
50924.0,10
55600.0,9
23389.0,33
56040.0,9
47886.0,5
47640.0,9
47904.0,4
47896.0,7
47898.0,3
47884.0,13
47906.0,3
47902.0,5
48176.0,4
2828.0,6
40834.0,8
7473.0,93
8875.0,20
17898.0,1
57774.0,2
43364.0,5
2154.0,14
13190.0,3
44443.0,10
52800.0,6
45876.0,10
52526.0,6
1645.0,9
39245.0,2
44280.0,3
41086.0,8
41098.0,4
41100.0,7
41096.0,6
41082.0,8
53694.0,8
56900.0,4
56886.0,8
56912.0,8
10771.0,18
46902.0,6
46914.0,9
9877.0,63
8003.0,194
37252.0,6
54368.0,6
11111.0,52
37806.0,8
52443.0,4
32888.0,7
13191.0,2
33562.0,5
45752.0,7
15674.0,2
13192.0,2
1245.0,25
58048.0,5
58060.0,7
58058.0,6
3137.0,14
35010.0,5
35018.0,4
35020.0,3
35016.0,4
35024.0,6
35022.0,4
10795.0,17
35012.0,3
13579.0,29
43318.0,5
49458.0,7
7441.0,26
49366.0,5
49388.0,13
49396.0,11
18028.0,9
33212.0,4
49825.0,1
44576.0,6
44608.0,4
46654.0,6
52266.0,7
51322.0,6
51314.0,4
35153.0,15
44380.0,5
13184.0,2
56524.0,6
42518.0,13
40458.0,12
40460.0,5
40464.0,7
58238.0,6
44172.0,3
40476.0,6
38205.0,3
51798.0,6
7799.0,30
58178.0,3
18800.0,10
29355.0,2
55548.0,7
52068.0,10
52070.0,5
38824.0,6
43542.0,2
54817.0,1
55167.0,1
55472.0,5
47228.0,6
55724.0,8
21311.0,15
5558.0,26
53924.0,6
43918.0,5
43195.0,1
40924.0,8
58906.0,4
42278.0,2
57578.0,4
55829.0,1
3401.0,15
13454.0,1
26015.0,9
40952.0,8
60020.0,12
7548.0,90
54990.0,6
56812.0,4
45224.0,8
56778.0,13
56808.0,3
56794.0,4
56790.0,8
56782.0,9
12529.0,7
41646.0,7
13185.0,2
9160.0,121
37404.0,8
54456.0,4
39724.0,13
9245.0,41
50532.0,1
6601.0,25
22072.0,2
39842.0,9
55186.0,3
42740.0,2
39334.0,6
56114.0,7
35421.0,2
58908.0,7
40082.0,5
12528.0,7
39746.0,7
22302.0,7
39392.0,6
2600.0,68
25524.0,5
65000.0,21
9053.0,37
50866.0,6
11232.0,15
52816.0,5
52810.0,5
52824.0,4
52826.0,6
52812.0,7
52820.0,2
52814.0,8
48568.0,2
36634.0,2
48000.0,9
47984.0,16
6066.0,50
4008.0,31
52957.0,1
41807.0,1
49052.0,6
58130.0,8
58122.0,8
59467.0,2
37892.0,6
52928.0,8
37738.0,6
38324.0,11
14100.0,18
32772.0,5
46736.0,7
46670.0,3
3844.0,18
21325.0,21
47414.0,6
37622.0,8
12532.0,2
39230.0,5
33400.0,14
46036.0,7
58092.0,4
46050.0,5
46038.0,6
6874.0,14
46046.0,11
49016.0,9
45220.0,3
3270.0,15
20500.0,27
9037.0,36
37222.0,8
12240.0,4
6337.0,18
8485.0,32
38446.0,8
46660.0,11
36140.0,3
54856.0,4
12296.0,14
60058.0,11
14344.0,15
9206.0,29
64016.0,1
36592.0,6
42408.0,6
42400.0,4
6432.0,26
42802.0,7
42808.0,6
42824.0,8
21266.0,16
20384.0,2
49310.0,9
51006.0,8
58434.0,7
58454.0,5
58378.0,12
58512.0,2
58458.0,5
58400.0,10
58522.0,7
58488.0,7
58474.0,2
58498.0,7
58574.0,8
35960.0,5
35328.0,5
40486.0,7
12443.0,50
3831.0,19
52044.0,8
34542.0,4
51124.0,7
39179.0,2
9492.0,25
6591.0,19
51122.0,11
40931.0,5
1956.0,96
35666.0,5
33738.0,6
33744.0,6
37365.0,2
53450.0,7
53448.0,3
53442.0,11
53440.0,4
34060.0,7
57674.0,6
36736.0,6
18752.0,2
36728.0,6
9446.0,40
61800.0,9
32848.0,6
17640.0,1
46750.0,9
46758.0,3
60356.0,5
56452.0,8
63524.0,5
5963.0,40
59306.0,3
33428.0,4
57904.0,7
39737.0,2
50392.0,3
44234.0,7
32946.0,5
33380.0,6
33182.0,8
31852.0,2
23390.0,16
60634.0,5
50006.0,32
50012.0,39
33333.0,37
1912.0,97
13186.0,2
40224.0,5
40210.0,3
15831.0,14
57190.0,4
25080.0,11
49504.0,8
49704.0,8
50104.0,22
53418.0,6
13187.0,2
33940.0,10
60396.0,5
38632.0,11
46314.0,7
44478.0,5
59850.0,4
1082.0,9
44124.0,11
13188.0,2
13183.0,2
53976.0,9
12854.0,2
53980.0,4
33982.0,3
65124.0,5
39570.0,9
34180.0,8
59764.0,5
36404.0,7
36414.0,8
36418.0,9
36416.0,3
36396.0,7
48130.0,5
3303.0,12
51486.0,2
51504.0,8
51512.0,2
41758.0,9
13933.0,4
7933.0,16
57766.0,6
730.0,2
13179.0,3
41278.0,4
2986.0,6
8602.0,45
37524.0,9
41394.0,5
51840.0,5
51830.0,10
59132.0,9
45424.0,10
33090.0,6
33074.0,8
33080.0,14
33076.0,9
57742.0,11
2735.0,1
5310.0,27
32965.0,1
20815.0,1
6663.0,19
12394.0,4
5342.0,55
21007.0,1
17624.0,4
16137.0,1
22095.0,3
5326.0,18
17618.0,1
27373.0,1
3657.0,15
19835.0,1
12402.0,1
51040.0,7
36830.0,6
36832.0,1
36834.0,7
53080.0,8
49880.0,5
34184.0,7
32906.0,12
40824.0,10
7444.0,53
57872.0,5
63389.0,17
41738.0,8
41748.0,6
3879.0,21
58382.0,5
56604.0,7
33598.0,2
33590.0,4
33596.0,3
33602.0,4
33604.0,2
33606.0,2
20053.0,20
47024.0,8
47042.0,9
57614.0,4
33194.0,2
33200.0,7
40392.0,10
37161.0,1
28039.0,110
36220.0,4
52592.0,13
12886.0,2
12884.0,2
33324.0,8
55968.0,9
38414.0,9
1752.0,2
49192.0,3
64024.0,4
43578.0,6
9489.0,37
33476.0,6
39096.0,12
19962.0,2
33490.0,6
37982.0,8
37992.0,4
19974.0,3
52604.0,8
6017.0,19
33981.0,1
48056.0,6
48072.0,6
39773.0,2
5778.0,22
6198.0,22
37454.0,3
47104.0,5
37450.0,6
37452.0,17
37446.0,7
37456.0,7
37458.0,2
37448.0,5
37440.0,5
52446.0,9
47144.0,5
28996.0,5
28756.0,1
55872.0,4
29236.0,5
5953.0,30
59842.0,6
4225.0,18
44310.0,14
24333.0,2
36906.0,5
33960.0,8
6762.0,19
16755.0,2
47054.0,4
46178.0,4
46188.0,9
46176.0,5
46182.0,6
46172.0,6
46190.0,7
46184.0,3
42970.0,7
43210.0,5
55150.0,3
21274.0,25
51054.0,6
52124.0,5
49928.0,3
61044.0,2
38126.0,9
5230.0,22
6543.0,56
40114.0,5
12216.0,4
57344.0,3
65224.0,5
47644.0,2
53224.0,14
38548.0,6
51914.0,3
51918.0,7
51910.0,12
26536.0,1
10302.0,30
55860.0,6
27908.0,4
25029.0,3
51442.0,3
3781.0,23
3157.0,12
41152.0,10
55844.0,7
13955.0,2
3562.0,36
50136.0,7
58902.0,8
58924.0,5
36548.0,4
36546.0,8
31880.0,7
36556.0,3
16047.0,5
63390.0,5
27482.0,2
51443.0,12
22052.0,7
58292.0,8
54928.0,6
21288.0,12
42404.0,4
9086.0,34
40972.0,5
43390.0,8
33166.0,5
33176.0,4
45432.0,2
5686.0,17
49646.0,8
49652.0,6
51296.0,5
39430.0,7
39414.0,8
39428.0,8
39432.0,9
39416.0,7
39418.0,6
39424.0,6
39422.0,4
60122.0,10
60138.0,10
36144.0,6
33224.0,8
6802.0,19
13180.0,2
53046.0,5
41924.0,14
58788.0,5
47828.0,3
47844.0,11
45474.0,6
56478.0,7
35446.0,6
35462.0,8
60580.0,7
1952.0,91
51655.0,2
39184.0,7
13181.0,2
46720.0,5
42109.0,4
54598.0,5
54602.0,6
54590.0,5
54604.0,6
54594.0,5
54586.0,5
54596.0,8
54592.0,5
5339.0,26
21318.0,8
47080.0,22
12153.0,18
8981.0,27
64224.0,9
48476.0,7
48484.0,2
13182.0,2
49682.0,17
52358.0,9
13174.0,4
34404.0,6
34388.0,5
40580.0,10
56080.0,9
56722.0,3
6269.0,20
53542.0,10
10793.0,19
43558.0,12
51376.0,8
52500.0,4
8165.0,89
46952.0,7
52510.0,1
52514.0,5
63324.0,7
49044.0,7
41625.0,2
10794.0,18
50806.0,10
50790.0,5
50792.0,9
50798.0,4
50804.0,11
50808.0,11
50794.0,2
4737.0,31
50110.0,10
3434.0,37
40532.0,14
50490.0,4
12088.0,13
13175.0,2
40414.0,6
40426.0,6
40954.0,11
50556.0,4
3772.0,18
37818.0,6
35812.0,2
35820.0,6
33478.0,14
35683.0,1
8807.0,19
39578.0,9
39582.0,9
39592.0,9
39590.0,6
39584.0,7
39588.0,9
39594.0,8
55000.0,22
56744.0,7
49300.0,7
49316.0,6
3858.0,17
4410.0,45
25944.0,4
56914.0,6
56916.0,5
48816.0,13
40108.0,4
4159.0,27
22855.0,2
40990.0,5
40980.0,7
39004.0,9
38788.0,13
38784.0,14
8069.0,178
56034.0,9
38480.0,4
22853.0,5
6631.0,16
9480.0,30
43712.0,5
46588.0,9
52224.0,12
36377.0,5
34564.0,5
34572.0,4
54124.0,10
4528.0,34
40234.0,7
40240.0,6
59792.0,10
48822.0,15
59766.0,1
1974.0,12
35200.0,7
35198.0,10
35196.0,5
35208.0,9
35192.0,16
2786.0,6
57648.0,2
45324.0,9
62924.0,6
27622.0,5
39251.0,2
8860.0,41
6878.0,15
33234.0,4
33248.0,5
5957.0,28
8108.0,51
59832.0,2
65324.0,6
59862.0,5
53596.0,7
57246.0,4
56324.0,8
40662.0,33
60476.0,8
60480.0,4
5495.0,40
48208.0,2
8573.0,8
42686.0,4
58804.0,4
58806.0,6
58800.0,8
58782.0,10
57170.0,8
44420.0,15
44432.0,5
44446.0,29
54730.0,4
45264.0,6
49484.0,57
42600.0,7
42616.0,4
35494.0,9
35504.0,4
35514.0,3
29244.0,4
39296.0,3
50762.0,9
50760.0,5
41878.0,3
21299.0,11
59836.0,11
29630.0,2
2208.0,50
29622.0,2
41103.0,2
37324.0,11
21754.0,2
21758.0,2
61124.0,15
62222.0,22
13733.0,2
50024.0,13
52926.0,6
8183.0,83
33776.0,10
61104.0,4
45388.0,7
59886.0,11
40794.0,10
59888.0,3
20744.0,4
45402.0,6
20752.0,2
50320.0,11
50324.0,8
50312.0,2
50308.0,3
50310.0,4
50306.0,14
50316.0,3
52316.0,4
44636.0,5
39003.0,2
57736.0,4
6629.0,19
8549.0,26
10014.0,28
3816.0,16
55966.0,8
9997.0,139
44873.0,9
31555.0,7
38786.0,11
21324.0,12
55958.0,6
3986.0,43
50496.0,4
5281.0,13
53470.0,3
40271.0,4
50782.0,6
50788.0,6
50778.0,7
50774.0,5
50776.0,1
50784.0,11
50786.0,5
50772.0,7
61824.0,6
33502.0,11
33510.0,6
13176.0,2
40123.0,3
58040.0,9
52660.0,8
13177.0,2
48628.0,6
3632.0,18
35152.0,8
42844.0,13
51024.0,5
5250.0,31
52970.0,12
10048.0,43
36568.0,12
41461.0,2
39556.0,7
13178.0,2
36504.0,3
41366.0,9
39798.0,5
42936.0,4
44162.0,1
44174.0,5
44186.0,5
43688.0,4
4104.0,22
34438.0,5
13533.0,2
8493.0,44
60904.0,5
60906.0,10
60910.0,5
60914.0,9
60918.0,7
60920.0,5
60912.0,4
60908.0,3
60922.0,4
13144.0,4
51204.0,5
51212.0,5
51226.0,3
3819.0,16
49548.0,7
53574.0,5
49562.0,6
16095.0,14
13172.0,2
3405.0,21
50568.0,4
50584.0,6
25702.0,2
25786.0,6
45992.0,9
45990.0,4
45982.0,4
45988.0,13
45994.0,4
38464.0,9
38458.0,5
33628.0,2
49224.0,5
14190.0,8
58960.0,4
57148.0,5
57160.0,6
46164.0,6
59028.0,5
63046.0,4
59210.0,6
16132.0,2
16124.0,2
27974.0,2
56178.0,8
6035.0,75
60700.0,5
60706.0,6
1471.0,39
56186.0,8
42806.0,9
55454.0,6
55450.0,5
42548.0,12
8858.0,25
34938.0,5
34950.0,3
34944.0,10
34946.0,5
34942.0,10
34954.0,13
42888.0,5
46918.0,6
38854.0,13
38864.0,10
35736.0,13
25055.0,6
56024.0,10
13173.0,2
35094.0,6
35088.0,5
35106.0,5
38489.0,7
55148.0,5
23254.0,1
55986.0,6
43384.0,5
43366.0,3
43378.0,8
43376.0,4
43386.0,6
43382.0,3
46292.0,3
43982.0,4
54920.0,6
51744.0,7
52394.0,7
53838.0,6
9250.0,34
55310.0,6
44440.0,7
44442.0,6
48880.0,9
47224.0,5
46574.0,7
18034.0,7
54412.0,7
29799.0,8
115.0,16
39892.0,6
8935.0,28
41552.0,9
46934.0,8
53330.0,7
53340.0,11
23644.0,2
32754.0,2
60026.0,6
40431.0,3
12348.0,23
40766.0,4
40772.0,6
40776.0,14
40770.0,5
43484.0,9
43486.0,11
59816.0,4
42428.0,10
42444.0,7
42460.0,2
42470.0,9
8182.0,51
5022.0,61
6961.0,19
49924.0,8
39702.0,7
9247.0,34
5708.0,20
45164.0,3
58965.0,1
57824.0,6
50758.0,4
43048.0,8
43042.0,3
43038.0,2
43036.0,8
43032.0,5
43028.0,7
10783.0,16
39330.0,7
41532.0,12
41517.0,7
33158.0,8
54661.0,1
57946.0,4
8190.0,36
6481.0,16
46576.0,8
46606.0,7
12393.0,5
2410.0,6
57432.0,5
39544.0,12
24255.0,2
39552.0,7
61259.0,1
39615.0,4
6469.0,18
46300.0,21
46312.0,5
41438.0,5
9992.0,56
56575.0,31
44242.0,3
44238.0,5
44254.0,8
44248.0,3
44236.0,4
44232.0,7
55914.0,5
55926.0,7
46688.0,10
59018.0,5
40682.0,10
38494.0,7
38482.0,6
38510.0,9
33826.0,14
46258.0,15
13143.0,4
50824.0,6
12172.0,6
41863.0,2
6771.0,17
58132.0,4
58134.0,3
58124.0,5
3811.0,16
55242.0,12
13169.0,2
53228.0,5
36530.0,7
9207.0,34
26923.0,6
21273.0,14
8246.0,27
54624.0,11
13170.0,2
26900.0,13
41510.0,7
41182.0,13
13171.0,2
45462.0,6
55178.0,6
43616.0,3
6843.0,19
51790.0,7
51806.0,9
51820.0,7
51814.0,8
43662.0,6
13164.0,2
39127.0,2
4460.0,31
54846.0,8
54244.0,10
54254.0,1
9473.0,21
34416.0,6
36394.0,3
20044.0,6
23791.0,24
53954.0,4
6658.0,19
32990.0,5
2888.0,17
54328.0,7
38781.0,8
43818.0,7
6069.0,18
47056.0,2
47048.0,10
3885.0,20
5673.0,29
8075.0,49
36026.0,4
36008.0,9
35996.0,7
36036.0,7
36032.0,6
47626.0,5
36014.0,6
57908.0,6
35526.0,3
58220.0,7
60572.0,9
60368.0,3
60380.0,2
12396.0,8
39057.0,2
24805.0,4
56858.0,3
56874.0,8
35512.0,8
35508.0,4
21285.0,11
35510.0,7
8041.0,56
36910.0,14
12487.0,13
49184.0,7
37576.0,5
6580.0,26
39714.0,7
13165.0,2
52182.0,9
43500.0,6
37560.0,5
51559.0,1
46244.0,6
46266.0,11
46252.0,13
46256.0,3
46264.0,9
42235.0,8
46246.0,11
41632.0,13
57820.0,5
53736.0,8
25453.0,3
52740.0,6
21321.0,12
42347.0,4
37369.0,1
40284.0,7
41696.0,5
5956.0,28
25044.0,3
50072.0,7
3090.0,11
36984.0,9
36994.0,7
36980.0,16
36978.0,5
36996.0,6
36992.0,4
36986.0,6
49770.0,6
42006.0,7
41992.0,10
35034.0,5
56628.0,11
16012.0,52
56640.0,4
35810.0,3
51434.0,5
60204.0,10
60216.0,3
48898.0,13
10844.0,19
22974.0,2
29958.0,5
22970.0,2
29962.0,2
29974.0,8
34454.0,7
34444.0,10
50781.0,1
56632.0,6
53565.0,1
21295.0,11
25990.0,11
5161.0,10
60668.0,6
5639.0,23
10380.0,24
21298.0,13
8910.0,32
34080.0,8
34050.0,3
34064.0,6
59212.0,8
44584.0,5
44588.0,5
48848.0,5
59498.0,8
5950.0,42
60698.0,5
9888.0,46
60057.0,14
35984.0,1
53171.0,1
11452.0,14
43252.0,12
42142.0,6
58844.0,3
58846.0,13
58854.0,5
58850.0,6
58852.0,4
58848.0,1
58858.0,3
36940.0,5
36936.0,3
41962.0,13
41970.0,6
33986.0,4
57968.0,6
33852.0,6
52870.0,8
38406.0,9
60140.0,4
4100.0,79
41761.0,3
44244.0,5
54952.0,5
49318.0,3
49400.0,4
59697.0,1
48768.0,7
48764.0,3
48772.0,2
48778.0,10
48762.0,4
48770.0,3
6780.0,14
46594.0,8
16082.0,18
25913.0,4
36954.0,3
37186.0,7
41630.0,8
41636.0,8
6447.0,66
50106.0,8
42250.0,8
54664.0,4
48714.0,9
34582.0,8
8445.0,113
56402.0,2
12383.0,9
57082.0,3
57112.0,5
44256.0,5
33204.0,6
44268.0,11
44278.0,6
44288.0,6
33216.0,16
37436.0,6
37468.0,5
37542.0,13
37554.0,8
33358.0,5
33370.0,8
33382.0,10
55436.0,5
55474.0,9
55444.0,5
42594.0,10
44814.0,5
6313.0,20
44826.0,3
33114.0,3
33128.0,3
33142.0,6
44012.0,5
44032.0,4
44036.0,4
51726.0,5
13166.0,11
44220.0,7
38940.0,8
45870.0,11
10059.0,62
64170.0,3
43986.0,3
39470.0,4
25452.0,5
44940.0,6
64172.0,6
44984.0,14
47256.0,5
44946.0,6
44962.0,2
44974.0,12
44986.0,12
59480.0,9
34818.0,7
59510.0,5
34834.0,5
59486.0,5
25978.0,2
56954.0,5
40034.0,8
36826.0,5
14428.0,2
36844.0,7
41188.0,6
41214.0,8
51394.0,3
51392.0,6
51384.0,7
51380.0,6
51386.0,6
51382.0,2
51390.0,8
41218.0,8
9800.0,186
43784.0,6
44328.0,4
44370.0,4
44890.0,8
44896.0,7
44906.0,9
48344.0,6
55922.0,2
44938.0,5
57544.0,8
43554.0,7
43568.0,8
43594.0,4
43582.0,6
55002.0,8
55008.0,7
55024.0,3
44182.0,4
44190.0,4
44214.0,5
34206.0,4
5701.0,31
34226.0,8
34238.0,5
34246.0,8
45810.0,12
34242.0,4
53734.0,4
53740.0,6
45834.0,4
37890.0,7
45840.0,6
45846.0,15
34722.0,9
45850.0,7
43107.0,2
21627.0,1
34730.0,2
34736.0,4
34758.0,5
46002.0,3
46032.0,2
8191.0,26
8422.0,36
36474.0,6
39534.0,10
36490.0,5
34700.0,2
36502.0,4
36512.0,4
12467.0,22
36518.0,6
43768.0,3
42779.0,2
43762.0,6
43778.0,7
56118.0,9
56112.0,5
56108.0,4
56132.0,3
37002.0,4
56134.0,6
37006.0,2
37022.0,9
35352.0,5
37034.0,10
37054.0,8
47222.0,3
47252.0,11
13168.0,2
43828.0,6
43840.0,3
40854.0,15
40864.0,2
40880.0,7
40886.0,16
60846.0,4
60854.0,6
60860.0,6
24033.0,2
60822.0,7
60840.0,9
60848.0,6
35150.0,9
35158.0,6
34570.0,3
35172.0,6
35962.0,6
39860.0,8
39870.0,10
39878.0,3
60228.0,2
60262.0,5
48420.0,3
48430.0,3
48432.0,4
48440.0,7
48452.0,6
56986.0,4
56998.0,4
57004.0,10
57012.0,4
57018.0,4
63554.0,1
51978.0,4
53404.0,2
9453.0,24
55140.0,5
55170.0,6
55182.0,5
13159.0,2
47090.0,12
55196.0,8
47134.0,12
47118.0,6
47160.0,4
47148.0,17
47168.0,9
52858.0,10
55452.0,11
44114.0,8
60040.0,16
44122.0,6
44132.0,3
33157.0,1
47244.0,6
20084.0,18
59552.0,5
41054.0,6
52324.0,6
52184.0,3
52452.0,8
52458.0,4
12508.0,2
20476.0,28
59580.0,7
6375.0,21
44706.0,10
37866.0,7
2108.0,16
10035.0,35
59440.0,2
7019.0,40
21294.0,12
3793.0,25
9230.0,29
45772.0,1
45780.0,5
50440.0,8
44960.0,7
2530.0,6
13160.0,2
36084.0,7
36102.0,11
36072.0,3
36090.0,4
36070.0,5
36080.0,6
36066.0,4
36076.0,9
18052.0,14
35864.0,5
5535.0,25
5914.0,28
53642.0,4
40652.0,5
2762.0,69
37773.0,2
7063.0,21
46566.0,7
13072.0,3
12338.0,9
37044.0,14
46472.0,8
60812.0,3
35530.0,3
3159.0,13
9133.0,42
49972.0,4
49984.0,11
49976.0,11
49978.0,6
49988.0,10
49982.0,11
49986.0,9
52752.0,5
43676.0,43
48422.0,5
55481.0,12
6341.0,23
41550.0,10
25293.0,8
59973.0,1
54236.0,5
8428.0,37
41675.0,2
47852.0,6
47854.0,2
59374.0,10
49166.0,5
39026.0,13
39022.0,9
39016.0,8
39012.0,8
39014.0,4
25391.0,3
52538.0,9
10778.0,14
7171.0,29
55252.0,7
49432.0,4
39881.0,4
37348.0,6
5195.0,31
54958.0,4
45151.0,1
7201.0,19
35009.0,9
33842.0,5
3765.0,20
56806.0,6
37640.0,10
37642.0,7
25333.0,4
12477.0,3
41070.0,5
48426.0,3
38334.0,10
38338.0,5
38342.0,9
38332.0,9
38348.0,10
35992.0,6
35998.0,4
44520.0,6
35400.0,6
35394.0,6
3463.0,2
3133.0,8
60516.0,3
50646.0,3
36456.0,3
49888.0,14
36565.0,6
39869.0,14
54450.0,6
33394.0,11
33398.0,3
33412.0,7
38860.0,11
46531.0,2
39225.0,3
58182.0,8
58186.0,3
58194.0,2
58180.0,10
58184.0,7
58196.0,5
58188.0,7
57804.0,5
44782.0,12
27163.0,6
44822.0,1
35588.0,4
53610.0,10
43719.0,1
63990.0,1
44418.0,5
6755.0,31
21256.0,20
41854.0,5
35294.0,7
8055.0,41
40616.0,6
40374.0,11
13434.0,2
39958.0,9
56738.0,4
58612.0,6
53314.0,5
53316.0,4
53322.0,7
37132.0,9
53326.0,5
53328.0,4
14136.0,2
21084.0,9
9018.0,35
57394.0,9
39219.0,2
13161.0,3
5214.0,88
55066.0,6
41508.0,8
51201.0,11
53742.0,7
53766.0,4
53756.0,7
53780.0,11
39497.0,2
40878.0,12
65238.0,4
62836.0,2
45526.0,7
45528.0,7
57734.0,6
41989.0,2
27770.0,2
57658.0,5
13455.0,2
59784.0,7
59794.0,2
59800.0,11
1947.0,30
56924.0,4
42309.0,1
54908.0,7
38062.0,7
40259.0,2
51128.0,4
41932.0,8
41936.0,8
41930.0,8
41938.0,9
41926.0,6
41934.0,4
41920.0,6
64724.0,2
62443.0,6
16433.0,2
49860.0,3
56652.0,5
44824.0,6
4244.0,32
44180.0,3
35250.0,10
56862.0,4
36714.0,6
21248.0,16
13162.0,2
41140.0,5
64524.0,5
49234.0,5
6610.0,19
49218.0,11
52830.0,6
39692.0,6
10786.0,17
56888.0,6
56902.0,10
5978.0,23
43724.0,5
37283.0,2
13158.0,2
55124.0,15
7401.0,23
56502.0,5
56512.0,2
7786.0,28
48252.0,6
42002.0,6
55734.0,8
41988.0,4
41996.0,9
4415.0,19
13155.0,2
63624.0,7
42754.0,4
34916.0,4
8150.0,29
65220.0,1
60666.0,6
34114.0,7
42830.0,5
42846.0,4
42852.0,5
25105.0,14
39740.0,7
16311.0,5
33802.0,1
33796.0,6
33806.0,3
33792.0,5
33810.0,1
33804.0,5
33808.0,6
5954.0,25
7173.0,22
6372.0,23
6844.0,19
32812.0,5
58897.0,1
53550.0,7
58907.0,1
35906.0,9
58941.0,1
58947.0,1
58959.0,1
58963.0,1
40904.0,9
6706.0,18
10911.0,45
60322.0,3
60350.0,5
60334.0,6
48540.0,11
12392.0,4
45116.0,8
20037.0,10
6657.0,17
55855.0,5
46037.0,1
2682.0,6
16018.0,7
42952.0,9
38790.0,9
38798.0,4
38796.0,4
18105.0,7
33582.0,6
21258.0,12
2602.0,6
16034.0,2
52034.0,3
44366.0,6
6336.0,16
61624.0,2
60886.0,2
54340.0,5
6331.0,45
49624.0,7
37181.0,2
38228.0,8
38238.0,10
21081.0,15
34480.0,5
14825.0,4
57317.0,2
57321.0,1
34000.0,5
34012.0,7
45924.0,5
45914.0,12
45920.0,5
45912.0,11
45916.0,5
10036.0,31
41160.0,9
41172.0,5
13060.0,4
11081.0,98
13078.0,5
13064.0,6
22640.0,2
13086.0,4
3824.0,25
22650.0,2
9447.0,28
34747.0,2
39515.0,4
18794.0,2
44506.0,4
34470.0,1
14903.0,16
51044.0,3
51060.0,3
51066.0,5
46666.0,6
46682.0,6
16101.0,27
33970.0,1
44480.0,7
42232.0,7
42218.0,2
39298.0,10
42234.0,21
42378.0,6
22490.0,2
5884.0,20
31858.0,2
31866.0,2
52234.0,92
40640.0,10
65186.0,6
36968.0,3
27390.0,3
44364.0,3
58442.0,5
63598.0,3
63600.0,2
12428.0,11
16262.0,3
40620.0,9
37681.0,2
43086.0,3
40832.0,6
19618.0,2
57336.0,7
19622.0,2
43098.0,6
43090.0,11
43060.0,3
19632.0,2
44460.0,13
19644.0,2
44464.0,12
57340.0,10
1813.0,89
10947.0,21
59256.0,8
40192.0,5
53481.0,2
63562.0,6
44013.0,3
52436.0,4
11254.0,20
11258.0,12
8102.0,38
20238.0,4
52901.0,1
52624.0,7
52630.0,3
54156.0,54
40966.0,2
49130.0,7
4405.0,21
40369.0,2
7979.0,94
3381.0,52
38448.0,5
60702.0,3
53240.0,9
31312.0,7
52168.0,11
48676.0,3
37124.0,12
40251.0,2
54186.0,4
54188.0,9
54204.0,5
38076.0,9
5961.0,43
45052.0,7
49632.0,15
49636.0,4
49634.0,13
49622.0,6
43920.0,8
16432.0,2
49121.0,6
16422.0,4
38370.0,13
39051.0,2
29394.0,4
11233.0,18
40021.0,6
37638.0,9
48889.0,8
36100.0,8
36104.0,9
20480.0,2
20498.0,4
20494.0,4
58477.0,1
63284.0,2
63296.0,2
63306.0,4
43914.0,7
43926.0,5
35511.0,6
10249.0,37
9034.0,27
53174.0,5
53176.0,8
53172.0,7
53170.0,11
53168.0,6
53158.0,8
61921.0,1
53772.0,10
9136.0,28
58206.0,9
8533.0,27
49464.0,8
49378.0,5
49384.0,7
9221.0,27
51501.0,1
49338.0,8
44261.0,1
15432.0,4
59348.0,7
21284.0,10
16063.0,6
46938.0,5
40923.0,2
6516.0,8
3873.0,25
21282.0,25
3823.0,25
54922.0,4
6311.0,16
36774.0,4
50910.0,9
50914.0,7
50918.0,5
47922.0,5
47926.0,10
47930.0,5
52622.0,2
52582.0,4
36691.0,1
6367.0,17
3863.0,19
18133.0,2
49930.0,7
49936.0,4
5068.0,31
8160.0,25
47278.0,5
47294.0,4
13157.0,4
5962.0,33
9266.0,28
56246.0,3
13154.0,2
58324.0,7
47352.0,8
25733.0,2
13156.0,2
58867.0,1
2056.0,8
38158.0,11
46228.0,6
46212.0,5
46218.0,7
46222.0,6
46248.0,7
55746.0,4
45232.0,2
50105.0,7
45586.0,6
42110.0,3
42118.0,3
52755.0,2
59914.0,9
874.0,4
13150.0,2
45064.0,6
53600.0,5
35120.0,3
42778.0,8
32544.0,4
4306.0,22
5721.0,26
5698.0,29
8186.0,41
30648.0,1
30660.0,1
40487.0,4
5696.0,34
43212.0,7
43214.0,5
43200.0,4
43208.0,6
43198.0,4
43196.0,4
43204.0,7
56380.0,6
27898.0,1
44534.0,6
45503.0,1
44538.0,2
56700.0,4
41764.0,4
51460.0,10
48582.0,4
48596.0,8
50608.0,4
16070.0,4
390.0,4
29634.0,1
6398.0,14
52294.0,8
8457.0,23
63744.0,4
403.0,12
49230.0,6
47424.0,9
48870.0,9
37400.0,8
6689.0,16
41600.0,7
10909.0,45
34008.0,5
34024.0,2
34030.0,8
41694.0,4
48688.0,5
15598.0,2
34964.0,7
47966.0,6
47982.0,10
12167.0,9
56216.0,8
56208.0,5
56212.0,6
56222.0,44
56220.0,13
12390.0,14
58808.0,12
75.0,2
5958.0,17
12482.0,11
6711.0,20
56578.0,5
56574.0,3
56224.0,12
38682.0,11
33869.0,1
34800.0,2
3332.0,15
42320.0,1
1983.0,15
2542.0,7
2526.0,9
3334.0,9
3764.0,23
26099.0,8
57126.0,4
57118.0,7
4018.0,45
42996.0,6
33968.0,3
33964.0,4
33956.0,7
5960.0,35
4696.0,31
43868.0,2
43872.0,6
43864.0,3
43858.0,9
43874.0,3
43878.0,8
35064.0,11
35066.0,14
38194.0,9
61550.0,2
10430.0,63
14026.0,18
42620.0,7
717.0,12
6576.0,18
15768.0,2
50112.0,13
49742.0,9
953.0,16
46776.0,1
15712.0,2
39212.0,2
52152.0,6
43832.0,5
60708.0,7
12778.0,2
43192.0,6
43190.0,6
61542.0,2
38182.0,7
44454.0,6
44472.0,6
60438.0,5
47287.0,1
6779.0,12
6521.0,9
53094.0,4
47338.0,3
40198.0,9
3384.0,76
30776.0,5
49912.0,13
49902.0,14
54652.0,8
6328.0,20
58914.0,6
58912.0,7
1577.0,94
47618.0,4
44836.0,5
44852.0,12
58444.0,8
52494.0,2
44276.0,6
60765.0,1
12252.0,7
21300.0,26
60794.0,7
60810.0,16
3735.0,15
60818.0,3
6494.0,20
39596.0,6
46608.0,9
3795.0,21
2450.0,8
60400.0,7
60416.0,6
35964.0,7
30892.0,4
41853.0,2
8033.0,101
65090.0,2
65094.0,4
29452.0,2
39495.0,2
40032.0,6
9306.0,79
18310.0,2
18324.0,2
54819.0,1
21164.0,2
60664.0,4
63276.0,7
29018.0,2
43232.0,6
56442.0,2
56426.0,4
55978.0,4
6693.0,25
8843.0,38
48538.0,8
48552.0,7
41946.0,8
48544.0,3
48546.0,7
48556.0,4
58298.0,3
50354.0,5
34418.0,7
50638.0,7
50626.0,4
25652.0,2
18050.0,2
48959.0,1
34424.0,5
15200.0,2
38012.0,9
12336.0,21
5599.0,34
6526.0,20
25146.0,10
59508.0,5
46436.0,5
59863.0,1
21287.0,9
9244.0,31
62156.0,6
10790.0,27
62160.0,2
43780.0,9
10935.0,29
50612.0,10
34660.0,8
5544.0,27
29972.0,2
45550.0,13
62456.0,5
45562.0,3
45538.0,15
62462.0,2
40342.0,5
9269.0,25
6308.0,33
39977.0,2
19733.0,2
56089.0,3
34897.0,1
55822.0,6
55804.0,7
55818.0,5
18890.0,2
41016.0,5
44270.0,1
44252.0,5
44266.0,7
44262.0,5
44264.0,7
50836.0,9
59392.0,5
39360.0,5
9069.0,32
3750.0,21
51680.0,8
10066.0,33
13149.0,2
49046.0,10
45862.0,7
59268.0,3
59282.0,13
43584.0,8
9916.0,23
34558.0,7
13151.0,2
44333.0,64
19636.0,4
27155.0,2
58418.0,17
8053.0,26
34810.0,5
23046.0,2
16504.0,2
31001.0,10
13152.0,6
56552.0,7
12758.0,2
60230.0,13
60246.0,3
12760.0,8
46657.0,2
59040.0,3
24693.0,5
35304.0,2
35282.0,5
35302.0,5
35292.0,3
35310.0,4
21234.0,10
25567.0,14
53144.0,5
45900.0,11
48940.0,4
41710.0,7
56830.0,2
7400.0,27
46676.0,5
46680.0,5
36230.0,5
9442.0,23
55752.0,5
58328.0,4
58342.0,3
56406.0,5
58344.0,10
51644.0,6
51652.0,3
46332.0,3
18349.0,7
63458.0,2
65332.0,2
5994.0,26
63158.0,2
35680.0,6
63174.0,7
18072.0,6
61844.0,4
12321.0,20
36216.0,4
55506.0,7
63099.0,2
34506.0,1
34510.0,5
5851.0,23
18036.0,6
17080.0,7
17110.0,3
17096.0,2
63434.0,2
63444.0,5
34052.0,9
26844.0,2
832.0,14
63446.0,2
18600.0,2
46746.0,12
22105.0,16
48022.0,12
48028.0,6
38094.0,7
38092.0,14
13153.0,2
38100.0,10
38096.0,5
38098.0,3
38104.0,4
46766.0,9
48188.0,3
7325.0,24
55492.0,14
39828.0,8
3840.0,25
43532.0,5
43556.0,3
12183.0,16
3372.0,4
7078.0,33
25444.0,8
2504.0,88
48690.0,4
39877.0,2
41958.0,5
61754.0,2
21002.0,7
56508.0,7
28540.0,6
28562.0,2
28546.0,4
1292.0,8
26106.0,4
51860.0,5
26094.0,2
50080.0,37
50015.0,14
50014.0,29
6685.0,11
37826.0,9
35360.0,2
49751.0,8
6314.0,16
50020.0,14
38047.0,9
8137.0,30
42592.0,5
42604.0,4
42588.0,7
42602.0,4
42596.0,4
42606.0,7
40248.0,14
32368.0,6
16404.0,12
60556.0,13
16038.0,17
50021.0,10
50412.0,7
5850.0,24
54980.0,4
6400.0,24
46274.0,14
51418.0,23
61970.0,2
29310.0,2
18017.0,28
6024.0,30
41658.0,14
41666.0,8
35500.0,4
34186.0,6
36483.0,1
48162.0,3
46940.0,10
5279.0,23
35930.0,6
6759.0,52
35416.0,6
37618.0,10
42856.0,8
40118.0,7
10240.0,32
54030.0,3
40104.0,3
40112.0,6
40106.0,10
3978.0,56
37126.0,7
9039.0,29
59834.0,10
59840.0,7
59852.0,15
477.0,12
41406.0,5
42216.0,4
2081.0,16
14900.0,15
49892.0,5
49894.0,4
54258.0,8
64328.0,1
54262.0,11
64332.0,3
36754.0,8
16049.0,6
52784.0,6
52788.0,5
49883.0,2
35766.0,2
35786.0,5
41698.0,5
35750.0,5
35752.0,7
35762.0,6
35746.0,2
35758.0,6
35760.0,4
35754.0,5
35624.0,7
49606.0,7
36538.0,21
36128.0,6
51560.0,3
22533.0,19
43748.0,5
95.0,18
39920.0,4
21247.0,10
50370.0,6
41477.0,2
42704.0,4
40395.0,2
3160.0,10
21316.0,9
3288.0,13
46502.0,2
58214.0,6
59500.0,6
46668.0,3
59042.0,14
4821.0,30
6455.0,22
38372.0,9
51936.0,7
6007.0,64
3142.0,5
58882.0,6
37778.0,20
35078.0,6
35074.0,3
35084.0,4
35090.0,8
35086.0,7
48830.0,3
43636.0,7
5270.0,30
45614.0,5
8171.0,31
37492.0,7
43039.0,2
40784.0,11
5856.0,21
7348.0,20
425.0,6
55158.0,11
49010.0,12
33828.0,13
6014.0,31
26086.0,6
33812.0,2
6018.0,21
57814.0,3
57810.0,4
57818.0,5
57816.0,3
47296.0,4
34172.0,2
4095.0,23
18293.0,2
54288.0,7
45376.0,8
58546.0,4
36700.0,5
36702.0,6
13145.0,2
56008.0,5
7373.0,19
42306.0,3
36061.0,3
3732.0,18
50040.0,4
56590.0,1
31482.0,39
33262.0,8
45764.0,5
49870.0,20
49882.0,5
49876.0,6
49858.0,4
49874.0,7
49854.0,4
49866.0,8
56032.0,5
55192.0,6
18056.0,4
12694.0,45
22081.0,4
13146.0,4
35228.0,7
55772.0,2
42066.0,5
37276.0,2
13147.0,2
16065.0,9
44598.0,7
26034.0,2
40345.0,80
26026.0,2
36002.0,9
50474.0,7
11392.0,17
6082.0,22
13148.0,2
3850.0,20
54272.0,2
6296.0,18
60836.0,6
17652.0,2
44228.0,5
17662.0,3
54578.0,4
25654.0,8
26020.0,2
3342.0,21
48722.0,10
1557.0,63
4041.0,14
39926.0,11
19341.0,1
62883.0,1
12733.0,2
47504.0,6
63348.0,3
8945.0,37
49242.0,13
49238.0,10
49248.0,6
49240.0,3
49250.0,12
49236.0,4
9590.0,30
38380.0,14
10034.0,32
51686.0,3
11212.0,26
28012.0,3
28014.0,3
54640.0,10
58990.0,6
64692.0,3
33466.0,1
3356.0,4
35395.0,1
40308.0,17
17252.0,4
65354.0,2
54672.0,5
25470.0,5
17466.0,2
52580.0,5
59172.0,4
17470.0,2
27552.0,2
38772.0,10
26370.0,2
41716.0,11
56370.0,8
18338.0,4
45308.0,9
41720.0,10
45310.0,3
45322.0,2
18650.0,5
38678.0,7
38674.0,8
17185.0,33
24864.0,7
60956.0,9
60946.0,7
40936.0,10
53506.0,6
60966.0,8
14350.0,2
52478.0,3
32686.0,2
9212.0,47
56910.0,2
65368.0,3
51650.0,7
59438.0,6
9204.0,46
45921.0,2
53106.0,10
18006.0,7
60584.0,4
60101.0,3
41156.0,16
32761.0,2
42933.0,4
43628.0,6
39438.0,2
9710.0,24
27009.0,4
37152.0,5
37156.0,5
46882.0,6
46898.0,7
54536.0,9
33888.0,11
17720.0,2
3309.0,4
55468.0,2
57860.0,9
43698.0,4
14824.0,4
14840.0,6
2700.0,2
48894.0,2
45200.0,7
8196.0,39
55070.0,3
51096.0,8
41540.0,5
32762.0,2
22552.0,2
37748.0,7
41360.0,6
37764.0,7
41374.0,6
39498.0,7
51481.0,3
46570.0,5
46582.0,4
51967.0,1
47064.0,5
38881.0,28
33448.0,2
33454.0,2
33450.0,3
33444.0,2
33446.0,5
33458.0,4
33456.0,6
33442.0,4
33440.0,5
58774.0,3
53558.0,4
53568.0,2
46034.0,13
53578.0,6
3560.0,26
52146.0,7
47574.0,2
47238.0,4
47552.0,6
18040.0,6
37306.0,3
37320.0,6
37334.0,10
55798.0,5
16601.0,15
37732.0,6
60882.0,4
38402.0,8
60898.0,4
54004.0,6
54018.0,5
44982.0,6
37048.0,5
37062.0,6
40689.0,2
33844.0,5
49202.0,7
49220.0,7
59528.0,9
40216.0,6
59542.0,9
5911.0,38
59726.0,10
59742.0,3
38086.0,5
8170.0,35
60014.0,14
52370.0,6
52380.0,5
46460.0,5
56764.0,6
33832.0,8
56754.0,6
42440.0,4
44518.0,7
40726.0,6
40740.0,7
40754.0,6
50284.0,4
58154.0,6
3118.0,11
58162.0,5
58170.0,6
41032.0,5
4377.0,26
43034.0,4
41038.0,5
47420.0,9
47416.0,8
50920.0,13
54443.0,4
33848.0,6
59722.0,4
21272.0,15
56090.0,6
56100.0,10
44908.0,5
44926.0,7
60748.0,8
56226.0,2
56238.0,8
54274.0,3
43668.0,3
43684.0,7
44912.0,11
44924.0,3
53755.0,2
46564.0,8
38622.0,8
34190.0,8
60376.0,7
56596.0,4
56606.0,7
42980.0,3
41820.0,6
5190.0,92
40818.0,5
25552.0,2
48654.0,6
37838.0,6
9454.0,36
59874.0,4
60028.0,5
9156.0,29
60052.0,4
41770.0,7
41794.0,8
36086.0,7
60766.0,3
37018.0,8
40268.0,2
59198.0,8
59234.0,5
59216.0,6
54144.0,8
112.0,2
51436.0,1
33538.0,2
33494.0,2
33534.0,6
33492.0,10
33482.0,1
33480.0,3
57914.0,5
52764.0,6
9398.0,38
38628.0,9
7100.0,41
35044.0,9
38752.0,14
49656.0,4
32845.0,1
40350.0,10
34002.0,2
50078.0,4
1946.0,8
50628.0,8
50632.0,6
61655.0,2
57976.0,3
36120.0,5
36124.0,7
54006.0,4
9140.0,40
60316.0,3
60958.0,2
55516.0,11
33318.0,1
33334.0,2
36330.0,3
42150.0,4
42140.0,7
29682.0,7
42144.0,4
42364.0,5
49667.0,60
6606.0,23
60236.0,13
53250.0,7
44542.0,6
60218.0,6
60974.0,12
60988.0,4
49962.0,11
59930.0,9
40346.0,8
40786.0,8
40796.0,11
52644.0,5
38298.0,11
41940.0,10
37994.0,8
38312.0,15
38992.0,11
40262.0,4
53526.0,11
48248.0,6
42998.0,3
48254.0,9
50902.0,3
59404.0,3
59418.0,4
48988.0,13
41776.0,9
53798.0,5
41718.0,2
41728.0,5
33484.0,3
44740.0,4
36510.0,13
36522.0,6
36534.0,6
59922.0,3
50332.0,5
43550.0,2
43560.0,4
55780.0,14
48345.0,1
38410.0,5
36223.0,5
51456.0,3
25009.0,7
36068.0,6
41302.0,3
47870.0,10
47876.0,3
49556.0,3
53878.0,6
42904.0,7
2847.0,6
8156.0,34
20225.0,2
50950.0,4
60182.0,4
56956.0,4
56938.0,3
56948.0,6
56964.0,1
56966.0,5
56934.0,2
56968.0,2
56928.0,2
34368.0,11
36176.0,8
36182.0,7
36168.0,6
54008.0,6
13140.0,2
13139.0,2
9061.0,32
38802.0,8
38808.0,7
62319.0,1
13141.0,2
50714.0,6
40983.0,6
50718.0,5
50728.0,9
44582.0,3
25084.0,9
17082.0,7
8162.0,39
3115.0,4
43834.0,5
54820.0,7
51369.0,1
53738.0,3
57478.0,6
57480.0,4
57490.0,8
41467.0,4
6557.0,16
51072.0,3
51070.0,6
58652.0,5
45826.0,12
45832.0,4
38779.0,12
50816.0,7
59104.0,64
28616.0,2
34265.0,4
33870.0,2
33599.0,11
59250.0,2
59244.0,3
59248.0,2
59240.0,14
59238.0,5
55466.0,4
17010.0,29
41390.0,4
20278.0,2
34384.0,5
34392.0,12
42380.0,7
6295.0,19
28086.0,4
42188.0,4
21250.0,13
26378.0,2
44978.0,7
44988.0,7
31267.0,8
37374.0,5
34286.0,6
34292.0,7
17783.0,6
52368.0,8
56070.0,8
56082.0,5
52378.0,10
52384.0,5
52376.0,2
52360.0,5
52354.0,2
52372.0,5
57584.0,19
12298.0,6
1512.0,90
51473.0,1
37772.0,4
1444.0,109
981.0,16
48864.0,9
48878.0,4
55578.0,5
61219.0,4
52450.0,3
52454.0,3
40692.0,5
9226.0,35
42430.0,4
42442.0,9
4007.0,21
4664.0,66
37776.0,4
36444.0,13
51506.0,4
51496.0,3
55462.0,3
46892.0,2
46860.0,4
46890.0,6
46896.0,10
46886.0,7
46864.0,15
36436.0,9
19033.0,4
10200.0,31
44604.0,5
39398.0,8
29113.0,5
5570.0,18
59398.0,8
39612.0,4
5086.0,18
1109.0,6
59506.0,5
59522.0,9
12437.0,12
25349.0,3
43240.0,7
21082.0,11
35180.0,4
63422.0,6
48736.0,5
36392.0,8
36370.0,9
36374.0,2
36378.0,6
36382.0,9
36366.0,6
36388.0,6
6248.0,18
53204.0,4
12511.0,16
49864.0,10
6747.0,24
44078.0,3
38358.0,10
12445.0,20
12223.0,4
35744.0,5
40651.0,8
38896.0,6
58076.0,5
47746.0,3
56832.0,6
52214.0,8
15555.0,9
10054.0,67
53138.0,17
29012.0,4
12215.0,7
34082.0,6
34092.0,6
34072.0,5
34086.0,7
34090.0,5
34076.0,8
34088.0,4
60360.0,10
58062.0,10
50656.0,6
50658.0,3
41548.0,10
41560.0,10
53072.0,5
52238.0,13
52242.0,4
42874.0,6
57158.0,3
21245.0,15
53356.0,6
53362.0,9
53378.0,4
36358.0,6
52472.0,10
52790.0,5
44202.0,4
52350.0,11
52342.0,12
6575.0,19
52896.0,3
52894.0,4
60788.0,7
13142.0,2
39568.0,6
12448.0,23
36350.0,3
51998.0,6
15855.0,2
50098.0,14
38956.0,11
4401.0,30
36618.0,7
4125.0,21
12451.0,19
39760.0,8
39754.0,8
47246.0,6
23128.0,13
56422.0,6
56424.0,1
59864.0,10
59870.0,6
59700.0,7
8987.0,10
5122.0,25
59998.0,10
10369.0,19
41289.0,2
40018.0,5
32996.0,3
33000.0,14
32994.0,3
32998.0,6
33002.0,4
33006.0,5
32992.0,2
59996.0,3
43246.0,3
39834.0,9
28784.0,4
42388.0,4
56950.0,8
4002.0,55
52488.0,8
60772.0,10
6370.0,21
43448.0,4
43450.0,5
45494.0,8
51694.0,3
60560.0,5
48366.0,5
48350.0,7
1930.0,24
36106.0,3
59804.0,1
24833.0,2
57938.0,5
42674.0,6
25457.0,4
25116.0,6
44436.0,6
57230.0,8
8145.0,30
48828.0,7
48838.0,6
12456.0,15
50154.0,5
55544.0,5
54780.0,6
60458.0,9
44856.0,5
54416.0,7
54434.0,4
54426.0,11
58408.0,5
54444.0,5
54458.0,6
54448.0,5
54440.0,11
6721.0,19
54454.0,8
41459.0,4
31165.0,1
31397.0,3
37402.0,10
34804.0,2
51536.0,4
40364.0,12
51516.0,2
36185.0,3
12545.0,6
56472.0,4
47778.0,5
57858.0,8
6299.0,23
53614.0,6
8831.0,24
51580.0,10
51588.0,2
33918.0,5
33914.0,12
38179.0,3
46118.0,8
46336.0,4
48970.0,4
12496.0,5
50190.0,6
35480.0,5
20040.0,6
3033.0,2
51176.0,5
51148.0,4
48726.0,4
12463.0,45
52548.0,11
43614.0,8
8500.0,304
48954.0,4
45212.0,6
27492.0,54
16598.0,2
16602.0,2
12852.0,2
55520.0,9
55528.0,23
49402.0,4
55726.0,5
55522.0,13
55534.0,3
55532.0,6
33210.0,5
33226.0,5
24782.0,2
35664.0,3
59628.0,1
59632.0,6
24790.0,2
59102.0,4
24798.0,2
5782.0,25
3261.0,16
42472.0,6
23468.0,2
48668.0,10
21246.0,9
48532.0,5
15042.0,20
35788.0,5
25789.0,37
8120.0,44
33518.0,8
33500.0,4
33504.0,9
6381.0,20
44179.0,48
48160.0,7
27112.0,6
2340.0,6
54882.0,15
27116.0,2
6492.0,18
39471.0,2
16572.0,2
16584.0,2
43067.0,4
39971.0,5
9126.0,33
48798.0,15
48804.0,8
26834.0,2
47914.0,4
52058.0,11
52054.0,4
52062.0,9
52052.0,8
57972.0,10
41969.0,2
57980.0,7
52282.0,4
60600.0,3
51554.0,4
60232.0,4
38918.0,11
60234.0,8
41300.0,3
32968.0,4
32984.0,7
3383.0,67
14833.0,2
49570.0,7
49554.0,7
49592.0,25
56162.0,4
49580.0,9
54248.0,6
54276.0,5
54068.0,7
9633.0,21
38902.0,12
21239.0,13
49638.0,8
49630.0,6
49640.0,7
21240.0,19
43570.0,5
14330.0,2
43574.0,5
60520.0,3
59448.0,5
38886.0,14
36608.0,2
3175.0,7
42755.0,2
53352.0,4
53758.0,10
40158.0,4
40180.0,3
40172.0,7
52012.0,5
10122.0,38
50642.0,6
65201.0,1
44294.0,8
44302.0,9
41224.0,4
41226.0,9
41222.0,9
41216.0,11
50128.0,14
41210.0,7
43900.0,1
31152.0,4
22514.0,1
41342.0,11
41358.0,8
52838.0,3
6407.0,18
47588.0,10
40589.0,2
15006.0,27
53752.0,7
21270.0,9
35434.0,7
54496.0,13
18635.0,53
22718.0,2
50380.0,7
22722.0,4
43282.0,6
50067.0,38
50118.0,3
41741.0,2
36498.0,5
60716.0,3
60710.0,10
60714.0,5
60720.0,1
60694.0,5
24336.0,4
12012.0,2
51488.0,5
6480.0,16
41750.0,8
2898.0,4
2890.0,4
33948.0,12
49665.0,47
50164.0,4
50596.0,8
60012.0,20
36970.0,6
49896.0,6
25204.0,3
41200.0,7
35598.0,11
35592.0,3
35580.0,6
35572.0,7
35566.0,8
35546.0,5
12586.0,19
49532.0,6
41271.0,9
9988.0,38
32262.0,6
6283.0,18
39374.0,7
36520.0,7
4411.0,21
38308.0,6
33148.0,5
12578.0,11
54576.0,4
47802.0,4
43760.0,10
43734.0,2
59134.0,8
59136.0,4
44768.0,7
18582.0,3
57562.0,2
56780.0,9
57374.0,10
57474.0,4
58994.0,6
39708.0,11
58312.0,5
59128.0,8
21286.0,9
51602.0,4
36094.0,7
36524.0,6
39533.0,2
50260.0,4
50242.0,5
52348.0,2
38343.0,6
25181.0,3
49674.0,7
48614.0,10
33992.0,2
33978.0,3
40222.0,6
45954.0,3
109.0,16
9066.0,27
36816.0,4
31404.0,6
49968.0,8
5871.0,20
60970.0,7
60940.0,5
60962.0,5
60942.0,3
58600.0,5
20088.0,8
60808.0,4
4021.0,23
34144.0,5
31086.0,3
39908.0,7
49810.0,7
49804.0,8
41732.0,5
41742.0,7
12681.0,3
33364.0,3
33374.0,8
33360.0,9
33386.0,13
51330.0,3
54410.0,6
65082.0,3
53631.0,37
42138.0,7
37596.0,3
8805.0,46
46124.0,4
13623.0,56
20978.0,4
20972.0,4
14024.0,12
18418.0,3
440.0,4
40746.0,8
18426.0,2
24292.0,9
57598.0,6
55362.0,12
55376.0,2
622.0,8
49002.0,5
35252.0,12
1987.0,4
49308.0,9
45544.0,9
50358.0,6
5388.0,26
1989.0,7
53724.0,2
53996.0,4
53728.0,3
53714.0,6
53718.0,5
53746.0,3
48992.0,7
50228.0,6
9403.0,26
34434.0,2
51192.0,2
49176.0,8
40630.0,2
5545.0,19
57930.0,9
57936.0,4
40939.0,3
2300.0,14
202.0,10
37040.0,9
53052.0,8
4845.0,32
12740.0,2
11122.0,44
38716.0,7
53012.0,8
53018.0,7
44568.0,4
17900.0,5
48154.0,9
41768.0,4
12247.0,8
55062.0,2
55056.0,2
6753.0,18
55068.0,5
56838.0,6
55076.0,6
55094.0,8
55088.0,8
55116.0,2
55122.0,5
55108.0,6
55128.0,7
55136.0,3
55142.0,7
55156.0,2
9441.0,43
25024.0,6
54734.0,7
23704.0,3
54740.0,4
54746.0,3
54786.0,15
54804.0,7
54792.0,13
54834.0,4
12266.0,39
54840.0,2
54852.0,5
48642.0,3
59896.0,2
12548.0,20
54864.0,3
54878.0,8
54884.0,6
54896.0,1
54902.0,9
52386.0,5
42632.0,8
54914.0,2
54934.0,6
54946.0,4
54940.0,3
54986.0,7
54966.0,4
54972.0,4
54978.0,6
54998.0,8
55004.0,5
55016.0,3
55028.0,7
54436.0,5
47218.0,8
54452.0,9
54478.0,5
54228.0,5
54226.0,15
54484.0,8
49526.0,8
49528.0,8
54516.0,2
54522.0,6
54508.0,6
3841.0,23
54534.0,5
54540.0,3
54560.0,2
54554.0,4
54548.0,3
54572.0,6
54584.0,5
54628.0,9
54620.0,4
54646.0,5
35576.0,5
54660.0,5
54654.0,3
54678.0,2
54684.0,3
54696.0,5
54716.0,7
54130.0,3
54118.0,4
54142.0,4
54148.0,10
54160.0,2
54166.0,5
54178.0,6
54172.0,10
4025.0,44
54184.0,6
22922.0,4
54190.0,4
54202.0,6
54196.0,5
54214.0,4
54220.0,2
51932.0,3
6716.0,19
54238.0,5
54256.0,8
54286.0,6
54268.0,6
54292.0,5
54298.0,4
54306.0,4
54344.0,5
54384.0,7
54378.0,4
54392.0,6
54398.0,5
53786.0,5
53810.0,7
53828.0,5
53840.0,4
32223.0,4
53834.0,5
53866.0,6
53852.0,4
6473.0,18
53892.0,5
53922.0,6
53910.0,7
50932.0,3
53928.0,1
10784.0,22
53948.0,4
50936.0,4
53936.0,6
53942.0,2
53972.0,5
53960.0,5
53966.0,2
53978.0,2
53990.0,3
53984.0,5
21314.0,22
54034.0,6
54048.0,2
54042.0,1
54076.0,4
54064.0,6
54096.0,2
54108.0,3
54102.0,3
53598.0,5
40288.0,9
53604.0,7
53616.0,2
53652.0,4
53658.0,5
53672.0,6
53688.0,7
53716.0,4
53730.0,6
53754.0,5
53768.0,7
53774.0,5
24540.0,2
35814.0,2
35830.0,7
35838.0,16
35824.0,4
35826.0,5
35818.0,3
35836.0,3
6399.0,16
56136.0,2
56480.0,5
53812.0,4
3780.0,63
31400.0,4
45966.0,7
34010.0,4
8188.0,35
8143.0,31
35026.0,3
31409.0,8
53218.0,10
20095.0,11
40452.0,7
45962.0,7
8034.0,44
42706.0,4
39678.0,4
42764.0,2
33526.0,4
42804.0,9
42772.0,6
42840.0,3
42850.0,5
42868.0,5
45120.0,9
45126.0,6
45130.0,2
45124.0,6
45122.0,9
55216.0,13
6999.0,25
40257.0,2
2434.0,6
50662.0,6
12342.0,10
10604.0,19
59251.0,1
53202.0,2
53206.0,1
21312.0,14
56333.0,2
44632.0,8
44642.0,2
52522.0,10
14916.0,1
40033.0,4
49604.0,6
49620.0,7
49612.0,5
49616.0,7
49602.0,12
49610.0,7
34230.0,4
59292.0,12
13134.0,2
18023.0,7
5880.0,25
58246.0,6
54818.0,2
39066.0,8
18200.0,7
35642.0,4
22758.0,1
38544.0,8
53952.0,6
3082.0,13
49648.0,3
50530.0,5
46926.0,8
32205.0,5
58401.0,5
61030.0,1
14805.0,1
24867.0,1
65292.0,1
6325.0,23
59988.0,3
59992.0,7
56724.0,6
56720.0,4
39569.0,6
18525.0,1
34518.0,7
8197.0,38
53794.0,6
16056.0,10
1366.0,12
52377.0,1
37011.0,2
24152.0,2
38692.0,10
55778.0,2
55782.0,5
55750.0,4
55786.0,3
37648.0,3
13526.0,36
24316.0,8
12481.0,10
40800.0,5
55302.0,7
48876.0,12
41359.0,2
52655.0,2
40798.0,8
40865.0,5
6388.0,25
53364.0,7
40548.0,11
54346.0,3
63495.0,1
57812.0,6
17941.0,1
37493.0,2
45646.0,5
45650.0,3
45636.0,9
45648.0,10
45638.0,3
1333.0,26
34880.0,4
13135.0,3
65017.0,1
41256.0,6
41287.0,2
41264.0,2
42276.0,3
37830.0,4
58218.0,8
5145.0,20
41862.0,7
58394.0,5
58396.0,5
34316.0,4
34320.0,4
47682.0,6
49558.0,7
49544.0,3
55488.0,6
14533.0,2
57276.0,4
20108.0,2
34027.0,1
57466.0,7
5786.0,30
13136.0,2
55576.0,8
12567.0,8
29300.0,5
64628.0,7
64640.0,1
64654.0,1
45660.0,7
15364.0,7
33750.0,6
33774.0,8
33778.0,2
33758.0,4
34546.0,6
34578.0,9
54376.0,5
34590.0,9
54394.0,2
54400.0,8
51954.0,7
51988.0,4
51994.0,7
51996.0,13
38740.0,7
38766.0,11
38774.0,8
41562.0,7
41574.0,7
41590.0,7
41596.0,9
41598.0,8
39170.0,5
11388.0,18
51958.0,4
51990.0,8
40937.0,2
47460.0,3
11496.0,18
11248.0,18
47448.0,7
52022.0,4
11006.0,19
52010.0,17
47474.0,3
13137.0,9
52008.0,6
52006.0,13
52018.0,3
52016.0,5
39644.0,7
60414.0,4
50276.0,4
58136.0,9
45002.0,9
58138.0,3
33892.0,11
14528.0,2
43804.0,56
33904.0,8
33908.0,6
33938.0,4
33916.0,3
43638.0,5
13138.0,2
43648.0,3
36194.0,3
43652.0,10
43660.0,5
34312.0,4
34354.0,3
11451.0,28
39304.0,9
11476.0,18
39332.0,8
39338.0,5
35562.0,2
51112.0,5
35570.0,6
51126.0,1
51140.0,3
51132.0,3
52506.0,3
52512.0,8
52542.0,9
14056.0,2
37340.0,1
10791.0,20
39514.0,5
14048.0,7
39528.0,10
50654.0,2
39562.0,6
34108.0,6
34118.0,8
10787.0,18
21986.0,4
64867.0,1
34122.0,4
44966.0,7
22002.0,6
43402.0,5
43394.0,8
44968.0,12
15808.0,1
44994.0,7
44992.0,5
11049.0,16
59270.0,2
59288.0,5
11231.0,14
59298.0,4
59290.0,4
11328.0,17
46662.0,15
51788.0,4
41260.0,5
51818.0,6
51844.0,4
12297.0,7
35032.0,5
56906.0,5
39684.0,4
56908.0,7
44138.0,3
44152.0,6
39694.0,8
39706.0,9
45860.0,8
56860.0,4
5596.0,39
50442.0,4
6605.0,37
36720.0,2
36734.0,4
11342.0,16
36746.0,5
36756.0,2
36772.0,3
41196.0,6
41186.0,11
58044.0,9
60678.0,4
41244.0,4
60692.0,5
41426.0,8
35554.0,6
11166.0,14
35540.0,7
41442.0,7
41454.0,7
41472.0,11
54146.0,5
54170.0,2
54182.0,4
11067.0,13
11133.0,15
50388.0,8
11186.0,17
11130.0,16
55504.0,2
55538.0,5
34902.0,6
34910.0,2
55564.0,1
34896.0,3
34892.0,1
34906.0,8
55570.0,6
55566.0,1
25485.0,3
58056.0,1
58072.0,6
53538.0,4
60054.0,14
60070.0,8
60078.0,10
45844.0,4
50622.0,4
48799.0,6
52328.0,3
37260.0,7
37266.0,9
50599.0,2
61409.0,1
11366.0,17
11121.0,16
33244.0,12
33256.0,5
56692.0,4
11066.0,18
25040.0,3
34494.0,1
33381.0,5
43812.0,3
55533.0,8
43810.0,8
37810.0,7
33282.0,7
42298.0,16
24596.0,1
21852.0,3
54842.0,15
12224.0,5
50180.0,4
50188.0,8
38549.0,4
38434.0,5
11215.0,16
46534.0,10
26777.0,13
10792.0,21
11134.0,10
32376.0,2
40728.0,6
11471.0,12
34098.0,9
11404.0,15
37661.0,2
58424.0,6
58420.0,4
11035.0,16
56622.0,8
51522.0,8
34110.0,4
58402.0,7
58416.0,10
58410.0,4
34344.0,5
12430.0,12
40738.0,5
7090.0,52
62736.0,3
62486.0,4
26986.0,2
27010.0,2
51780.0,2
38760.0,9
12422.0,14
11189.0,18
42274.0,2
42288.0,3
42258.0,3
14232.0,4
33396.0,9
59602.0,5
38022.0,10
20227.0,6
43916.0,4
38836.0,7
11243.0,18
61286.0,2
11431.0,12
43954.0,6
47356.0,8
48082.0,12
46968.0,3
47880.0,10
11306.0,16
11297.0,17
60676.0,11
35272.0,7
35248.0,4
35264.0,4
35284.0,7
61178.0,1
56992.0,5
35268.0,10
8252.0,33
21293.0,10
11014.0,18
38248.0,11
38232.0,4
11043.0,15
11332.0,14
11421.0,17
11207.0,16
13131.0,2
54906.0,5
54912.0,7
57582.0,5
48996.0,11
11331.0,16
11182.0,21
64900.0,2
41112.0,6
13132.0,2
58294.0,8
39670.0,7
18086.0,9
12341.0,12
11430.0,16
37824.0,8
25060.0,1
57312.0,6
2785.0,17
34389.0,9
11259.0,16
11061.0,19
11019.0,14
38750.0,8
39172.0,5
39178.0,7
64157.0,1
35038.0,3
21262.0,11
13133.0,2
11354.0,8
41723.0,3
63507.0,2
57826.0,6
2382.0,27
59476.0,2
34366.0,5
34382.0,4
12431.0,13
11490.0,17
11460.0,16
55110.0,2
10015.0,31
11169.0,18
11009.0,26
11180.0,21
55998.0,5
10210.0,26
11102.0,74
36292.0,4
36306.0,3
36790.0,9
65244.0,2
59668.0,4
64719.0,43
11036.0,16
11064.0,14
12282.0,17
5087.0,25
40297.0,2
59454.0,2
59466.0,11
801.0,26
63541.0,1
6112.0,22
11488.0,19
39648.0,11
11480.0,23
37388.0,6
37382.0,6
37396.0,6
37394.0,14
37380.0,4
37392.0,5
37390.0,5
1011.0,6
11293.0,18
61080.0,1
11279.0,13
11383.0,15
1604.0,37
11427.0,17
11092.0,17
11405.0,14
52356.0,5
23347.0,8
11450.0,16
59366.0,6
11177.0,14
59938.0,5
53243.0,1
59936.0,6
31144.0,5
6411.0,18
11116.0,18
11493.0,26
11174.0,16
36226.0,4
11494.0,18
11261.0,18
11253.0,16
11335.0,14
1459.0,90
44779.0,3
35535.0,1
52556.0,5
6329.0,18
11063.0,19
8056.0,32
11103.0,60
11160.0,18
59694.0,7
40550.0,11
40534.0,5
40538.0,13
11027.0,21
11015.0,16
34472.0,4
11436.0,17
11311.0,17
32958.0,5
11089.0,24
11194.0,23
48626.0,4
48632.0,13
49410.0,5
11142.0,17
11091.0,18
34526.0,4
9190.0,35
6278.0,17
11206.0,17
11072.0,14
11292.0,16
11024.0,30
11140.0,18
11099.0,21
43292.0,5
43288.0,4
43296.0,5
43286.0,2
11238.0,16
11011.0,17
34400.0,3
11389.0,26
11351.0,17
16384.0,1
1800.0,22
33373.0,5
50010.0,20
58452.0,7
10796.0,23
20427.0,44
11105.0,16
63974.0,2
11088.0,16
64002.0,2
63986.0,4
11413.0,16
11053.0,16
50428.0,4
27730.0,5
27714.0,2
11145.0,18
12553.0,17
11325.0,16
11059.0,16
11044.0,16
11172.0,16
12505.0,6
6241.0,29
38894.0,4
4409.0,20
38908.0,10
60094.0,7
57064.0,5
11193.0,17
11249.0,12
39668.0,5
34448.0,5
11435.0,22
11226.0,18
56304.0,5
25870.0,2
56312.0,3
23312.0,5
56355.0,2
12535.0,6
11076.0,18
59894.0,5
56987.0,3
11107.0,8
58610.0,9
55916.0,11
58594.0,5
37928.0,5
13130.0,2
58322.0,3
33474.0,4
11308.0,16
58332.0,2
11397.0,16
11358.0,17
57702.0,5
57732.0,3
53150.0,4
57698.0,6
57680.0,8
57708.0,3
37754.0,7
58368.0,10
50007.0,13
5645.0,22
11060.0,18
33589.0,5
5262.0,27
21020.0,7
11454.0,18
11143.0,19
11002.0,40
11185.0,16
34208.0,4
11128.0,16
6733.0,16
12340.0,8
11323.0,23
15504.0,10
12339.0,4
40181.0,4
11321.0,16
11264.0,17
11082.0,33
41582.0,4
59146.0,4
34734.0,7
11283.0,14
34738.0,16
34740.0,7
47040.0,8
46510.0,6
46492.0,4
46498.0,10
46508.0,4
46504.0,1
11090.0,17
11349.0,10
11071.0,16
11083.0,16
11209.0,19
38598.0,7
42792.0,3
53753.0,2
3119.0,14
41474.0,10
52110.0,10
43250.0,8
43258.0,6
11385.0,16
43236.0,4
11012.0,13
41470.0,8
38948.0,9
11382.0,24
3244.0,2
11129.0,23
59916.0,3
11068.0,18
59924.0,2
11359.0,58
35524.0,21
58008.0,13
35528.0,9
35516.0,3
32838.0,5
52706.0,6
32842.0,6
32858.0,3
32880.0,3
32894.0,3
32910.0,6
46414.0,4
35128.0,6
35134.0,6
35162.0,11
54812.0,6
4417.0,23
54830.0,18
54862.0,7
11457.0,16
11218.0,18
60280.0,4
60252.0,6
6744.0,18
53582.0,13
11013.0,19
55536.0,2
55552.0,13
55540.0,6
35118.0,3
11251.0,16
55508.0,7
53640.0,2
34128.0,1
34106.0,10
34112.0,3
39922.0,8
34160.0,4
34104.0,7
11152.0,16
37100.0,8
37112.0,5
37098.0,14
37108.0,4
37106.0,7
37116.0,8
48388.0,7
25418.0,3
8933.0,16
11412.0,14
11442.0,14
10089.0,42
11029.0,12
9368.0,23
60310.0,5
60318.0,4
41110.0,4
11312.0,16
11458.0,17
11402.0,18
11441.0,15
48357.0,7
11330.0,18
37579.0,2
11032.0,18
48146.0,6
2113.0,6
33924.0,6
33928.0,5
11227.0,15
11224.0,14
56160.0,6
33944.0,4
14401.0,2
55212.0,5
11472.0,16
33932.0,8
11034.0,17
8413.0,26
54784.0,7
41735.0,2
42332.0,4
11126.0,18
34832.0,4
461.0,6
62144.0,2
54568.0,2
3374.0,9
11418.0,18
9047.0,43
54580.0,1
11485.0,16
11305.0,26
58792.0,6
11170.0,18
11290.0,22
11343.0,18
54310.0,7
11491.0,16
11016.0,16
63238.0,4
11475.0,16
40473.0,2
11181.0,4
54098.0,4
5944.0,33
50288.0,3
11395.0,20
11056.0,16
11007.0,23
11272.0,16
11364.0,18
11250.0,21
32472.0,6
11200.0,12
25324.0,68
10634.0,15
64830.0,1
11486.0,16
62894.0,2
3063.0,12
32574.0,2
37904.0,4
29482.0,2
38700.0,18
29484.0,2
50592.0,7
13444.0,4
17948.0,2
17964.0,2
58874.0,8
52486.0,8
38838.0,10
57539.0,2
54428.0,6
12468.0,17
25952.0,7
11314.0,16
56852.0,3
9357.0,26
11123.0,16
11197.0,16
11155.0,28
58024.0,11
12250.0,18
45778.0,5
19304.0,1
44106.0,7
34688.0,4
11050.0,16
57500.0,4
57494.0,2
3803.0,20
64346.0,1
42842.0,2
11070.0,14
44606.0,5
34656.0,6
3376.0,6
25980.0,1
45905.0,1
16041.0,19
11302.0,15
43316.0,5
43330.0,7
61469.0,1
11225.0,16
11266.0,15
46236.0,10
55972.0,3
56016.0,6
55982.0,5
50023.0,4
1555.0,7
11265.0,14
54512.0,9
47638.0,15
53096.0,2
9236.0,35
8410.0,35
9911.0,35
55366.0,13
55382.0,4
50081.0,4
11241.0,16
36974.0,5
36990.0,3
36962.0,10
11124.0,20
42650.0,2
57173.0,2
53920.0,7
11052.0,18
11481.0,18
58870.0,4
11468.0,19
11079.0,16
29784.0,2
40930.0,4
40938.0,5
40940.0,3
2914.0,2
39434.0,5
40934.0,5
40926.0,3
40922.0,8
25342.0,3
58946.0,5
11317.0,12
11021.0,18
11220.0,17
11135.0,18
40666.0,9
40676.0,10
45520.0,9
11153.0,14
9872.0,27
17615.0,1
8943.0,10
11400.0,14
9352.0,24
49672.0,6
49662.0,1
49658.0,3
11482.0,20
37517.0,2
11423.0,16
11179.0,16
11262.0,14
11234.0,21
54110.0,4
7389.0,27
44154.0,1
35776.0,8
18067.0,12
46549.0,1
37750.0,3
11223.0,17
44932.0,9
46138.0,3
56408.0,4
2430.0,10
62164.0,3
11163.0,16
56698.0,7
11426.0,14
3102.0,8
31699.0,1
60877.0,8
65159.0,1
24505.0,1
29201.0,2
34474.0,5
34488.0,3
34374.0,5
34372.0,10
11287.0,14
6458.0,16
24265.0,5
18318.0,6
3088.0,10
56450.0,4
8956.0,7
3373.0,9
57382.0,10
57364.0,4
57366.0,3
53298.0,16
11470.0,18
11004.0,18
3184.0,5
37836.0,7
53067.0,2
11455.0,16
60670.0,4
11038.0,15
11347.0,21
11216.0,14
11403.0,17
33189.0,4
11151.0,22
23714.0,17
36564.0,3
11296.0,16
55272.0,9
55284.0,9
11084.0,39
39848.0,10
39840.0,11
39854.0,6
39844.0,4
39852.0,8
39836.0,6
11367.0,17
11459.0,14
63260.0,4
37464.0,5
41174.0,9
6235.0,22
12234.0,15
52404.0,3
11277.0,18
11387.0,16
41780.0,4
12116.0,12
38981.0,5
39558.0,6
38985.0,5
11047.0,17
6466.0,65
11303.0,16
54850.0,2
6402.0,16
11118.0,19
11162.0,17
34054.0,1
34036.0,2
34048.0,3
34068.0,5
34058.0,4
6039.0,22
33897.0,5
58728.0,4
25414.0,4
11365.0,17
53258.0,7
11087.0,16
11336.0,16
46924.0,4
11417.0,16
43910.0,13
36206.0,2
36222.0,5
18070.0,3
38035.0,4
11420.0,19
38883.0,6
49868.0,4
44888.0,9
57842.0,4
57856.0,6
11439.0,16
63210.0,30
27300.0,1
6517.0,18
11390.0,16
13124.0,4
11020.0,17
1984.0,24
56102.0,8
11340.0,16
4727.0,35
45171.0,1
21261.0,8
8134.0,39
11008.0,18
51198.0,8
51214.0,1
38470.0,9
25192.0,5
38551.0,4
806.0,8
40946.0,5
11026.0,17
47710.0,5
38135.0,5
47373.0,8
6362.0,54
11147.0,16
50874.0,6
11003.0,18
11132.0,14
42908.0,15
21984.0,5
47856.0,10
11415.0,14
11429.0,6
11229.0,16
11492.0,19
3761.0,18
6686.0,24
48448.0,7
38156.0,11
9222.0,41
44674.0,10
61228.0,2
6190.0,71
11028.0,23
9348.0,37
38509.0,7
3378.0,15
36281.0,3
45874.0,6
48458.0,7
59058.0,12
33112.0,6
23760.0,6
33108.0,6
33122.0,8
38942.0,10
23752.0,4
28800.0,9
28810.0,2
42062.0,6
11114.0,15
42068.0,11
38450.0,9
38550.0,11
53490.0,6
33165.0,2
11416.0,16
51758.0,3
33397.0,4
11093.0,16
57686.0,5
5444.0,38
19464.0,2
37654.0,8
38727.0,4
11299.0,16
54736.0,8
54724.0,5
11369.0,16
10782.0,15
4439.0,48
24545.0,2
4449.0,39
11324.0,16
13125.0,2
22775.0,1
38512.0,14
38526.0,5
36452.0,19
58080.0,13
58094.0,3
58112.0,4
54732.0,5
35060.0,4
35056.0,11
35054.0,7
8078.0,38
34644.0,7
43022.0,3
38523.0,4
45906.0,4
11282.0,20
11001.0,70
11319.0,16
11138.0,16
9704.0,31
11117.0,16
3889.0,22
38044.0,7
10044.0,26
1001.0,16
11467.0,19
11474.0,16
60069.0,9
11167.0,14
20050.0,12
58468.0,4
13126.0,4
38564.0,8
11338.0,8
37086.0,5
58880.0,6
58432.0,7
58868.0,5
58876.0,7
37090.0,4
11057.0,4
11023.0,26
38579.0,4
44290.0,5
43182.0,4
5846.0,29
11119.0,19
11370.0,16
50212.0,11
41913.0,2
11042.0,16
38630.0,7
55709.0,9
13127.0,2
6927.0,18
50878.0,5
11447.0,17
11393.0,15
3549.0,29
11242.0,14
10041.0,22
11275.0,18
46055.0,2
11346.0,20
38680.0,8
11280.0,17
11284.0,12
11461.0,18
59368.0,7
45723.0,1
13128.0,25
50854.0,8
50842.0,6
20481.0,6
50852.0,4
50846.0,9
50844.0,6
50838.0,4
50856.0,2
46716.0,10
46704.0,8
60852.0,6
40174.0,6
38472.0,7
38307.0,5
10033.0,26
60508.0,7
60500.0,5
38928.0,12
11394.0,17
6334.0,19
37140.0,8
45670.0,7
11188.0,16
57918.0,4
33399.0,12
12273.0,4
5946.0,26
60005.0,12
11269.0,8
11500.0,16
56153.0,1
11463.0,20
5722.0,20
11255.0,14
10180.0,27
8792.0,9
48886.0,4
48896.0,5
11327.0,18
48358.0,9
48340.0,10
58814.0,11
11219.0,14
11466.0,15
8782.0,10
4620.0,73
59876.0,2
21306.0,17
51570.0,7
47624.0,10
51594.0,5
11479.0,16
9313.0,34
3826.0,19
38129.0,12
11309.0,13
19355.0,2
6293.0,21
9389.0,60
1458.0,2
11075.0,23
11487.0,16
11148.0,16
11341.0,16
11337.0,19
6548.0,20
58248.0,10
11131.0,17
33546.0,2
32860.0,6
41692.0,5
41702.0,6
47128.0,8
12538.0,7
11273.0,14
36442.0,6
11168.0,19
36626.0,5
35288.0,7
38739.0,5
11274.0,18
11041.0,15
11115.0,14
11085.0,16
11465.0,6
34252.0,7
34254.0,5
11477.0,15
39429.0,2
3588.0,22
52438.0,4
12461.0,12
38377.0,4
18012.0,5
38977.0,4
11456.0,18
54488.0,6
43588.0,4
3552.0,26
43608.0,5
43600.0,7
12130.0,9
6365.0,23
34744.0,7
25800.0,2
38657.0,4
47878.0,8
54180.0,4
11191.0,19
56036.0,8
56046.0,7
56044.0,4
56042.0,6
11320.0,17
56752.0,7
56732.0,4
56756.0,4
45824.0,2
38001.0,8
21307.0,7
60352.0,8
34634.0,2
37734.0,4
12318.0,12
11483.0,16
11058.0,16
35164.0,11
11381.0,18
58374.0,3
62088.0,29
11396.0,17
11469.0,15
38148.0,10
26271.0,2
47842.0,9
47850.0,6
11298.0,17
11422.0,14
11017.0,17
37308.0,3
11446.0,16
21034.0,7
11109.0,16
11449.0,16
2892.0,8
55838.0,4
50144.0,4
32919.0,1
13119.0,2
56026.0,9
60324.0,9
11329.0,19
11424.0,18
7608.0,28
22752.0,4
11432.0,14
38391.0,5
11245.0,14
6026.0,19
18627.0,4
35881.0,1
63893.0,3
26873.0,2
45418.0,8
3065.0,9
44666.0,7
44686.0,2
44670.0,8
11106.0,16
11334.0,17
11360.0,20
11078.0,16
11110.0,20
18892.0,1
41418.0,7
41398.0,6
41412.0,7
20588.0,6
19770.0,4
38082.0,14
28880.0,9
11350.0,20
47404.0,5
11192.0,16
40384.0,6
45781.0,1
23286.0,9
32938.0,5
11386.0,18
16094.0,24
62951.0,1
21778.0,3
5833.0,25
59333.0,1
20701.0,1
2100.0,26
11165.0,16
51490.0,5
47968.0,5
2288.0,11
47970.0,9
56648.0,8
36862.0,4
57840.0,3
38745.0,4
41653.0,2
11326.0,20
11096.0,16
1195.0,21
11256.0,16
61621.0,1
41638.0,9
2567.0,9
57944.0,5
43358.0,7
47342.0,11
38933.0,4
48984.0,3
31059.0,5
44701.0,1
11368.0,17
33125.0,1
33635.0,1
33833.0,1
33909.0,1
34001.0,1
34289.0,1
31374.0,3
31467.0,6
31584.0,3
31868.0,4
32077.0,1
32144.0,1
32312.0,1
46358.0,3
11054.0,16
11139.0,17
41282.0,8
11175.0,14
32440.0,1
32654.0,1
32824.0,5
32902.0,36
32982.0,6
32532.0,1
31407.0,9
39240.0,4
39323.0,3
39585.0,3
39659.0,3
39871.0,3
40717.0,3
40816.0,6
4012.0,18
40969.0,3
41063.0,3
41141.0,3
41383.0,1
41595.0,3
48612.0,8
11376.0,18
11414.0,20
20003.0,12
45041.0,1
38418.0,11
26516.0,3
48606.0,4
38588.0,8
11379.0,14
48214.0,3
38734.0,17
56758.0,3
49688.0,24
38113.0,5
38631.0,4
13120.0,2
9339.0,25
11407.0,16
38259.0,4
49172.0,5
49174.0,7
10781.0,17
38608.0,10
38468.0,4
40013.0,6
46142.0,13
46136.0,4
46150.0,3
46132.0,8
46144.0,11
58450.0,9
3196.0,14
41436.0,6
5949.0,23
8865.0,35
11039.0,30
38273.0,4
12572.0,6
41480.0,7
6257.0,21
13121.0,2
11073.0,22
41164.0,12
13122.0,2
52064.0,6
6777.0,25
9044.0,49
27752.0,2
811.0,14
40182.0,10
11344.0,19
38592.0,7
11113.0,14
11161.0,17
11244.0,16
38686.0,5
11377.0,16
8470.0,36
49208.0,2
49212.0,8
13123.0,2
57560.0,6
57556.0,7
57536.0,6
38461.0,4
5256.0,22
57540.0,8
57546.0,2
11289.0,14
48906.0,10
42315.0,2
38602.0,16
53485.0,2
6639.0,17
50514.0,5
11018.0,19
11236.0,16
421.0,2
9810.0,35
36.0,2
32190.0,4
18480.0,22
11372.0,14
38994.0,14
41846.0,6
45398.0,6
43278.0,5
11154.0,14
60266.0,5
11291.0,19
11361.0,8
58300.0,7
10101.0,58
12701.0,2
58680.0,8
58346.0,3
11355.0,12
3257.0,7
11288.0,16
58340.0,8
57942.0,9
4331.0,46
36122.0,5
36112.0,7
59294.0,2
46558.0,7
11260.0,17
11484.0,14
11419.0,18
5607.0,30
46518.0,5
11195.0,14
914.0,2
11141.0,24
42270.0,8
57695.0,2
35354.0,5
38009.0,5
53129.0,1
55278.0,6
40360.0,10
4488.0,27
6589.0,18
56994.0,4
60564.0,4
45230.0,7
11313.0,16
11406.0,25
37859.0,2
51058.0,1
11201.0,16
38679.0,4
46832.0,3
46844.0,2
11247.0,18
11199.0,14
11286.0,18
57152.0,7
60510.0,6
3801.0,20
48702.0,2
48704.0,16
11040.0,17
38288.0,11
18091.0,26
57954.0,6
41622.0,4
41626.0,8
59928.0,5
48752.0,1
48754.0,16
45062.0,4
1457.0,13
38136.0,9
63400.0,2
47052.0,6
49856.0,5
55718.0,3
55712.0,8
55714.0,17
55720.0,7
58166.0,3
11246.0,18
57690.0,5
1189.0,4
8407.0,28
11125.0,12
5940.0,31
11159.0,17
11108.0,23
55364.0,3
55378.0,2
1627.0,8
11316.0,18
51302.0,6
60964.0,6
29914.0,2
10820.0,55
53860.0,7
11428.0,8
36069.0,2
11144.0,17
6628.0,24
11357.0,20
11398.0,20
11333.0,16
11080.0,19
37960.0,6
29894.0,2
29906.0,2
49126.0,6
11464.0,18
11097.0,19
60087.0,6
5233.0,34
43730.0,1
2772.0,8
4274.0,19
20208.0,14
11270.0,18
5942.0,29
35928.0,9
35948.0,4
35942.0,2
57616.0,10
35940.0,5
35932.0,6
35936.0,4
57628.0,11
52940.0,3
49749.0,2
52956.0,8
45435.0,1
11098.0,20
11136.0,19
59002.0,16
3865.0,19
38237.0,4
60890.0,15
11374.0,21
38314.0,8
49144.0,16
46618.0,9
21260.0,11
3371.0,8
6275.0,21
3319.0,16
42882.0,6
42884.0,2
41905.0,2
38517.0,4
6531.0,19
20699.0,2
60206.0,4
38243.0,5
38167.0,4
38515.0,4
11348.0,17
47962.0,5
47888.0,3
11074.0,23
47956.0,3
47950.0,5
59310.0,3
40518.0,5
57898.0,7
50172.0,30
50162.0,2
38685.0,4
39510.0,8
5604.0,35
54020.0,4
33387.0,17
11375.0,18
11352.0,17
11104.0,14
40295.0,1
11157.0,17
32912.0,5
57486.0,5
22444.0,14
38279.0,6
52176.0,6
11410.0,14
52170.0,3
52186.0,6
52178.0,6
52172.0,10
45306.0,4
43088.0,5
38950.0,9
59504.0,6
38231.0,4
11010.0,25
42385.0,2
38210.0,16
42318.0,4
43544.0,4
51704.0,5
38081.0,5
38247.0,5
11184.0,17
43506.0,4
43512.0,7
11445.0,16
11433.0,14
8382.0,22
56504.0,5
11221.0,17
57518.0,5
45098.0,8
45108.0,9
34580.0,3
34592.0,11
34594.0,5
1002.0,26
34586.0,5
44250.0,6
42734.0,5
6234.0,16
50508.0,9
60392.0,10
43890.0,5
38530.0,8
60062.0,10
60378.0,4
11391.0,18
59970.0,6
35306.0,7
47910.0,3
58630.0,6
57290.0,4
50590.0,6
48320.0,10
56890.0,4
37428.0,5
48166.0,11
38225.0,4
41004.0,6
11425.0,16
18655.0,7
38580.0,6
4344.0,34
55821.0,1
40239.0,2
39673.0,2
11301.0,16
20111.0,24
11478.0,8
44393.0,1
11149.0,12
11295.0,19
37724.0,15
11384.0,16
40713.0,4
11380.0,15
47220.0,11
44070.0,14
36894.0,4
38171.0,14
11214.0,16
42534.0,5
38301.0,8
26700.0,2
33272.0,9
11146.0,16
11025.0,19
45333.0,15
41356.0,6
4493.0,18
14055.0,2
41368.0,5
41372.0,6
11353.0,18
38341.0,5
6684.0,17
50825.0,1
11257.0,17
54252.0,10
10324.0,27
11213.0,18
38121.0,4
52505.0,1
40433.0,2
38847.0,13
3195.0,2
35126.0,9
35154.0,7
33688.0,4
33660.0,3
53339.0,1
49500.0,11
38202.0,6
6309.0,19
38872.0,9
56471.0,1
43014.0,6
11489.0,17
52308.0,7
37459.0,2
1549.0,9
50716.0,4
11339.0,20
11094.0,16
37798.0,2
37812.0,3
7253.0,26
11497.0,20
60402.0,8
58820.0,2
2778.0,6
50686.0,2
50702.0,6
49448.0,4
55569.0,1
38478.0,7
43426.0,7
43424.0,2
43422.0,3
43416.0,6
43428.0,1
43412.0,9
43418.0,7
50968.0,2
11190.0,17
11437.0,22
18062.0,10
11399.0,16
34304.0,5
1029.0,116
38131.0,4
9178.0,34
64961.0,1
60268.0,5
11210.0,39
36874.0,5
11281.0,14
57956.0,5
60764.0,5
38440.0,5
41586.0,8
1188.0,10
38295.0,4
144.0,6
11086.0,23
43548.0,8
11205.0,21
51530.0,5
39756.0,5
38117.0,5
38932.0,12
9.0,10
49855.0,7
22296.0,2
10470.0,30
41452.0,10
41502.0,6
56180.0,12
56184.0,7
56194.0,1
11150.0,14
27478.0,10
38127.0,5
33730.0,6
27474.0,1
26508.0,2
60550.0,6
6632.0,19
58270.0,6
20452.0,2
46910.0,6
45297.0,2
38195.0,4
20128.0,10
11217.0,16
1755.0,4
7095.0,28
52938.0,5
12502.0,18
47464.0,6
1120.0,9
513.0,8
38040.0,9
49320.0,12
55568.0,6
49322.0,3
49326.0,6
49328.0,2
49330.0,11
49312.0,13
9502.0,22
3488.0,22
11268.0,18
43186.0,6
3089.0,16
40882.0,3
46754.0,3
38906.0,8
38916.0,10
34402.0,7
7654.0,25
6671.0,19
11285.0,16
27646.0,5
33222.0,12
11271.0,17
53593.0,1
11345.0,17
53609.0,1
11196.0,18
3375.0,8
2301.0,5
38244.0,4
49716.0,2
12504.0,8
40388.0,4
6737.0,18
38869.0,4
5140.0,30
11005.0,10
11307.0,14
44741.0,2
60390.0,8
60398.0,3
11252.0,20
9134.0,32
3462.0,2
33891.0,8
21055.0,2
11315.0,16
50328.0,5
46730.0,11
33840.0,2
33834.0,3
33822.0,5
33824.0,6
33830.0,5
5076.0,18
40826.0,6
51972.0,3
51956.0,2
56974.0,7
56962.0,6
51970.0,5
51982.0,6
11304.0,16
46880.0,6
41541.0,2
40160.0,6
38566.0,8
38177.0,5
18096.0,7
40274.0,7
38565.0,5
11203.0,6
33286.0,8
33264.0,9
33278.0,1
56334.0,2
11318.0,14
26333.0,2
38507.0,5
58002.0,13
51372.0,4
51366.0,5
51364.0,5
41631.0,3
38313.0,6
38271.0,4
51980.0,3
51964.0,6
38043.0,6
7445.0,34
38283.0,5
16144.0,2
49112.0,8
10106.0,27
56814.0,5
38828.0,12
44470.0,5644
38844.0,7
44456.0,3
13114.0,2
11440.0,9
11173.0,16
42554.0,6
6677.0,18
4160.0,20
38196.0,11
11498.0,14
44901.0,1
59974.0,9
59976.0,5
59966.0,6
59972.0,5
59968.0,3
59962.0,4
59960.0,4
42544.0,8
11294.0,17
51260.0,3
4463.0,21
11187.0,19
11267.0,18
38904.0,8
20330.0,6
40914.0,7
42498.0,4
49443.0,10
11051.0,26
60984.0,5
38934.0,10
12561.0,9
38920.0,13
38863.0,5
58030.0,2
35004.0,15
53118.0,5
53116.0,7
53108.0,4
35950.0,4
39716.0,17
11156.0,8
40488.0,9
47526.0,5
20332.0,6
7288.0,15
45891.0,1
45444.0,15
56190.0,5
33489.0,4
42324.0,4
46532.0,10
60081.0,9
20708.0,8
56228.0,6
3717.0,22
49222.0,5
9085.0,44
34664.0,5
34636.0,6
31017.0,6
39757.0,2
8113.0,42
40900.0,13
53700.0,5
11278.0,14
38513.0,10
45317.0,2
52782.0,8
13115.0,2
12573.0,28
11198.0,11
40087.0,4
54176.0,4
48212.0,2
38429.0,5
45259.0,1
47101.0,1
4481.0,19
33893.0,2
60045.0,10
49018.0,12
11362.0,16
11411.0,16
5228.0,37
42152.0,5
54326.0,4
38518.0,16
11137.0,16
11453.0,19
11048.0,16
53486.0,8
38553.0,4
13116.0,2
47002.0,11
41397.0,2
28868.0,1
60828.0,4
49686.0,7
10675.0,26
2464.0,3
35130.0,12
35122.0,5
41982.0,4
35160.0,5
11322.0,61
55527.0,1
13117.0,2
38827.0,5
46974.0,4
10779.0,20
4487.0,13
41044.0,8
8526.0,21
39435.0,2
4436.0,18
21200.0,2
38853.0,4
38560.0,16
50956.0,4
59600.0,3
17768.0,1
15324.0,5
40450.0,5
48132.0,10
13118.0,2
17121.0,6
43496.0,4
36740.0,7
50818.0,6
25229.0,3
1222.0,23
46556.0,3
34868.0,5
34878.0,7
43516.0,7
43522.0,6
44590.0,9
11228.0,20
12324.0,13
12562.0,14
28443.0,13
51809.0,1
3300.0,12
38562.0,10
34674.0,6
3193.0,6
42642.0,6
43816.0,5
43820.0,5
6340.0,18
20355.0,2
51400.0,5
11438.0,18
59548.0,7
59778.0,3
47452.0,8
52422.0,6
52410.0,3
52418.0,5
30924.0,4
22082.0,18
33383.0,4
37722.0,10
41804.0,6
38203.0,5
41544.0,3
41538.0,6
41558.0,4
12154.0,8
1414.0,35
41708.0,5
41736.0,8
11069.0,8
11239.0,20
33764.0,4
38173.0,4
33772.0,12
12369.0,10
3185.0,12
9196.0,26
5993.0,45
11178.0,19
22352.0,4
38603.0,5
11263.0,17
51292.0,6
51332.0,8
51336.0,5
51328.0,7
45596.0,2
51326.0,1
51298.0,16
46444.0,4
60990.0,3
6951.0,26
3874.0,23
36998.0,6
38669.0,4
6471.0,19
55604.0,5
38525.0,4
73.0,6
3834.0,20
45720.0,6
58084.0,6
46962.0,5
46984.0,5
53268.0,13
46992.0,7
38879.0,13
53272.0,8
51586.0,8
48050.0,6
51596.0,4
51634.0,11
39508.0,4
36868.0,5
36912.0,5
36882.0,4
29324.0,4
53564.0,2
36458.0,6
55582.0,7
55596.0,5
42768.0,4
5690.0,22
47138.0,6
42786.0,2
42798.0,2
47142.0,4
35444.0,2
35448.0,3
35450.0,7
35464.0,5
50352.0,11
44368.0,8
50336.0,6
44378.0,4
44394.0,2
34646.0,7
34658.0,6
14424.0,6
33698.0,5
33704.0,7
3289.0,5
50202.0,11
6604.0,20
6404.0,17
41060.0,8
50204.0,4
6493.0,16
61443.0,10
50234.0,6
8130.0,32
42950.0,8
42940.0,4
46120.0,7
57620.0,6
9950.0,38
57644.0,3
8689.0,10
57684.0,3
41522.0,10
13113.0,2
42683.0,2
46198.0,4
59004.0,21
59030.0,3
59026.0,5
57000.0,5
56990.0,8
57008.0,4
40660.0,4
40674.0,8
40722.0,2
63195.0,1
37627.0,1
34698.0,2
31899.0,3
20560.0,1
1230.0,1
36488.0,3
36494.0,7
36508.0,3
53054.0,7
39962.0,6
53040.0,2
39966.0,8
50338.0,4
54420.0,4
48338.0,7
48384.0,7
41668.0,7
41654.0,8
54406.0,4
42014.0,4
54738.0,7
36050.0,4
54754.0,7
41601.0,2
47384.0,3
60342.0,4
21251.0,6
60358.0,5
38568.0,8
40404.0,4
7133.0,20
46722.0,2
40672.0,6
60628.0,2
21326.0,28
41166.0,13
7124.0,23
59672.0,7
52460.0,5
59660.0,7
52444.0,6
4936.0,32
59684.0,4
44644.0,5
36682.0,6
44660.0,9
5082.0,29
2753.0,6
36696.0,6
53084.0,13
44819.0,75
11462.0,8
3274.0,10
11171.0,26
53914.0,5
53908.0,5
41455.0,3
53912.0,3
53918.0,12
61902.0,2
33289.0,5
14430.0,9
60013.0,14
40670.0,7
12303.0,6
37314.0,7
38463.0,4
11356.0,15
49942.0,6
11409.0,19
8101.0,92
54334.0,4
48332.0,6
54898.0,8
54900.0,6
36904.0,5
49270.0,6
34214.0,5
38311.0,5
41061.0,2
18029.0,4
53560.0,10
57324.0,6
40734.0,8
5236.0,71
38278.0,7
13024.0,4
11202.0,18
50478.0,5
50480.0,5
8804.0,24
38365.0,4
40236.0,5
38754.0,12
28076.0,2
21297.0,10
33656.0,6
8324.0,19
11208.0,9
38299.0,4
12424.0,35
53956.0,3
53958.0,7
13109.0,2
51412.0,3
51430.0,2
51426.0,1
51422.0,3
51428.0,4
51420.0,5
34872.0,2
51432.0,3
6327.0,21
45464.0,6
37346.0,4
36836.0,5
11448.0,16
13110.0,4
3589.0,20
41942.0,8
40564.0,9
38605.0,4
13647.0,1
11276.0,17
5941.0,28
7388.0,27
6389.0,33
38880.0,16
23505.0,3
11204.0,15
11062.0,14
51338.0,2
51354.0,3
51370.0,3
10524.0,20
28215.0,2
11120.0,16
26224.0,7
13111.0,4
41030.0,5
8292.0,31
9289.0,34
38256.0,9
38268.0,7
38284.0,12
5155.0,28
41634.0,8
49806.0,3
38085.0,4
555.0,28
38812.0,8
20333.0,13
8431.0,22
8884.0,41
27924.0,4
40574.0,10
40576.0,6
40584.0,8
40570.0,8
27524.0,5
59826.0,7
48272.0,1
13112.0,4
9929.0,40
43844.0,4
38020.0,9
48026.0,5
36694.0,7
32056.0,2
49998.0,13
38018.0,5
11127.0,18
35346.0,6
12512.0,10
41445.0,2
6351.0,22
44064.0,3
4124.0,20
25463.0,12
7112.0,27
6302.0,20
38914.0,13
57676.0,7
57668.0,1
52230.0,12
5067.0,10
6207.0,22
9816.0,26
51732.0,3
60430.0,9
45344.0,10
45346.0,9
45354.0,8
38873.0,5
45348.0,4
11164.0,14
38103.0,5
2900.0,2
55880.0,6
56156.0,4
3064.0,8
45540.0,5
36156.0,7
19224.0,4
9465.0,27
3866.0,19
42994.0,4
3836.0,27
38823.0,4
20546.0,73
38875.0,5
47862.0,5
6461.0,22
3361.0,4
6540.0,20
39907.0,2
7824.0,20
40962.0,10
40974.0,7
57286.0,4
38803.0,4
40821.0,2
32024.0,4
53530.0,3
24724.0,5
47958.0,6
40992.0,8
7888.0,19
45414.0,8
45406.0,7
45600.0,5
37800.0,6
57280.0,2
56021.0,3
4475.0,21
6486.0,18
47860.0,6
11037.0,19
39359.0,2
33385.0,5
59196.0,8
53246.0,7
38521.0,4
37974.0,5
41957.0,2
11077.0,15
1255.0,45
38597.0,5
2388.0,5
6424.0,19
58692.0,2
40338.0,9
44732.0,6
9224.0,29
8097.0,47
51276.0,2
40443.0,13
10064.0,19
50446.0,4
10777.0,18
20119.0,8
40868.0,6
40860.0,8
6449.0,23
51406.0,6
22380.0,14
55098.0,6
55104.0,6
55096.0,1
55100.0,2
55112.0,7
55086.0,3
38885.0,4
50938.0,4
29124.0,3
50928.0,3
33954.0,4
38277.0,6
28852.0,8
22024.0,6
5936.0,39
58570.0,5
8862.0,21
9303.0,45
7766.0,34
5018.0,19
33132.0,3
57320.0,9
34350.0,5
37039.0,2
51630.0,3
51636.0,4
51648.0,4
51640.0,5
51646.0,10
57024.0,4
5974.0,23
9804.0,29
3047.0,2
37538.0,7
33150.0,7
11046.0,20
37184.0,6
55994.0,5
10124.0,31
40410.0,5
3479.0,34
38170.0,7
47730.0,4
1875.0,2
59276.0,6
59278.0,3
27055.0,2
42912.0,1
38733.0,4
38026.0,5
42368.0,10
4471.0,20
29724.0,6
38303.0,6
35362.0,4
35406.0,7
35332.0,2
35348.0,8
41134.0,9
57638.0,9
3222.0,14
38138.0,10
35384.0,3
5524.0,22
45894.0,10
38481.0,7
5389.0,36
36142.0,5
34776.0,7
38233.0,4
49440.0,4
45742.0,3
45746.0,7
57046.0,10
57054.0,2
57056.0,2
57062.0,9
57048.0,4
46308.0,16
16086.0,9
41006.0,5
27024.0,5
45516.0,5
60027.0,5
24510.0,7
59041.0,3
58208.0,10
4555.0,31
58210.0,4
8641.0,12
42794.0,6
20415.0,8
40499.0,2
59918.0,3
9724.0,28
51812.0,6
56182.0,6
32922.0,4
38235.0,4
38329.0,5
6259.0,22
34778.0,4
42713.0,39
41976.0,1
47864.0,11
47866.0,7
49696.0,7
8902.0,25
6703.0,18
59336.0,13
6598.0,19
23024.0,5
5999.0,33
20214.0,4
38498.0,8
20302.0,9
12290.0,8
45455.0,4
5201.0,22
2804.0,11
8514.0,28
46514.0,6
46530.0,4
46526.0,2
46520.0,2
32822.0,5
50150.0,6
50138.0,6
10785.0,22
50740.0,4
48570.0,10
39090.0,6
23824.0,4
10037.0,36
42624.0,4
56634.0,5
20124.0,6
46602.0,5
60864.0,5
60878.0,5
3715.0,23
48562.0,6
3745.0,16
39358.0,9
39342.0,3
17824.0,8
60034.0,9
9824.0,23
38534.0,6
38504.0,7
38502.0,9
38514.0,7
38506.0,6
38516.0,8
51078.0,5
51086.0,2
49700.0,6
5947.0,28
9169.0,27
38061.0,4
50053.0,38
54138.0,9
23621.0,6
21467.0,1
38719.0,6
48892.0,6
64285.0,6
55164.0,6
1578.0,8
56904.0,5
4724.0,37
12824.0,7
41414.0,4
15124.0,6
60055.0,6
3188.0,15
61946.0,6
55226.0,6
56918.0,10
14265.0,102
31280.0,10
37244.0,6
25202.0,3
34836.0,4
51981.0,1
44512.0,3
44514.0,7
44498.0,3
44504.0,5
44500.0,13
38042.0,5
6662.0,31
49954.0,6
214.0,5
18037.0,8
3724.0,24
3360.0,4
46202.0,7
52794.0,11
2824.0,4
38057.0,6
38975.0,5
38014.0,7
32986.0,4
56420.0,6
34116.0,8
45944.0,5
45946.0,6
57388.0,6
57402.0,1
49926.0,3
50542.0,11
59860.0,5
59858.0,6
33206.0,2
38300.0,11
5939.0,23
45298.0,7
57900.0,7
56684.0,7
5982.0,33
52232.0,16
52246.0,6
25780.0,12
38125.0,4
2068.0,18
3187.0,4
6055.0,24
38241.0,5
2248.0,6
55590.0,13
38159.0,4
20202.0,50
27000.0,6
3706.0,21
19724.0,4
38261.0,3
40684.0,5
46560.0,5
52834.0,5
1180.0,100
48650.0,12
9049.0,32
19624.0,5
57522.0,17
4624.0,36
2053.0,113
50750.0,7
57182.0,7
57172.0,3
57186.0,7
35518.0,6
45672.0,13
3567.0,29
3807.0,17
56000.0,26
41530.0,2
1564.0,16
3924.0,19
49406.0,4
64544.0,4
42083.0,1
42067.0,3
42127.0,3
42131.0,1
42141.0,1
55674.0,6
10090.0,26
25668.0,7
5644.0,20
46298.0,14
57136.0,3
26624.0,6
6124.0,20
2141.0,2
34290.0,8
38267.0,5
12601.0,12
41338.0,8
38957.0,4
39949.0,2
52231.0,1
56301.0,10
39122.0,1
38239.0,4
10257.0,61
10052.0,26
59382.0,45
5931.0,28
5991.0,33
53826.0,11
57114.0,5
53262.0,4
3186.0,4
8812.0,26
23624.0,6
37268.0,7
35798.0,3
2533.0,2
64069.0,6
51976.0,3
37240.0,4
28424.0,4
20894.0,2
60127.0,6
22089.0,8
26504.0,1
8233.0,16
7524.0,21
15937.0,5
38485.0,4
49096.0,25
24952.0,2
8790.0,17
2119.0,2
39934.0,9
520.0,18
40194.0,6
8178.0,39
16397.0,2
38229.0,5
2012.0,25
28569.0,9
38826.0,12
57418.0,20
56196.0,3
21224.0,4
12231.0,18
13108.0,4
5920.0,160
48566.0,12
52188.0,5
43624.0,3
50484.0,7
13104.0,8
2163.0,7
43824.0,6
43826.0,4
44438.0,5
44400.0,19
35330.0,6
9007.0,36
36598.0,6
13105.0,2
8383.0,54
39394.0,3
7018.0,29
48290.0,9
26937.0,1
12323.0,17
53256.0,17
34174.0,3
12208.0,8
6266.0,17
12337.0,10
55919.0,1
25818.0,10
49803.0,8
1416.0,4
13106.0,2
18089.0,18
20080.0,24
18010.0,13
22639.0,1
38533.0,5
3353.0,2
2063.0,12
23063.0,6
56893.0,11
20030.0,30
39469.0,2
36670.0,5
52155.0,12
38317.0,7
58649.0,7
22924.0,6
6319.0,21
59200.0,14
58632.0,6
6731.0,17
56494.0,8
38119.0,4
38783.0,4
54060.0,3
52908.0,6
8570.0,17
3624.0,24
35974.0,3
38629.0,4
40226.0,2
46728.0,4
46742.0,3
43348.0,15
37624.0,2
38921.0,4
57733.0,9
38155.0,4
8803.0,42
33530.0,5
38527.0,5
26067.0,6
38201.0,4
38258.0,7
38937.0,4
35104.0,1
55220.0,6
12230.0,12
33516.0,4
20624.0,6
14895.0,11
58840.0,7
46306.0,3
40290.0,3
12285.0,4
38978.0,10
13107.0,2
5091.0,29
20552.0,2
60170.0,16
2630.0,6
60684.0,6
38995.0,6
16498.0,2
24424.0,5
16514.0,2
22854.0,2
3183.0,17
18856.0,4
38437.0,5
38220.0,7
40918.0,7
19276.0,2
47276.0,5
53064.0,6
16924.0,6
62865.0,9
12106.0,9
41056.0,3
38367.0,11
56130.0,3
9273.0,39
34158.0,5
51180.0,7
55622.0,3
59900.0,4
49436.0,3
36264.0,3
59698.0,4
38331.0,6
39856.0,6
8857.0,35
52516.0,3
12425.0,16
45624.0,2
45610.0,9
23244.0,2
38172.0,7
46378.0,6
38777.0,10
56616.0,6
53805.0,7
20618.0,2
16098.0,5
54860.0,8
45972.0,4
56556.0,6
1971.0,13
56564.0,7
12485.0,11
42962.0,10
31678.0,4
13099.0,2
32974.0,4
33658.0,5
64554.0,2
59214.0,8
53588.0,5
1960.0,8
1524.0,4
8924.0,21
20090.0,23
26233.0,2
47972.0,4
56330.0,5
37566.0,6
8185.0,28
59314.0,6
59320.0,8
8841.0,27
9616.0,26
40008.0,8
17124.0,5
8624.0,12
41234.0,12
22424.0,6
10091.0,25
43534.0,2
58398.0,4
58428.0,3
56240.0,2
28075.0,7
38758.0,7
36698.0,7
35382.0,9
5300.0,26
35178.0,3
35166.0,6
18074.0,5
45080.0,7
20228.0,6
25002.0,8
22224.0,5
5098.0,21
38742.0,10
65352.0,4
38649.0,4
47062.0,8
51476.0,5
56310.0,6
38491.0,5
42494.0,3
57282.0,5
42508.0,11
18924.0,5
13100.0,2
37699.0,2
49462.0,5
6947.0,25
3753.0,28
42302.0,9
56001.0,12
29424.0,5
39822.0,4
39832.0,4
25279.0,3
13101.0,2
48268.0,14
34394.0,5
13102.0,2
38008.0,6
22124.0,8
38882.0,6
55084.0,5
36316.0,3
50888.0,4
45103.0,2
59190.0,11
6713.0,20
38624.0,16
38915.0,4
36138.0,3
60118.0,3
36132.0,3
38130.0,8
2130.0,22
55996.0,3
38893.0,5
52916.0,7
56486.0,7
44612.0,5
7324.0,30
39091.0,2
41146.0,16
42292.0,7
41109.0,1
8582.0,20
38253.0,4
42176.0,5
48504.0,4
38294.0,10
18524.0,4
47264.0,19
38453.0,4
38623.0,5
43114.0,8
43108.0,8
24524.0,3
38594.0,7
38396.0,16
49438.0,4
19190.0,6
51938.0,6
19324.0,13
41062.0,4
45664.0,5
37946.0,7
16724.0,2
53264.0,5
54799.0,1
56554.0,7
43340.0,2
51950.0,4
20178.0,10
50574.0,6
39546.0,8
55081.0,7
36360.0,5
42834.0,4
37172.0,8
3703.0,14
33468.0,6
39566.0,13
13103.0,2
5912.0,37
21276.0,14
40849.0,1
53302.0,10
16530.0,10
1824.0,4
10224.0,19
18030.0,7
39904.0,8
41842.0,7
53628.0,4
3525.0,31
2150.0,8
45020.0,14
38115.0,6
41462.0,5
18022.0,12
42102.0,5
42818.0,5
38479.0,14
39082.0,10
47760.0,7
44902.0,6
44698.0,4
36466.0,5
18033.0,7
20255.0,2
12222.0,28
38959.0,5
60068.0,12
44422.0,4
38326.0,9
53868.0,9
5934.0,46
21024.0,9
55118.0,4
56342.0,5
42578.0,3
57372.0,2
57356.0,4
18424.0,2
33889.0,20
34676.0,7
39386.0,4
20312.0,8
47066.0,5
58710.0,4
36976.0,5
21935.0,17
52244.0,7
33974.0,4
38584.0,9
62186.0,9
9325.0,29
10762.0,25
24124.0,2
45726.0,7
38905.0,6
12544.0,3
54670.0,4
50660.0,7
32856.0,4
41852.0,6
59488.0,6
59490.0,4
47908.0,5
32533.0,2
488.0,4
34974.0,8
5424.0,28
38323.0,5
14724.0,3
16443.0,8
38617.0,5
40742.0,4
55820.0,7
50094.0,4
49846.0,15
6251.0,15
35870.0,11
7724.0,20
10569.0,15
6191.0,22
10937.0,17
3180.0,2
15886.0,1
38200.0,9
19824.0,3
10626.0,13
55266.0,4
48936.0,5
54530.0,8
4521.0,36
37416.0,15
5341.0,24
10956.0,15
38165.0,5
38473.0,7
5983.0,20
53606.0,2
9424.0,27
34912.0,17
10592.0,17
38707.0,5
6045.0,26
4017.0,20
58962.0,7
10918.0,16
60732.0,1
38699.0,14
55114.0,4
24824.0,2
57496.0,2
56500.0,9
10517.0,18
18093.0,3
10761.0,14
10514.0,17
24344.0,4
19189.0,6
16102.0,8
65052.0,2
12380.0,32
3087.0,14
5659.0,21
41178.0,8
48148.0,10
10900.0,21
42572.0,7
10658.0,17
49350.0,7
10605.0,16
38736.0,23
46744.0,5
5624.0,19
57704.0,1
10694.0,14
50330.0,6
10988.0,12
57666.0,7
58992.0,12
5572.0,21
41386.0,15
15018.0,19
27001.0,6
10936.0,27
36448.0,7
33283.0,7
5826.0,22
5979.0,33
51836.0,8
12257.0,22
38589.0,6
50952.0,9
51138.0,5
10877.0,12
5919.0,196
21279.0,22
42242.0,4
37516.0,12
10703.0,11
10867.0,14
10919.0,23
7455.0,20
1788.0,2
10504.0,18
10508.0,28
8980.0,36
21231.0,21
10946.0,23
56306.0,1
44700.0,6
56308.0,1
2013.0,17
10655.0,17
45016.0,3
6433.0,23
48794.0,8
51662.0,6
28198.0,9
5913.0,38
35314.0,3
45512.0,9
12122.0,15
12499.0,4
40838.0,6
12238.0,7
38140.0,10
21733.0,3
5992.0,27
10619.0,18
38432.0,8
10765.0,24
5932.0,33
65393.0,1
35475.0,1
38245.0,6
57514.0,3
32644.0,7
44066.0,3
10618.0,17
44058.0,10
12410.0,17
52554.0,7
57484.0,2
39276.0,17
42204.0,2
10938.0,18
10948.0,21
38664.0,6
37352.0,6
45170.0,5
38771.0,5
21313.0,11
10053.0,20
3877.0,18
46854.0,2
10594.0,17
55588.0,8
10749.0,15
10191.0,25
3952.0,35
40758.0,5
6052.0,31
50862.0,2
50876.0,7
38444.0,12
20596.0,7
10884.0,17
38045.0,5
59436.0,5
10477.0,28
5255.0,34
45100.0,6
41944.0,8
60276.0,6
19275.0,10
49498.0,4
10684.0,15
39725.0,2
50666.0,2
58954.0,6
55832.0,3
37356.0,4
37936.0,5
24971.0,1
10915.0,18
4855.0,30
40201.0,2
10803.0,18
10940.0,26
10520.0,18
10897.0,16
37042.0,10
43790.0,5
41802.0,6
10556.0,18
28888.0,11
10575.0,16
36348.0,2
10949.0,19
12490.0,6
39603.0,2
34412.0,9
2194.0,11
38421.0,4
57970.0,6
35916.0,12
2559.0,6
58740.0,1
47590.0,9
10526.0,13
53146.0,2
56514.0,3
58176.0,6
10542.0,14
2065.0,20
42046.0,5
38713.0,4
10864.0,20
10913.0,17
5299.0,19
25302.0,3
41893.0,3
10961.0,15
39433.0,2
41643.0,11
10538.0,16
53552.0,2
49678.0,15
54304.0,2
10969.0,17
16177.0,6
10999.0,16
47266.0,2
38251.0,5
64152.0,2
43880.0,4
39115.0,3
10545.0,17
10990.0,14
10715.0,14
10527.0,15
55956.0,4
10744.0,24
55960.0,1
10566.0,16
40603.0,2
3852.0,20
34218.0,5
51164.0,20
10672.0,25
51466.0,4
43766.0,6
53806.0,12
39897.0,2
41888.0,4
10685.0,17
10541.0,19
10552.0,19
5120.0,30
10736.0,15
40588.0,9
10983.0,28
40608.0,7
36260.0,7
40814.0,2
41458.0,6
17855.0,2
10928.0,19
10750.0,12
55774.0,1
48431.0,1
10670.0,18
35902.0,7
39034.0,5
18875.0,6
33570.0,4
18149.0,6
10944.0,16
39809.0,2
10609.0,18
42566.0,3
10579.0,18
46486.0,5
20180.0,2
8596.0,17
47050.0,6
10564.0,16
10798.0,16
10960.0,17
10996.0,15
5915.0,34
60726.0,6
10837.0,16
10890.0,13
10523.0,15
36478.0,4
43122.0,6
20269.0,8
33046.0,7
35488.0,5
51152.0,5
35560.0,6
55256.0,3
10548.0,23
10532.0,16
10924.0,26
10624.0,20
25793.0,3
41872.0,2
56740.0,7
56768.0,3
29029.0,1
51555.0,2
47272.0,6
47848.0,7
38889.0,5
38717.0,4
10982.0,16
59598.0,4
41493.0,8
37686.0,7
38943.0,6
43786.0,3
38005.0,4
10858.0,16
59426.0,5
25022.0,9
29500.0,4
55766.0,7
7946.0,41
53594.0,5
10673.0,15
10893.0,14
23452.0,2
10939.0,16
49966.0,5
47716.0,5
32854.0,3
10963.0,15
5590.0,31
10677.0,17
59124.0,2
59108.0,10
41769.0,2
59114.0,12
10502.0,29
43592.0,3
58446.0,1
55276.0,8
35550.0,5
38438.0,6
3406.0,12
38762.0,6
10945.0,19
6556.0,15
20154.0,9
20083.0,8
64444.0,4
53197.0,2
8901.0,26
59732.0,5
2678.0,6
58828.0,4
12447.0,8
10599.0,17
10201.0,32
47019.0,3
59319.0,1
5997.0,25
51616.0,5
22344.0,2
10978.0,17
33862.0,11
56714.0,6
56706.0,2
56550.0,5
38972.0,8
10852.0,22
10799.0,19
10768.0,19
10530.0,17
47194.0,6
38687.0,5
10921.0,14
10816.0,20
47494.0,15
49110.0,5
60565.0,8
10748.0,16
37180.0,6
10518.0,20
41290.0,6
41296.0,3
55478.0,5
58012.0,5
38966.0,8
18107.0,2
40334.0,8
13094.0,2
48640.0,9
44476.0,2
43262.0,5
53401.0,1
12112.0,18
57034.0,6
57040.0,4
10543.0,15
10666.0,25
8769.0,14
48862.0,5
13095.0,4
46030.0,6
5520.0,20
10529.0,17
42866.0,8
21651.0,6
46152.0,8
48488.0,4
10927.0,21
10645.0,17
10976.0,19
18099.0,15
47616.0,8
60552.0,4
18079.0,7
59530.0,10
10917.0,24
10662.0,16
38070.0,8
10722.0,14
10861.0,21
26000.0,14
38874.0,6
53764.0,7
10832.0,23
10847.0,16
10576.0,19
10732.0,14
10676.0,20
43062.0,7
52640.0,4
10512.0,16
10925.0,14
10906.0,16
10647.0,15
18015.0,11
41488.0,7
10941.0,12
10669.0,16
15024.0,3
52190.0,5
38793.0,8
39598.0,7
38895.0,8
10555.0,20
10528.0,17
10730.0,19
43970.0,6
43972.0,4
59160.0,7
34342.0,5
3975.0,52
52336.0,5
20150.0,8
14924.0,2
10942.0,20
48070.0,6
45250.0,4
23354.0,6
5130.0,33
1178.0,6
10707.0,17
10509.0,17
34236.0,6
36384.0,3
10597.0,18
37364.0,4
38612.0,8
10584.0,14
10572.0,14
10608.0,16
50267.0,6
43152.0,7
7624.0,38
44224.0,5
32934.0,2
10979.0,15
10831.0,17
54022.0,9
6499.0,15
46406.0,5
46394.0,12
10050.0,43
3024.0,4
10745.0,17
21301.0,24
18075.0,4
48041.0,6
40555.0,4
10818.0,14
9299.0,40
10827.0,18
60540.0,6
20151.0,8
44218.0,13
27124.0,2
52320.0,4
6799.0,22
57916.0,6
10628.0,22
10846.0,19
13096.0,2
36326.0,5
36362.0,3
38321.0,10
41576.0,8
14701.0,6
20424.0,2
10856.0,16
3424.0,5
2109.0,3
10763.0,21
60928.0,6
10833.0,17
49540.0,2
13097.0,2
41288.0,9
39880.0,2
10551.0,18
10934.0,16
10754.0,15
10807.0,17
43710.0,10
44316.0,6
18007.0,4
40081.0,2
57740.0,6
38887.0,4
51948.0,3
46012.0,4
10596.0,18
10631.0,14
10610.0,17
35590.0,3
34922.0,4
49302.0,3
10923.0,16
10895.0,19
49180.0,2
38616.0,6
60682.0,2
38620.0,11
38181.0,5
10826.0,18
53576.0,4
53562.0,4
10989.0,14
36920.0,1
10902.0,16
40830.0,1
10953.0,11
42090.0,6
31180.0,8
38846.0,9
13380.0,18
10501.0,19
12184.0,7
48708.0,10
38215.0,7
38807.0,3
44267.0,1
10681.0,19
3324.0,4
10615.0,21
10968.0,16
25328.0,3
10758.0,19
50026.0,15
10855.0,18
38428.0,15
18035.0,5
42295.0,1
59822.0,6
38359.0,6
49021.0,4
10962.0,20
10994.0,20
10601.0,13
60186.0,6
10603.0,14
10995.0,15
15178.0,4
50898.0,6
12204.0,25
10868.0,18
10549.0,16
10842.0,16
37430.0,2
10671.0,19
17224.0,5
12205.0,13
16036.0,8
18824.0,2
3176.0,8
10531.0,18
45318.0,4
5937.0,28
43148.0,8
43894.0,3
10733.0,20
10922.0,16
10916.0,19
56418.0,2
12206.0,10
63111.0,6
8316.0,22
64050.0,7
10888.0,18
10654.0,16
10727.0,19
36668.0,8
55486.0,2
3740.0,18
10721.0,16
10926.0,15
10735.0,17
10851.0,17
44942.0,3
5981.0,27
50602.0,12
57948.0,7
57950.0,9
5352.0,33
32874.0,4
10874.0,19
48052.0,6
48068.0,5
13724.0,6
8062.0,35
39354.0,7
10562.0,17
40668.0,3
10903.0,16
14624.0,2
10651.0,25
25492.0,3
10981.0,18
50504.0,8
10656.0,20
10616.0,14
45060.0,9
10557.0,15
45074.0,7
26352.0,2
22244.0,5
34006.0,3
25233.0,5
58926.0,6
55402.0,5
10993.0,20
43940.0,8
38029.0,4
37840.0,4
43352.0,4
54743.0,6
56594.0,5
25424.0,4
10693.0,19
60824.0,4
13089.0,2
36184.0,5
16050.0,2
13090.0,9
34536.0,4
10985.0,18
38701.0,4
38415.0,5
10853.0,15
10513.0,18
37548.0,10
22324.0,2
27324.0,2
50926.0,6
61728.0,8
41476.0,5
26824.0,2
32852.0,13
10931.0,15
6291.0,18
4144.0,20
10649.0,17
45443.0,4
10813.0,18
52302.0,6
52298.0,2
10991.0,14
6452.0,20
40355.0,4
47292.0,5
47308.0,7
10503.0,18
6202.0,16
21264.0,13
13091.0,2
17633.0,2
49816.0,10
10606.0,12
10883.0,14
16006.0,13
3771.0,19
21671.0,8
42514.0,1
6230.0,16
12470.0,20
36880.0,6
10682.0,19
10580.0,18
51222.0,4
29824.0,2
16014.0,8
22295.0,2
38191.0,5
50548.0,9
3345.0,6
10899.0,19
32424.0,3
10515.0,16
57955.0,6
10724.0,19
36848.0,5
39301.0,3
10540.0,25
44702.0,5
38690.0,14
41623.0,3
40365.0,8
156.0,2
41066.0,7
38420.0,3
10560.0,17
20457.0,6
58894.0,8
10869.0,17
10558.0,16
38409.0,5
26799.0,6
3141.0,13
50166.0,5
47440.0,6
41126.0,8
12141.0,19
10536.0,17
6310.0,19
13092.0,2
21424.0,4
10849.0,18
58943.0,6
12509.0,15
10623.0,19
17724.0,3
36648.0,5
41379.0,2
10804.0,18
2468.0,8
10578.0,15
10611.0,19
10845.0,16
10811.0,16
54052.0,7
54638.0,3
40811.0,2
10547.0,13
57828.0,9
10920.0,19
10932.0,18
9270.0,27
48370.0,2
58100.0,6
5832.0,23
42044.0,8
43443.0,8
10644.0,19
36850.0,7
46642.0,3
10952.0,16
21253.0,11
48398.0,2
40294.0,6
50650.0,8
32724.0,3
10972.0,12
43854.0,7
30551.0,1
35811.0,2
21877.0,2
13093.0,2
38188.0,7
48718.0,5
57085.0,8
3057.0,8
10535.0,12
50518.0,5
10876.0,19
10691.0,19
58636.0,3
58622.0,5
34396.0,4
46214.0,6
51244.0,13
10872.0,16
32271.0,7
2642.0,6
28292.0,11
10652.0,18
52636.0,3
48648.0,3
10570.0,17
16080.0,9
55006.0,3
36810.0,4
21211.0,14
43439.0,2
14124.0,2
24024.0,4
38832.0,2
38142.0,7
10766.0,14
60319.0,6
5537.0,14
42762.0,6
33160.0,6
10699.0,17
10840.0,16
51510.0,6
38627.0,5
51034.0,4
51038.0,4
31824.0,4
10930.0,19
12138.0,10
48454.0,12
38075.0,4
57526.0,2
55728.0,5
10728.0,19
9084.0,49
45786.0,3
37678.0,7
10914.0,18
10708.0,21
60388.0,9
41815.0,4
50473.0,2
60004.0,23
37692.0,5
37690.0,8
51064.0,4
343.0,4
37684.0,5
48810.0,14
45985.0,9
44086.0,2
44104.0,5
40468.0,2
35372.0,6
10769.0,16
10970.0,16
38842.0,3
10987.0,18
38134.0,14
19048.0,8
44778.0,9
47670.0,8
38433.0,5
10929.0,18
10817.0,13
43406.0,6
52756.0,6
20122.0,39
52462.0,6
10829.0,19
19424.0,2
56850.0,8
40605.0,2
25232.0,3
10871.0,17
7700.0,87
38015.0,7
6482.0,19
53424.0,3
53426.0,3
55092.0,7
29524.0,4
50254.0,4
53896.0,3
21710.0,2
10760.0,19
48956.0,5
38328.0,9
10586.0,18
55398.0,7
35422.0,11
60238.0,2
54520.0,8
54532.0,3
31024.0,7
33734.0,2
42890.0,5
46413.0,5
10764.0,19
6722.0,19
15624.0,2
41309.0,2
32846.0,5
35240.0,11
10710.0,19
1953.0,4
10992.0,14
10967.0,16
10719.0,17
10544.0,17
12520.0,7
38186.0,8
34423.0,3
48611.0,7
51211.0,1
49949.0,2
41713.0,1
49934.0,14
10965.0,16
60792.0,10
44.0,6
6346.0,24
34768.0,3
10585.0,14
10716.0,16
62101.0,2
56610.0,4
33654.0,7
41266.0,8
59612.0,1
41608.0,4
45156.0,10
45166.0,5
38907.0,4
38058.0,10
25277.0,3
10830.0,17
10521.0,17
36322.0,8
20105.0,10
50384.0,2
10607.0,16
10823.0,22
38306.0,8
20087.0,9
10889.0,17
37414.0,9
10986.0,16
36198.0,4
10841.0,19
38744.0,8
58150.0,2
9188.0,37
41167.0,2
34712.0,6
10912.0,14
37190.0,3
22574.0,2
44292.0,1
38799.0,7
10802.0,65
42782.0,6
25095.0,5
37220.0,2
10824.0,16
10641.0,17
38655.0,6
17266.0,7
38633.0,5
58528.0,2
9210.0,47
10862.0,20
6709.0,11
8042.0,27
48190.0,8
45476.0,3
10639.0,15
45162.0,10
44528.0,4
10905.0,17
56672.0,4
38093.0,5
10955.0,14
38637.0,4
38422.0,11
36865.0,1
41104.0,11
48998.0,4
38327.0,4
51934.0,6
57748.0,4
3173.0,4
38427.0,4
10692.0,23
10891.0,14
10892.0,18
10181.0,30
10667.0,21
6672.0,34
38764.0,11
10204.0,33
42350.0,11
20063.0,9
10718.0,17
10854.0,16
422.0,8
59596.0,9
10588.0,16
43891.0,8
45054.0,7
2715.0,10
34802.0,5
9338.0,27
34380.0,2
10898.0,18
10908.0,16
55146.0,1
6778.0,22
1526.0,10
50378.0,7
38806.0,5
35584.0,6
52806.0,5
17688.0,1
20021.0,2
56958.0,1
21310.0,8
10910.0,16
10850.0,17
10770.0,16
10873.0,12
34976.0,8
38105.0,5
38439.0,1
10860.0,16
41314.0,6
10894.0,22
59704.0,7
49358.0,4
10757.0,19
10984.0,18
10740.0,14
2134.0,12
10747.0,17
36818.0,2
36272.0,4
43338.0,6
64477.0,7
10964.0,19
32452.0,2
55944.0,5
56444.0,3
34156.0,5
39055.0,6
10522.0,20
10510.0,16
10690.0,15
59814.0,8
3646.0,24
10878.0,19
53336.0,6
2433.0,12
57198.0,3
38471.0,6
10863.0,16
6889.0,18
10714.0,20
46528.0,11
33010.0,3
10726.0,14
10696.0,18
28185.0,6
10627.0,18
10563.0,20
59400.0,2
44544.0,5
45690.0,4
12009.0,2
29752.0,2
65135.0,9
10966.0,14
10998.0,17
32244.0,2
10839.0,18
41117.0,2
3226.0,8
50009.0,37
2509.0,6
53534.0,7
12136.0,9
9308.0,29
10848.0,19
10590.0,16
4013.0,14
10664.0,14
26344.0,2
14016.0,2
10951.0,18
1748.0,3
10959.0,69
14638.0,10
12493.0,14
20060.0,7
46598.0,7
10505.0,14
53136.0,5
3804.0,19
12262.0,5
58660.0,3
10997.0,22
20096.0,7
34482.0,4
13629.0,2
39197.0,2
54078.0,8
10717.0,18
59228.0,4
41566.0,7
44746.0,3
54300.0,13
41683.0,2
3869.0,23
6498.0,16
54094.0,4
51952.0,8
10825.0,17
6508.0,15
46440.0,5
46442.0,7
10635.0,26
53278.0,12
10805.0,17
38900.0,4
6546.0,19
58258.0,7
20375.0,8
10815.0,24
10980.0,19
53074.0,5
53066.0,4
10751.0,20
10828.0,17
10738.0,18
58702.0,4
10519.0,17
2091.0,7
25006.0,9
44188.0,4
44192.0,5
10661.0,18
5634.0,18
10974.0,19
38486.0,9
10975.0,13
58542.0,17
38910.0,7
35658.0,6
10709.0,20
16284.0,9
10907.0,17
10660.0,16
39224.0,7
46270.0,7
10814.0,18
38763.0,5
6233.0,20
10774.0,16
3171.0,2
39687.0,2
10742.0,18
10511.0,19
6571.0,28
43054.0,4
43076.0,5
10525.0,19
4701.0,41
44658.0,2
10836.0,19
44662.0,7
41349.0,2
10729.0,15
24755.0,2
49574.0,5
27142.0,9
33527.0,2
10835.0,12
10753.0,24
50513.0,2
40169.0,2
33208.0,5
38841.0,5
10772.0,14
10843.0,17
10731.0,16
21280.0,16
21303.0,21
43460.0,2
10885.0,17
10746.0,23
58253.0,1
48872.0,7
2985.0,7
50830.0,4
10957.0,17
36056.0,10
37990.0,7
36082.0,6
10971.0,19
42550.0,11
10653.0,16
13088.0,2
18102.0,9
10865.0,18
10577.0,18
3897.0,18
44390.0,5
658.0,2
10870.0,18
10950.0,18
2140.0,7
37012.0,2
13084.0,9
47112.0,12
47116.0,5
39906.0,5
38255.0,4
13085.0,2
57600.0,7
37962.0,7
37966.0,3
4370.0,17
52528.0,5
37984.0,4
49252.0,6
59620.0,4
8506.0,21
22271.0,8
56236.0,3
56242.0,6
33174.0,8
23919.0,7
5257.0,29
45506.0,6
54674.0,2
10809.0,13
58268.0,5
10581.0,19
10743.0,15
35672.0,6
55144.0,10
10602.0,16
20100.0,5
20016.0,7
37704.0,14
10977.0,24
14508.0,8
53208.0,8
10822.0,20
35852.0,4
47082.0,1
10755.0,18
30952.0,2
31783.0,3
10679.0,16
43980.0,12
48104.0,6
47752.0,18
46362.0,9
10720.0,16
41894.0,3
64489.0,3
10866.0,18
10958.0,16
56976.0,6
41887.0,2
10725.0,15
10507.0,14
39996.0,5
48264.0,3
44997.0,4
10857.0,18
47532.0,3
55218.0,5
12220.0,7
10546.0,19
12518.0,11
10879.0,17
9952.0,25
39263.0,2
4823.0,22
10099.0,24
9456.0,29
10638.0,28
41784.0,9
43744.0,6
37599.0,2
1319.0,2
42104.0,9
19165.0,8
63659.0,2
10775.0,12
5945.0,28
49170.0,12
37317.0,2
13087.0,2
35806.0,7
35834.0,2
40919.0,4
35876.0,6
42390.0,3
20200.0,12
47430.0,3
33284.0,5
43100.0,7
3017.0,8
1273.0,8
10773.0,14
40997.0,2
49412.0,1
10680.0,16
41561.0,7
19261.0,1
40467.0,2
43342.0,11
5085.0,16
10723.0,15
56642.0,5
5609.0,39
33912.0,9
53504.0,4
18433.0,2
10657.0,16
52628.0,4
39228.0,6
46842.0,13
12446.0,23
46466.0,3
37582.0,6
39930.0,6
42714.0,16
58480.0,9
10633.0,14
10711.0,17
3169.0,7
34456.0,4
23001.0,2
58608.0,4
58648.0,3
58618.0,7
33055.0,2
41753.0,2
10568.0,19
43664.0,8
43678.0,5
43686.0,5
10072.0,19
2295.0,11
37628.0,7
19252.0,2
51498.0,5
10629.0,13
39688.0,6
56054.0,3
10896.0,13
10887.0,16
10534.0,18
33238.0,3
23960.0,11
55138.0,6
10595.0,21
10398.0,36
41864.0,2
25455.0,3
21500.0,12
39743.0,2
10587.0,15
49916.0,5
38183.0,11
10621.0,20
10737.0,18
10741.0,17
45718.0,2
39316.0,20
41381.0,2
10697.0,19
46578.0,5
26400.0,2
10838.0,17
42848.0,3
10686.0,18
43466.0,5
13079.0,2
10834.0,19
12744.0,2
117.0,2
38304.0,8
3731.0,17
44155.0,4
10683.0,19
43640.0,4
32381.0,4
38997.0,4
45820.0,13
15044.0,12
37985.0,2
55691.0,1
3168.0,41
10759.0,16
58688.0,2
13081.0,2
10756.0,20
20028.0,11
36054.0,3
36062.0,9
57454.0,5
10553.0,12
25407.0,4
10648.0,18
6218.0,23
1133.0,4
5241.0,24
56978.0,3
13080.0,2
10859.0,16
10880.0,20
10776.0,16
10047.0,27
45529.0,10
57100.0,16
2008.0,25
659.0,2
6210.0,18
10678.0,20
45682.0,4
45668.0,2
43978.0,1
10702.0,20
17044.0,2
35470.0,6
38376.0,4
38064.0,8
53468.0,5
38198.0,5
41637.0,2
10806.0,18
3358.0,10
37568.0,6
44345.0,11
65380.0,8
10659.0,14
19204.0,6
46001.0,6
9130.0,27
1986.0,4
7733.0,16
10061.0,22
3716.0,14
32308.0,8
8064.0,22
20058.0,7
5363.0,35
20082.0,21
52968.0,3
10701.0,67
60838.0,4
10593.0,14
38968.0,11
9253.0,36
60546.0,3
36288.0,5
8401.0,31
10625.0,14
13083.0,2
38257.0,5
24808.0,7
35808.0,12
35792.0,4
62860.0,4
33748.0,5
10819.0,18
16016.0,4
10591.0,16
710.0,2
52544.0,4
10589.0,18
38583.0,4
35229.0,11
10734.0,15
36708.0,3
10539.0,13
15192.0,10
41363.0,2
12176.0,6
41772.0,6
6485.0,22
10665.0,13
37342.0,4
49101.0,2
39961.0,8
12156.0,9
28744.0,2
49598.0,10
52196.0,9
5872.0,32
40836.0,2
17084.0,6
6796.0,29
10617.0,21
48868.0,16
48882.0,7
10713.0,18
44204.0,4
36240.0,6
8154.0,28
36870.0,6
10705.0,19
43440.0,5
38147.0,4
37559.0,2
10571.0,14
10632.0,20
10642.0,16
15387.0,6
46814.0,4
38275.0,5
12507.0,2
49022.0,2
38747.0,6
38601.0,4
44566.0,13
3166.0,11
42538.0,7
10698.0,16
38392.0,9
38891.0,4
54162.0,5
20047.0,6
25288.0,3
60442.0,8
53639.0,8
38169.0,6
49996.0,4
7550.0,36
43670.0,5
38567.0,4
36373.0,4
32265.0,6
6099.0,24
42504.0,5
40909.0,12
10636.0,18
41042.0,4
38305.0,4
54059.0,1
10600.0,15
3827.0,22
64244.0,2
38087.0,6
41087.0,14
55997.0,3
41170.0,7
9981.0,90
48938.0,7
12559.0,11
29926.0,1
10582.0,19
12863.0,6
10706.0,18
10650.0,16
41972.0,12
5553.0,30
2886.0,6
26155.0,2
10598.0,15
38989.0,5
15152.0,2
38211.0,4
54886.0,8
38059.0,4
49006.0,5
8621.0,24
38912.0,7
38577.0,5
54470.0,3
10882.0,21
25346.0,5
12590.0,14
10821.0,13
12403.0,2
14855.0,2
10688.0,21
18112.0,9
10663.0,17
58598.0,6
29944.0,2
10695.0,16
3815.0,16
10767.0,18
64752.0,3
10565.0,17
20158.0,10
37728.0,4
34300.0,3
3068.0,6
40466.0,8
6595.0,10
10620.0,14
5056.0,19
34932.0,5
38049.0,6
38107.0,5
38746.0,12
4533.0,29
37273.0,5
50340.0,3
59131.0,3
60452.0,9
41190.0,7
10630.0,20
10622.0,16
38531.0,4
33969.0,2
9089.0,47
49146.0,5
49918.0,6
49920.0,5
52167.0,2
60740.0,14
48852.0,7
9241.0,32
3362.0,8
37321.0,11
38938.0,9
57292.0,4
60031.0,4
55730.0,1
58544.0,3
38490.0,11
6057.0,21
45428.0,4
37714.0,3
43708.0,13
12199.0,13
10537.0,17
48064.0,3
48222.0,5
10561.0,10
10637.0,16
16175.0,1
38297.0,4
14633.0,2
41058.0,6
52536.0,20
10613.0,17
1693.0,7
35052.0,8
40745.0,2
40478.0,3
44396.0,4
56456.0,4
56725.0,2
38269.0,4
3164.0,6
63523.0,1
46026.0,8
8838.0,19
38919.0,6
41123.0,2
6265.0,53
41246.0,19
10419.0,27
4658.0,38
42877.0,12
43795.0,33
37105.0,4
48502.0,1
20936.0,2
53686.0,9
44564.0,5
6784.0,19
8925.0,10
56385.0,3
24314.0,8
10092.0,27
33048.0,5
46310.0,4
2241.0,1
45493.0,1
44704.0,5
55806.0,2
3782.0,20
62835.0,6
1280.0,2
13366.0,2
37323.0,3
40504.0,12
10612.0,15
21254.0,16
25255.0,2
12536.0,9
38538.0,8
40044.0,4
10954.0,18
10687.0,18
38971.0,6
52606.0,6
52616.0,6
46646.0,5
18844.0,2
2133.0,22
2.0,18
35976.0,3
44536.0,6
33668.0,5
39618.0,4
10614.0,14
40362.0,8
40380.0,9
40376.0,6
12211.0,2
38749.0,4
35896.0,2
55106.0,5
12219.0,2
36557.0,2
38023.0,5
40336.0,5
37937.0,2
38477.0,4
4035.0,21
60798.0,12
12239.0,5
37130.0,9
37920.0,4
45270.0,3
54044.0,2
10689.0,16
64928.0,6
47818.0,3
47830.0,13
38495.0,4
38060.0,11
6155.0,22
38053.0,4
10567.0,19
12335.0,11
61962.0,12
37326.0,4
37312.0,4
13074.0,2
36166.0,5
36178.0,3
40477.0,2
13426.0,3
10550.0,17
2060.0,12
38163.0,4
38031.0,4
4999.0,66
38055.0,5
16096.0,4
9312.0,33
36786.0,5
60024.0,8
10574.0,15
42371.0,2
40752.0,9
39539.0,6
59224.0,8
6405.0,18
47126.0,3
5252.0,46
242.0,2
18455.0,2
43266.0,3
4447.0,19
33178.0,3
5133.0,36
55206.0,4
6551.0,21
12309.0,12
33548.0,1
13075.0,8
12313.0,10
35856.0,3
34682.0,5
10646.0,18
38101.0,4
13076.0,2
38217.0,4
6204.0,19
49721.0,2
6290.0,23
12334.0,11
6637.0,17
12421.0,16
12891.0,1
10640.0,16
12330.0,16
34844.0,14
38393.0,4
48225.0,1
10583.0,15
57850.0,4
13077.0,2
12270.0,12
35420.0,3
39686.0,8
12332.0,6
63362.0,6
45380.0,5
45039.0,19
60015.0,6
1964.0,14
64781.0,1
59266.0,8
501.0,15
49182.0,5
8809.0,21
2420.0,6
20042.0,10
40242.0,8
38178.0,6
38960.0,16
50250.0,6
20059.0,6
15413.0,1
38262.0,10
31405.0,2
6221.0,18
12910.0,1
12331.0,8
38925.0,6
1049.0,8
12327.0,11
30933.0,1
45384.0,3
38387.0,4
50558.0,3
38573.0,6
44864.0,5
44868.0,7
6730.0,20
20041.0,10
42610.0,4
5574.0,22
35884.0,6
45234.0,14
39095.0,2
12408.0,15
51417.0,7
16004.0,4
51014.0,4
38729.0,5
53566.0,2
3161.0,6
12328.0,11
39617.0,2
38095.0,4
12415.0,18
27960.0,2
45896.0,9
55055.0,10
40618.0,4
37043.0,2
39365.0,2
38325.0,10
2422.0,10
6536.0,21
59990.0,12
27963.0,2
49014.0,4
4050.0,25
39340.0,5
43962.0,4
802.0,4
45260.0,6
16029.0,17
40967.0,4
7845.0,17
21283.0,19
60876.0,5
60888.0,7
58708.0,6
9667.0,22
53906.0,5
49086.0,4
49102.0,12
9328.0,22
20798.0,7
9146.0,33
12433.0,13
42628.0,4
24425.0,1
5935.0,20
56759.0,1
21305.0,28
51270.0,5
57400.0,11
1972.0,7
10018.0,28
55168.0,4
13069.0,2
15443.0,78
38558.0,6
6421.0,19
13070.0,2
60896.0,2
60098.0,16
40319.0,2
21608.0,1
33.0,12
41023.0,2
35966.0,7
37659.0,1
1533.0,2
2569.0,11
6038.0,18
38322.0,8
60880.0,13
59571.0,1
52584.0,6
6420.0,21
42720.0,13
56004.0,5
38986.0,5
3106.0,18
38452.0,10
45050.0,7
59262.0,2
41046.0,4
6123.0,23
20031.0,6
5674.0,26
38688.0,7
10397.0,32
33028.0,6
1505.0,3
3749.0,33
65535.0,27
35980.0,6
64713.0,1
23144.0,2
38939.0,3
39370.0,7
43276.0,4
38357.0,4
52498.0,6
38363.0,3
53708.0,7
62226.0,1
40260.0,3
43716.0,5
1844.0,2
22136.0,4
50832.0,9
38711.0,2
15689.0,3
59982.0,10
50742.0,2
26647.0,1
38775.0,11
47284.0,30
47290.0,2
38761.0,2
41335.0,2
6736.0,18
44309.0,4
55810.0,4
53484.0,12
59350.0,7
38728.0,6
39752.0,6
45548.0,8
37592.0,4
9038.0,33
4442.0,32
42718.0,2
56172.0,2
51408.0,8
38193.0,2
18199.0,1
49036.0,14
52440.0,10
52430.0,5
9118.0,25
34914.0,12
38671.0,2
47232.0,2
44486.0,16
6642.0,17
38539.0,5
43475.0,1
2239.0,4
45950.0,3
34066.0,3
12368.0,5
65115.0,2
38596.0,3
38611.0,3
65455.0,2
55630.0,4
13071.0,2
38152.0,11
41655.0,4
39084.0,5
39086.0,9
9215.0,50
60883.0,1
40988.0,6
60039.0,9
37466.0,8
12150.0,16
38157.0,3
12165.0,16
47662.0,7
34984.0,10
3878.0,17
39768.0,6
38561.0,2
38861.0,2
33996.0,3
12174.0,4
45314.0,4
38024.0,8
38032.0,6
16955.0,2
60760.0,5
38757.0,11
12790.0,1
42398.0,4
12178.0,9
51374.0,4
1388.0,98
33554.0,3
42091.0,2
42454.0,6
6454.0,16
42456.0,9
45890.0,3
45904.0,6
40188.0,8
38953.0,2
9802.0,24
28444.0,6
57070.0,4
38659.0,3
51478.0,7
52490.0,4
59100.0,17
59402.0,1
49062.0,6
50613.0,1
50488.0,10
53260.0,9
53276.0,5
53292.0,5
53344.0,4
39829.0,2
36390.0,6
33536.0,4
39730.0,6
53060.0,3
53070.0,1
53088.0,4
53078.0,3
45142.0,19
53120.0,10
53126.0,9
53130.0,3
53134.0,4
53216.0,2
52778.0,7
52792.0,2
52798.0,9
6474.0,20
52856.0,3
52846.0,4
52850.0,4
52862.0,3
34540.0,4
52922.0,7
52978.0,6
52964.0,6
52982.0,8
52564.0,9
52560.0,16
52598.0,4
52610.0,4
52620.0,4
1695.0,9
53608.0,7
52676.0,6
52662.0,1
52698.0,5
52702.0,7
52762.0,6
52322.0,4
40326.0,1
14782.0,14
51360.0,4
52340.0,3
52346.0,4
52352.0,3
52374.0,4
52426.0,3
52456.0,5
52466.0,3
52476.0,4
39133.0,2
52480.0,4
52504.0,9
52518.0,2
52140.0,4
52136.0,7
52150.0,3
52154.0,1
52166.0,4
52194.0,4
52206.0,3
52198.0,8
52216.0,5
52228.0,6
52262.0,15
52270.0,5
52278.0,3
39021.0,2
52314.0,3
52318.0,5
8179.0,32
58286.0,8
58302.0,3
3147.0,42
53178.0,7
53192.0,3
3149.0,6
49104.0,5
41252.0,10
12104.0,13
36398.0,5
51770.0,1
54212.0,4
54216.0,10
37495.0,2
20067.0,2
19852.0,2
38497.0,5
38395.0,2
36899.0,1
52204.0,5
38735.0,2
54264.0,5
5554.0,24
41299.0,2
59616.0,7
12370.0,6
61264.0,1
45898.0,3
8157.0,26
40751.0,2
36788.0,4
12248.0,6
38465.0,2
31697.0,1
42060.0,4
40120.0,9
5234.0,37
57862.0,5
41003.0,2
37415.0,2
38993.0,2
55678.0,5
55670.0,3
55682.0,3
20032.0,9
40480.0,8
9496.0,24
48666.0,13
48682.0,7
17070.0,9
38980.0,6
65443.0,12
2419.0,6
5264.0,31
35258.0,5
5387.0,42
6366.0,21
36468.0,7
38488.0,9
39518.0,5
5635.0,21
20045.0,15
35502.0,4
40828.0,5
16821.0,7
38576.0,3
27269.0,1
41217.0,2
56857.0,4
38260.0,6
12980.0,10
3194.0,8
8452.0,24
39081.0,2
48516.0,3
5569.0,36
39591.0,2
44385.0,1
53082.0,16
60136.0,7
18097.0,9
3198.0,6
38227.0,5
33422.0,10
101.0,18
45202.0,6
50826.0,3
45216.0,7
39504.0,7
39191.0,2
6675.0,16
56092.0,7
38653.0,5
35466.0,10
35496.0,8
60188.0,3
60594.0,7
3861.0,21
3821.0,22
41423.0,2
53862.0,3
53880.0,8
17102.0,12
60529.0,1
49066.0,4
58502.0,11
58596.0,4
50456.0,3
38449.0,2
37092.0,9
9355.0,19
59654.0,9
47314.0,6
46434.0,6
46418.0,5
12636.0,9
57201.0,46
60622.0,5
10434.0,72
62782.0,2
10438.0,18
10448.0,18
10462.0,18
3095.0,12
38143.0,3
38871.0,2
55676.0,4
55680.0,4
47070.0,8
47074.0,3
47078.0,2
54464.0,6
38951.0,1
3754.0,16
12564.0,8
57104.0,5
5990.0,32
38867.0,2
6263.0,22
5070.0,21
52881.0,19
35376.0,3
12170.0,3
38665.0,3
46008.0,5
40405.0,2
36154.0,5
36160.0,2
20074.0,28
21120.0,4
45968.0,11
6654.0,24
51.0,10
44030.0,4
32872.0,2
41746.0,9
58042.0,5
53048.0,8
50232.0,5
49340.0,8
49342.0,4
21106.0,5
18888.0,12
38636.0,6
56146.0,7
56170.0,3
65456.0,2
3156.0,9
3785.0,21
28152.0,2
47554.0,7
54140.0,5
54150.0,4
13065.0,2
47576.0,4
42022.0,3
18980.0,6
36302.0,3
36320.0,7
38511.0,4
48164.0,7
12916.0,2
39653.0,2
44448.0,8
38945.0,3
49306.0,14
61861.0,1
38445.0,2
40638.0,7
63352.0,1
13066.0,2
37372.0,10
60002.0,39
52362.0,5
12212.0,9
39614.0,4
9854.0,23
25435.0,6
61660.0,1
52030.0,9
385.0,6
46171.0,1
6378.0,20
38386.0,8
51016.0,8
51042.0,4
51032.0,6
43009.0,6
3950.0,38
50292.0,5
38467.0,3
24548.0,1
43530.0,6
3408.0,12
60924.0,3
37009.0,2
45334.0,6
38223.0,3
20038.0,4
36110.0,2
13067.0,2
52980.0,9
39899.0,10
3062.0,28
6272.0,20
53266.0,12
65504.0,7
54612.0,7
19682.0,3
12243.0,9
56378.0,8
31860.0,5
5627.0,24
51344.0,5
25480.0,5
54924.0,4
52254.0,7
48994.0,5
16071.0,6
5014.0,16
56670.0,2
5781.0,22
545.0,4
54475.0,4
16076.0,7
2368.0,6
19101.0,4
19133.0,2
58580.0,5
58582.0,4
13068.0,12
8462.0,25
44441.0,2
44586.0,5
44572.0,6
12002.0,14
49938.0,4
6782.0,25
3155.0,11
8732.0,14
47405.0,1
9383.0,33
58272.0,3
58254.0,4
58266.0,4
22090.0,5
8135.0,30
41578.0,5
34348.0,2
46780.0,8
50450.0,13
8037.0,30
10238.0,14
10339.0,16
62376.0,2
62384.0,2
27574.0,2
52272.0,4
15870.0,4
15874.0,2
20017.0,13
46966.0,7
46978.0,3
34796.0,2
59154.0,6
59144.0,5
13063.0,2
10330.0,20
13001.0,15
10274.0,18
17774.0,5
10396.0,17
43912.0,10
36892.0,10
26259.0,2
18452.0,2
54486.0,6
54492.0,7
8588.0,15
10309.0,16
13059.0,2
35436.0,3
10475.0,15
10136.0,19
18291.0,2
10084.0,35
3524.0,23
57790.0,4
6395.0,18
10367.0,16
36338.0,7
12121.0,38
6412.0,18
2005.0,15
2004.0,54
2007.0,15
10337.0,16
26397.0,2
51144.0,3
10439.0,16
8406.0,18
53788.0,5
10329.0,16
3366.0,4
2015.0,11
51628.0,8
10421.0,16
1153.0,4
12301.0,7
45266.0,10
54439.0,1
59680.0,4
3080.0,30
10229.0,16
5755.0,22
52002.0,3
349.0,2
38830.0,4
3123.0,6
10415.0,18
25135.0,3
10235.0,14
52417.0,2
6258.0,20
52442.0,10
1981.0,11
10174.0,16
58306.0,4
9184.0,47
60455.0,2
13061.0,2
10285.0,16
18618.0,7
10166.0,14
10151.0,17
64134.0,9
40099.0,4
2024.0,12
40933.0,2
43756.0,7
10366.0,17
10428.0,71
47358.0,7
47360.0,3
20081.0,11
10108.0,17
59078.0,6
10359.0,18
1105.0,16
16822.0,2
25354.0,4
54158.0,4
54174.0,4
57832.0,4
5617.0,26
37616.0,6
10466.0,17
10468.0,16
44876.0,3
37288.0,6
51966.0,4
13062.0,2
21249.0,12
36030.0,1
42410.0,3
53970.0,1
53982.0,3
44806.0,6
44816.0,8
52530.0,9
52550.0,9
10447.0,19
10372.0,25
10306.0,20
41602.0,14
10356.0,17
10440.0,18
46326.0,7
240.0,2
42344.0,6
51234.0,14
10365.0,18
10346.0,18
10393.0,18
52102.0,8
35878.0,6
6322.0,21
35908.0,5
29842.0,21
10441.0,27
2480.0,24
9193.0,47
43242.0,2
56542.0,6
10289.0,14
10116.0,16
5918.0,29
57488.0,3
10251.0,27
10236.0,18
39220.0,3
10351.0,20
58650.0,4
10079.0,34
10307.0,18
20026.0,8
36380.0,4
6487.0,16
6438.0,18
10258.0,61
10435.0,14
46286.0,4
10400.0,21
10382.0,19
10300.0,22
27282.0,1
56056.0,11
7897.0,61
48706.0,9
48712.0,3
19410.0,2
20043.0,4
10328.0,17
10284.0,22
10390.0,23
56048.0,6
10142.0,16
37811.0,6
30782.0,6
42536.0,13
10308.0,14
18316.0,2
31768.0,4
31776.0,4
3951.0,20
61890.0,2
12527.0,19
1193.0,4
5356.0,27
17538.0,2
43178.0,8
31192.0,2
58950.0,6
10234.0,17
40643.0,2
10358.0,17
10196.0,16
10399.0,29
42780.0,2
2947.0,8
16022.0,11
1103.0,13
58046.0,4
53974.0,3
10160.0,14
10149.0,14
10378.0,14
3806.0,21
1501.0,4
10349.0,20
10386.0,16
10126.0,16
1979.0,59
58486.0,2
58492.0,6
10374.0,16
46260.0,3
53500.0,6
7909.0,24
53502.0,3
62166.0,2
51250.0,6
10060.0,20
10276.0,15
54002.0,2
51440.0,5
10299.0,15
50766.0,6
10152.0,16
12213.0,8
12137.0,6
6410.0,21
10075.0,18
10305.0,14
48274.0,6
9977.0,33
26257.0,13
37282.0,5
10172.0,16
6142.0,20
10147.0,18
10450.0,18
10410.0,21
2396.0,2
53800.0,5
18061.0,10
10445.0,23
34334.0,6
31233.0,3
47784.0,1
10341.0,66
10280.0,16
34498.0,3
10379.0,18
10303.0,19
10209.0,20
58766.0,3
53413.0,23
10138.0,17
27002.0,2
5694.0,22
60128.0,5
60130.0,10
10216.0,18
10446.0,14
27006.0,2
10338.0,14
3723.0,17
10389.0,20
10134.0,28
50588.0,7
18111.0,6
10283.0,17
53808.0,2
10127.0,16
10268.0,17
10213.0,16
40438.0,3
14820.0,2
3122.0,11
3305.0,8
8149.0,34
23206.0,2
56566.0,45
12479.0,6
13842.0,2
57764.0,4
13854.0,3
37008.0,4
19946.0,4
39199.0,2
10296.0,16
10414.0,19
10237.0,14
10184.0,20
10451.0,18
10496.0,18
10219.0,17
12109.0,5
46883.0,7
47502.0,6
8132.0,29
6435.0,18
10464.0,17
10264.0,15
44352.0,11
3339.0,12
10405.0,16
41306.0,5
1970.0,14
41310.0,4
10085.0,18
5760.0,21
10401.0,18
10355.0,16
44750.0,7
9166.0,31
9257.0,30
10115.0,17
10177.0,16
55732.0,4
55748.0,4
10310.0,16
44872.0,8
23638.0,1
32844.0,6
10055.0,27
10449.0,18
33854.0,5
2554.0,12
10029.0,45
10314.0,16
10195.0,17
49304.0,11
6649.0,10
32202.0,2
37020.0,8
10392.0,16
10331.0,21
10131.0,16
10325.0,16
10028.0,22
10275.0,16
10395.0,14
10458.0,70
50670.0,6
49732.0,2
40873.0,2
10469.0,16
5561.0,25
35544.0,6
10167.0,16
29798.0,7
55692.0,5
49038.0,3
10239.0,14
60608.0,7
10384.0,27
10223.0,16
41642.0,10
48392.0,9
5824.0,22
10433.0,23
10265.0,17
10269.0,16
3748.0,16
51102.0,6
10146.0,18
3768.0,29
10457.0,15
27020.0,4
10156.0,16
57572.0,9
57548.0,9
45280.0,16
1127.0,2
23184.0,12
8767.0,14
15034.0,1
3146.0,6
10485.0,16
37770.0,2
37758.0,6
37698.0,4
37784.0,5
10009.0,41
51890.0,7
10027.0,32
10186.0,18
10143.0,14
10463.0,13
10119.0,14
58656.0,4
58670.0,10
10431.0,28
25336.0,4
21446.0,7
41450.0,6
10194.0,16
10291.0,20
10203.0,19
21144.0,2
43270.0,6
54476.0,2
10271.0,19
47108.0,12
10499.0,17
44323.0,2
6586.0,19
10185.0,16
61052.0,2
10190.0,18
5237.0,60
10230.0,16
37227.0,2
22025.0,3
3066.0,9
10132.0,16
58016.0,8
10135.0,17
10057.0,18
36526.0,7
36514.0,4
10270.0,17
22218.0,1
10070.0,35
22610.0,1
57196.0,2
57208.0,2
22407.0,3
43696.0,5
9309.0,37
50016.0,29
42446.0,1
21848.0,1
10432.0,18
22328.0,2
50448.0,4
10263.0,16
58526.0,7
10315.0,16
22595.0,1
7998.0,33
13057.0,2
37808.0,4
10231.0,14
10360.0,14
21924.0,9
37258.0,5
3892.0,18
3812.0,16
22182.0,1
49186.0,10
62952.0,2
22511.0,1
13058.0,2
3802.0,18
22537.0,1
2677.0,6
10038.0,29
40845.0,2
10133.0,16
8164.0,35
35636.0,4
22539.0,3
10125.0,16
9027.0,31
689.0,10
21972.0,1
14534.0,2
10361.0,18
13054.0,2
10293.0,16
10128.0,16
10043.0,24
22501.0,1
25285.0,3
42054.0,7
10387.0,16
36018.0,7
10342.0,25
22777.0,1
59770.0,6
33560.0,2
34004.0,2
10046.0,69
36298.0,6
37950.0,1
10313.0,14
10098.0,18
10228.0,23
21977.0,2
27133.0,1
10375.0,16
22474.0,1
12381.0,32
22161.0,1
10295.0,17
40267.0,2
21843.0,1
57781.0,11
21774.0,1
35634.0,3
10347.0,14
22315.0,3
13552.0,2
10117.0,24
9209.0,47
22725.0,2
10437.0,16
62980.0,1
10385.0,68
21920.0,1
10183.0,19
22714.0,1
22601.0,1
21817.0,1
1100.0,10
10491.0,16
10344.0,16
10158.0,16
10272.0,16
10226.0,18
10297.0,16
22569.0,1
50108.0,3
50114.0,6
50130.0,6
10148.0,15
56150.0,4
9445.0,31
10153.0,18
62455.0,2
13055.0,2
18354.0,8
8158.0,26
10220.0,25
6456.0,15
8151.0,38
10161.0,15
50544.0,3
50528.0,4
10192.0,15
50516.0,5
10403.0,18
10144.0,19
32756.0,2
10139.0,19
10206.0,17
42124.0,4
10279.0,14
10456.0,19
10039.0,24
8591.0,16
40762.0,9
40778.0,9
55306.0,6
37762.0,7
10176.0,12
33408.0,7
3787.0,18
10245.0,16
10354.0,17
4181.0,17
10107.0,18
10436.0,19
10217.0,19
10157.0,16
10353.0,16
27338.0,3
10227.0,16
38962.0,4
43110.0,7
42434.0,6
28404.0,6
48152.0,7
14518.0,2
10145.0,16
43458.0,4
43454.0,10
42314.0,2
60164.0,10
10266.0,17
44485.0,1
41649.0,2
14334.0,10
47014.0,7
47016.0,4
10461.0,15
10077.0,20
13056.0,2
32928.0,3
38541.0,2
8905.0,12
10278.0,14
48298.0,1
48314.0,6
20025.0,10
10189.0,14
10056.0,19
38722.0,7
10165.0,17
9779.0,25
49136.0,2
49124.0,10
49163.0,2
1599.0,6
37989.0,2
18802.0,6
34762.0,2
10281.0,16
24885.0,1
10345.0,17
45848.0,9
37901.0,1
45858.0,2
10371.0,16
10198.0,19
10182.0,16
39288.0,5
49165.0,2
38811.0,2
10262.0,18
45090.0,8
38293.0,3
35046.0,5
10114.0,20
10298.0,17
10208.0,19
10071.0,27
6219.0,18
49390.0,16
10120.0,12
49838.0,7
49852.0,7
45096.0,10
43094.0,5
43082.0,5
44300.0,21
37359.0,2
47262.0,7
13053.0,2
7498.0,25
47212.0,2
50168.0,8
50170.0,5
10030.0,37
42710.0,5
10423.0,17
10311.0,20
10168.0,16
47350.0,5
39780.0,6
3757.0,18
25499.0,3
10492.0,16
57314.0,5
13049.0,2
10178.0,13
10097.0,24
38351.0,2
59798.0,8
59812.0,7
13050.0,2
20168.0,2
6462.0,22
15673.0,4
10500.0,14
15817.0,2
57202.0,6
44541.0,9
48856.0,5
10187.0,17
6174.0,21
25858.0,53
10424.0,17
61578.0,2
25912.0,2
38543.0,3
31068.0,5
31076.0,5
60194.0,7
60214.0,7
39273.0,2
10442.0,18
38911.0,3
10218.0,20
44682.0,6
10478.0,14
14416.0,4
38069.0,2
59380.0,3
1291.0,90
3590.0,22
10277.0,16
10212.0,17
38373.0,4
10287.0,16
41111.0,2
54616.0,8
38935.0,3
57626.0,5
57612.0,6
10412.0,18
54692.0,4
38709.0,3
59378.0,4
39256.0,5
54961.0,1
41158.0,5
9829.0,22
38501.0,3
2232.0,27
52126.0,5
52118.0,6
10129.0,16
9849.0,22
1666.0,8
59166.0,5
4472.0,19
48724.0,6
38759.0,3
10214.0,16
43884.0,11
26256.0,4
10322.0,20
40529.0,3
26731.0,8
9866.0,21
10019.0,37
55854.0,6
45448.0,5
46640.0,3
59090.0,4
59084.0,4
10130.0,18
10221.0,19
31117.0,3
19222.0,20
49478.0,1
10211.0,16
40879.0,6
50930.0,6
51664.0,6
10402.0,16
43245.0,14
13051.0,2
10233.0,17
49840.0,4
10254.0,23
10150.0,16
38048.0,7
29292.0,3
9765.0,35
41825.0,3
10040.0,25
10155.0,15
20556.0,2
10069.0,19
49446.0,3
60696.0,3
10105.0,18
10246.0,17
3779.0,18
40696.0,9
7172.0,34
60196.0,6
43238.0,9
43902.0,2
10171.0,14
43908.0,5
13052.0,2
38837.0,4
57508.0,10
16039.0,6
23326.0,10
38845.0,2
48866.0,4
51266.0,4
51268.0,2
51274.0,6
10326.0,16
9532.0,28
45794.0,11
38071.0,5
41977.0,2
54996.0,4
10159.0,17
3134.0,16
10062.0,16
10042.0,18
7657.0,63
10364.0,19
10140.0,11
38884.0,8
36902.0,8
10173.0,17
41839.0,6
60826.0,6
10411.0,19
24953.0,1
10488.0,63
1730.0,9
1718.0,11
58770.0,3
9924.0,23
13394.0,5
8417.0,19
10460.0,17
9935.0,34
9931.0,25
9938.0,23
10096.0,26
35320.0,6
57798.0,1
10487.0,19
60404.0,5
10109.0,26
10459.0,17
53842.0,2
10413.0,16
57922.0,2
57934.0,10
1991.0,65
36824.0,4
10486.0,16
39806.0,5
38927.0,2
55064.0,4
40944.0,6
20558.0,2
36042.0,4
10267.0,16
34680.0,5
10404.0,26
10202.0,16
57624.0,3
57632.0,3
7780.0,48
57462.0,14
40023.0,4
56336.0,5
47714.0,13
3140.0,22
18032.0,2
10474.0,18
10076.0,14
10032.0,33
38732.0,10
34993.0,1
10454.0,18
10482.0,15
10112.0,67
10199.0,16
43536.0,5
43794.0,5
38416.0,7
6180.0,16
44554.0,5
35136.0,8
40098.0,4
42922.0,2
40126.0,8
10063.0,16
28673.0,3
57450.0,2
7741.0,68
18348.0,2
10175.0,17
15126.0,2
15132.0,2
47444.0,2
10294.0,17
35428.0,2
23912.0,2
25174.0,5
47446.0,3
16052.0,19
51678.0,3
38890.0,14
42816.0,3
38164.0,7
10336.0,17
10320.0,18
9560.0,31
8709.0,12
57240.0,4
5427.0,17
10111.0,21
20684.0,1
38419.0,4
51030.0,6
38590.0,3
15596.0,7
10490.0,16
10495.0,15
10383.0,16
3714.0,20
3150.0,7
10406.0,16
57984.0,8
57996.0,3
51816.0,4
40250.0,6
10286.0,17
10391.0,17
9588.0,25
8851.0,23
32877.0,2
38876.0,9
12245.0,7
21232.0,7
42574.0,2
59202.0,5
59204.0,3
38801.0,4
16058.0,2
10484.0,19
2466.0,6
38027.0,5
41712.0,2
40390.0,4
10154.0,16
61392.0,1
6096.0,21
63030.0,5
10102.0,16
10007.0,33
5059.0,27
33872.0,14
128.0,2
21668.0,1
16026.0,12
10121.0,16
35402.0,3
60557.0,1
44808.0,11
42200.0,2
33770.0,6
57662.0,5
10169.0,14
38670.0,7
37154.0,9
38673.0,8
10248.0,16
60148.0,5
45681.0,3
38557.0,4
58704.0,6
3346.0,7
38770.0,7
10288.0,16
36368.0,12
36356.0,5
46748.0,2
10498.0,19
38286.0,6
33878.0,4
10282.0,19
10058.0,20
10497.0,14
10340.0,18
10476.0,20
40166.0,4
55660.0,6
10357.0,18
57252.0,9
10163.0,19
48696.0,2
48694.0,9
12620.0,1
9664.0,26
49994.0,3
32323.0,1
59082.0,9
59092.0,5
10100.0,31
39181.0,2
49098.0,3
5775.0,18
60874.0,9
20097.0,7
17877.0,7
9094.0,39
10113.0,19
18561.0,1
38825.0,2
25090.0,3
53762.0,3
10083.0,19
9701.0,23
38013.0,2
40078.0,6
10420.0,17
8059.0,33
54836.0,3
38776.0,9
43350.0,4
3313.0,42
39652.0,3
38618.0,6
38983.0,2
13047.0,2
28506.0,2
60326.0,7
10292.0,16
62728.0,14
37511.0,2
10074.0,24
10110.0,12
50606.0,3
12260.0,7
8403.0,23
37262.0,9
36540.0,7
38079.0,3
16828.0,4
10409.0,18
63224.0,2
63218.0,2
63230.0,4
12774.0,4
38888.0,8
10455.0,16
38831.0,2
34524.0,5
10244.0,20
2209.0,9
42468.0,7
42482.0,4
41943.0,3
10095.0,22
6046.0,18
41387.0,3
40255.0,6
55701.0,1
47683.0,8
41786.0,3
41818.0,8
39813.0,2
10467.0,17
33136.0,7
38016.0,6
49294.0,11
34496.0,2
27776.0,1
55340.0,4
59564.0,5
59574.0,3
46249.0,1
41240.0,8
42464.0,6
5712.0,15
38663.0,4
10197.0,19
13048.0,2
54432.0,7
37223.0,2
50634.0,3
38425.0,3
10362.0,17
10103.0,14
20012.0,13
10290.0,16
53222.0,9
38961.0,2
47006.0,7
6175.0,21
10377.0,17
3139.0,8
13044.0,2
5848.0,26
9109.0,39
43050.0,5
8815.0,35
10376.0,16
5597.0,40
10170.0,16
15622.0,2
9295.0,38
10489.0,14
58278.0,6
58545.0,2
38563.0,8
1102.0,11
48910.0,2
59828.0,2
9305.0,49
10381.0,20
38741.0,2
60042.0,9
38996.0,6
49116.0,13
9302.0,42
1312.0,1
38319.0,4
12325.0,28
10472.0,17
10425.0,24
2799.0,6
10427.0,17
10407.0,20
42577.0,2
10323.0,23
44562.0,6
18182.0,21
38056.0,5
38361.0,2
10318.0,19
32918.0,2
5784.0,17
54122.0,3
60862.0,6
10193.0,17
10104.0,17
38405.0,8
57607.0,1
14332.0,2
20039.0,5
38731.0,3
41223.0,2
41984.0,6
10350.0,19
56712.0,2
43606.0,2
44648.0,2
59330.0,9
33659.0,10
27536.0,3
10426.0,17
39329.0,2
43336.0,3
56412.0,5
56398.0,7
8568.0,10
10483.0,15
38615.0,2
39988.0,9
10471.0,17
38221.0,5
10422.0,16
50620.0,4
48136.0,4
1435.0,4
38469.0,2
33578.0,7
48982.0,3
48990.0,12
49214.0,4
25498.0,3
34708.0,7
10304.0,16
1235.0,89
40207.0,2
13046.0,2
44146.0,3
57592.0,7
9399.0,31
60736.0,5
3857.0,15
42418.0,5
9384.0,20
38661.0,2
38703.0,2
58920.0,2
10317.0,14
10352.0,21
1199.0,4
9310.0,59
43362.0,1
10408.0,16
9390.0,35
38475.0,3
1214.0,4
6827.0,16
46964.0,4
29998.0,1
10188.0,17
10479.0,19
8163.0,24
2199.0,4
1217.0,2
47204.0,7
40852.0,7
18005.0,16
46638.0,4
46468.0,11
60616.0,7
38691.0,3
65001.0,32
39297.0,3
42406.0,14
56840.0,7
59174.0,7
38697.0,5
38033.0,2
6048.0,20
6130.0,25
47408.0,3
29964.0,7
38626.0,6
38431.0,3
9127.0,24
6602.0,17
44724.0,4
36060.0,3
13043.0,2
38133.0,3
38730.0,10
34797.0,1
8589.0,15
40960.0,6
40976.0,9
40956.0,24
44529.0,1
22822.0,2
885.0,4
41128.0,11
57390.0,2
38263.0,2
58466.0,3
25156.0,4
38813.0,3
3558.0,45
13039.0,2
12406.0,17
19800.0,3
10215.0,16
3848.0,16
10327.0,19
39953.0,1
49486.0,2
4780.0,39
36310.0,3
10368.0,16
41796.0,7
61858.0,1
40146.0,7
50640.0,4
12427.0,6
38702.0,2
20574.0,1
1450.0,10
38705.0,3
49228.0,6
49254.0,7
32096.0,1
10388.0,21
10319.0,16
42726.0,5
42698.0,4
36151.0,1
42736.0,6
707.0,4
40850.0,8
15021.0,7
47320.0,9
22458.0,7
40249.0,2
7192.0,20
8854.0,28
59544.0,4
37553.0,3
34476.0,2
36242.0,4
40061.0,4
60802.0,9
9377.0,21
10493.0,16
36245.0,8
57854.0,8
59820.0,6
37587.0,2
51585.0,1
60021.0,17
5893.0,17
7152.0,16
53790.0,6
10453.0,19
38913.0,3
13040.0,4
54631.0,7
38715.0,3
51774.0,2
57068.0,3
13041.0,2
38050.0,11
33811.0,1
33019.0,1
26725.0,1
62087.0,1
59021.0,1
23041.0,7
38021.0,4
10334.0,18
2598.0,13
23814.0,1
7743.0,18
14441.0,1
65357.0,3
49929.0,13
10363.0,16
38778.0,3
5625.0,24
47180.0,4
44416.0,3
63552.0,2
21576.0,1
9668.0,26
10394.0,18
13042.0,4
10481.0,17
58832.0,2
6047.0,21
26337.0,2
48232.0,1
51097.0,1
49960.0,3
38817.0,2
3116.0,10
10429.0,22
39070.0,7
10465.0,16
38315.0,2
38647.0,3
57594.0,8
57580.0,4
10416.0,16
1010.0,15
1088.0,9
13393.0,1
32763.0,2
9208.0,32
25082.0,20
38857.0,2
10418.0,14
7021.0,40
50752.0,8
60080.0,10
44334.0,7
37376.0,3
36210.0,10
41949.0,2
33236.0,6
5592.0,29
38641.0,3
38901.0,3
5381.0,24
44948.0,9
18225.0,6
48074.0,7
19244.0,2
35529.0,1
45694.0,4
45708.0,4
45696.0,3
38979.0,2
40285.0,2
24109.0,1
47200.0,9
42086.0,5
42094.0,4
16479.0,2
52540.0,13
12276.0,13
48001.0,23
10335.0,16
55574.0,5
55594.0,5
41889.0,2
44014.0,4
38815.0,2
49167.0,7
12010.0,2
47084.0,2
3136.0,4
8385.0,32
54824.0,4
54814.0,7
38923.0,2
37004.0,6
50256.0,6
1221.0,90
38621.0,3
45238.0,3
45252.0,5
38250.0,7
34565.0,1
38755.0,3
9045.0,26
8280.0,640
43040.0,2
46920.0,7
47834.0,4
49720.0,3
47400.0,5
48316.0,4
10078.0,26
15503.0,9
42373.0,3
38917.0,3
10301.0,16
5247.0,26
48203.0,2
49332.0,4
49344.0,13
10253.0,17
38969.0,3
59116.0,5
1056.0,2
38320.0,5
44776.0,5
51220.0,3
38168.0,3
56479.0,3
1068.0,6
38941.0,6
1065.0,2
1064.0,2
49450.0,2
50368.0,1
60980.0,6
36040.0,8
59158.0,9
32777.0,2
33611.0,1
38399.0,2
17703.0,7
52428.0,5
38947.0,2
50734.0,6
50736.0,7
48976.0,6
8019.0,34
3329.0,2
57630.0,2
45454.0,6
38982.0,5
34134.0,6
3501.0,27
38554.0,10
22141.0,1
17003.0,6
41417.0,2
41001.0,2
8168.0,29
3070.0,8
12188.0,15
38833.0,2
26143.0,1
37646.0,4
60790.0,8
8879.0,21
33882.0,7
26775.0,1
23847.0,4
23483.0,1
49246.0,10
37636.0,7
13370.0,7
41428.0,5
41489.0,3
34858.0,6
38151.0,2
46291.0,1
50872.0,5
38619.0,3
34162.0,3
40321.0,3
6414.0,20
34928.0,8
56680.0,7
28723.0,1
48553.0,1
5870.0,24
38926.0,10
39536.0,12
38540.0,10
38556.0,7
16032.0,7
33195.0,1
33185.0,1
41135.0,2
13804.0,3
24771.0,3
43391.0,4
52760.0,9
9021.0,52
8136.0,29
45331.0,1
18443.0,23
43806.0,4
43796.0,4
38625.0,3
6696.0,21
17803.0,9
54028.0,7
3014.0,11
37409.0,3
24827.0,3
38349.0,2
36798.0,4
41162.0,7
41176.0,6
50492.0,12
58967.0,1
47951.0,3
4403.0,18
17821.0,1
47457.0,1
54510.0,5
4112.0,20
38209.0,3
54366.0,11
38185.0,3
48630.0,4
48620.0,12
57404.0,9
13037.0,2
46658.0,9
7603.0,18
36842.0,6
41812.0,4
13038.0,4
38651.0,2
38174.0,6
4693.0,43
15699.0,1
190.0,6
54514.0,5
38337.0,3
18058.0,5
51850.0,5
55438.0,3
38787.0,2
8558.0,17
54336.0,5
53480.0,13
50096.0,5
59470.0,4
33790.0,4
43407.0,1
46792.0,3
1437.0,4
16074.0,6
38063.0,3
38963.0,2
38613.0,2
34306.0,2
34302.0,5
40950.0,6
38067.0,3
50400.0,4
50394.0,3
38765.0,2
38976.0,4
47368.0,7
47336.0,3
37354.0,7
9311.0,38
22648.0,1
23388.0,11
24984.0,5
57051.0,4
9081.0,37
44918.0,4
38289.0,5
44850.0,5
38965.0,5
38145.0,2
44640.0,4
12374.0,15
13034.0,3
38899.0,3
42457.0,1
48260.0,7
63300.0,1
56516.0,7
3418.0,2
5881.0,25
39775.0,3
38025.0,3
56088.0,9
34718.0,2
55043.0,1
44080.0,3
5345.0,14
17450.0,9
55866.0,7
49256.0,4
54553.0,7
38753.0,2
52932.0,4
12582.0,10
32944.0,11
37793.0,2
41341.0,2
38535.0,4
60384.0,4
2054.0,10
46344.0,8
49290.0,4
517.0,2
9199.0,45
13035.0,2
16072.0,4
44522.0,3
50884.0,3
13033.0,2
6051.0,30
37119.0,2
42608.0,5
38213.0,2
34920.0,7
13029.0,4
44990.0,4
45004.0,9
8028.0,36
12537.0,5
12182.0,24
13036.0,4
38413.0,2
41500.0,6
47620.0,3
44725.0,1
39710.0,6
12261.0,12
38984.0,9
37028.0,8
48418.0,5
37851.0,2
46296.0,9
5276.0,40
16104.0,5
37697.0,2
14552.0,2
50676.0,2
3132.0,10
51606.0,6
38249.0,2
49372.0,3
49382.0,5
65314.0,5
56096.0,3
37494.0,8
37504.0,2
59226.0,4
32226.0,2
55228.0,7
38635.0,2
20023.0,2
46884.0,4
37296.0,2
5242.0,30
5218.0,21
9578.0,22
34225.0,7
45246.0,6
21241.0,2
38725.0,2
59524.0,8
40152.0,7
12320.0,18
47020.0,9
47026.0,1
33626.0,4
33644.0,7
38109.0,3
37742.0,2
38751.0,2
13030.0,3
35866.0,9
38743.0,3
1006.0,6
41468.0,17
41478.0,6
64153.0,1
8319.0,26
23687.0,1
25292.0,11
54832.0,2
54848.0,2
53474.0,2
35989.0,1
8855.0,31
43842.0,2
52284.0,5
46790.0,4
46782.0,1
37804.0,5
37663.0,1
45268.0,4
38207.0,2
36412.0,3
38820.0,4
60032.0,7
60048.0,8
38843.0,5
38578.0,7
50562.0,7
8036.0,30
44408.0,4
40547.0,2
5879.0,21
44286.0,6
60968.0,7
60982.0,2
38570.0,5
5717.0,19
47393.0,1
5638.0,19
35472.0,6
35482.0,3
35492.0,4
17752.0,2
29999.0,5
60578.0,6
12900.0,7
38999.0,5
38149.0,5
38849.0,4
38839.0,2
38547.0,2
3131.0,6
33650.0,7
2383.0,5
35904.0,5
13031.0,2
38137.0,2
55180.0,5
15323.0,7
7782.0,21
25072.0,9
37350.0,2
13032.0,4
59532.0,6
58052.0,3
58066.0,4
1181.0,91
37605.0,2
46584.0,9
50890.0,4
16976.0,3
50896.0,4
6078.0,16
57785.0,6
51098.0,3
60440.0,5
60424.0,2
39222.0,7
48790.0,11
55603.0,1
37786.0,8
38407.0,51
33268.0,7
33266.0,5
782.0,4
38073.0,4
50994.0,10
64352.0,4
49802.0,10
60152.0,7
36916.0,5
37546.0,4
36614.0,4
6948.0,17
8869.0,30
38769.0,3
45700.0,1
46734.0,4
52164.0,3
38964.0,6
46490.0,5
59334.0,5
59652.0,7
38970.0,8
5695.0,15
33356.0,4
38226.0,12
43798.0,6
12158.0,6
41577.0,2
41554.0,5
39931.0,2
9268.0,23
57212.0,5
38677.0,5
56104.0,3
56116.0,4
16037.0,6
38683.0,2
38724.0,4
3113.0,14
38819.0,3
59358.0,10
38483.0,3
57958.0,3
43802.0,6
36274.0,8
38384.0,4
51238.0,3
62352.0,2
5704.0,18
63623.0,1
37014.0,4
37024.0,8
8243.0,23
32807.0,4
38537.0,2
48902.0,4
49092.0,1
49106.0,5
22294.0,3
13025.0,9
55948.0,3
9839.0,22
3631.0,16
38737.0,2
9814.0,24
60426.0,5
9671.0,21
9818.0,15
22111.0,12
34798.0,6
38689.0,3
9666.0,28
22070.0,1
40785.0,1
9789.0,19
9622.0,28
9758.0,23
52596.0,9
23084.0,6
9961.0,22
25451.0,4
9264.0,24
9565.0,31
8058.0,61
9517.0,21
41106.0,5
9780.0,21
9620.0,24
9646.0,23
28111.0,1
22568.0,1
51008.0,2
60758.0,2
45836.0,9
38197.0,3
5664.0,18
39719.0,2
19988.0,8
27093.0,2
56562.0,4
56570.0,3
37564.0,8
56572.0,3
9858.0,23
9740.0,21
48060.0,2
9843.0,18
8971.0,10
45678.0,6
45706.0,5
9786.0,22
45328.0,4
9557.0,23
45394.0,4
26607.0,8
45436.0,1
48178.0,3
9576.0,20
45188.0,5
45192.0,4
45198.0,6
45208.0,3
45226.0,10
45254.0,4
45272.0,6
45278.0,7
45282.0,3
98.0,10
45320.0,4
9634.0,23
57222.0,10
45028.0,5
45046.0,5
45042.0,7
45056.0,8
45076.0,11
45070.0,4
45104.0,4
45136.0,12
45146.0,4
44812.0,2
44820.0,7
44832.0,4
44714.0,4
5172.0,52
44860.0,6
9604.0,20
44880.0,3
44884.0,1
44922.0,7
44936.0,6
44952.0,5
51396.0,4
44976.0,4
9572.0,23
44646.0,4
9847.0,23
5636.0,23
4847.0,38
44680.0,8
44696.0,5
59738.0,4
59730.0,6
59762.0,5
44744.0,7
44748.0,10
25909.0,1
44774.0,6
44770.0,6
2553.0,11
19152.0,2
44482.0,5
44490.0,7
9809.0,23
44524.0,2
44540.0,4
44546.0,4
9691.0,18
44600.0,3
44638.0,7
44308.0,7
9552.0,19
39166.0,5
44330.0,12
44358.0,4
44346.0,9
9536.0,19
44362.0,5
44384.0,3
44388.0,5
8315.0,28
44406.0,18
44414.0,5
43128.0,5
44428.0,2
9611.0,18
9812.0,23
9974.0,17
51256.0,5
1819.0,3
44272.0,6
9632.0,21
37788.0,3
9746.0,20
6119.0,19
60018.0,20
51888.0,5
65268.0,1
61638.0,1
53720.0,6
42092.0,6
9871.0,21
60554.0,4
43528.0,8
3086.0,14
9806.0,18
3669.0,19
9734.0,28
13020.0,7
9674.0,26
4532.0,43
45160.0,4
499.0,2
22810.0,2
9846.0,20
9880.0,24
64938.0,4
41790.0,7
54194.0,3
9848.0,22
58884.0,4
34652.0,11
64738.0,13
26484.0,2
29936.0,2
29940.0,2
41353.0,3
9516.0,23
55500.0,4
40890.0,8
40916.0,5
9890.0,20
9648.0,13
9979.0,16
41053.0,1
47010.0,6
47034.0,3
40755.0,1
20101.0,15
9657.0,24
9970.0,18
3120.0,21
9803.0,29
9828.0,25
38041.0,4
5818.0,16
38162.0,8
38797.0,3
41116.0,7
41122.0,3
3461.0,2
9766.0,23
9521.0,23
20024.0,10
9621.0,20
9534.0,29
9920.0,21
8606.0,19
25747.0,2
9964.0,23
55054.0,6
9957.0,21
9614.0,19
3798.0,24
43221.0,12
9629.0,35
9263.0,21
6514.0,22
36130.0,4
36114.0,5
6176.0,18
9796.0,24
57549.0,1
23266.0,1
44488.0,6
9729.0,23
44496.0,2
9743.0,33
64597.0,1
49452.0,14
40252.0,10
9731.0,24
18152.0,2
14440.0,23
5637.0,25
9677.0,29
45088.0,3
9735.0,21
38285.0,3
55154.0,5
3181.0,4
9815.0,21
56289.0,1
9772.0,21
9989.0,21
407.0,2
38411.0,4
33736.0,4
57506.0,4
3776.0,18
947.0,4
38821.0,2
39865.0,2
6118.0,20
5770.0,20
3555.0,25
46416.0,5
60144.0,5
9531.0,29
9760.0,16
51082.0,7
41487.0,3
633.0,2
9959.0,13
54218.0,3
9727.0,17
1143.0,97
9915.0,21
9859.0,23
38459.0,2
12180.0,6
15084.0,5
25089.0,4
9116.0,30
9995.0,22
9787.0,13
57920.0,2
38493.0,2
9685.0,22
2281.0,50
42230.0,4
33508.0,4
9525.0,21
9968.0,21
9778.0,23
38423.0,2
9605.0,19
3007.0,8
60728.0,1
9976.0,21
785.0,2
9958.0,24
809.0,4
28527.0,1
56340.0,8
9962.0,23
41874.0,3
9726.0,22
12460.0,11
887.0,4
38166.0,4
9609.0,24
9559.0,33
9598.0,24
57284.0,5
9567.0,23
9965.0,18
9543.0,29
3890.0,19
9850.0,28
9811.0,23
9575.0,23
42248.0,8
57502.0,11
41344.0,4
9586.0,26
51848.0,4
45222.0,6
9645.0,21
9641.0,23
5611.0,20
40406.0,2
51284.0,8
50546.0,7
9732.0,12
46084.0,9
38723.0,2
13942.0,1
4077.0,15
37594.0,2
9980.0,28
9569.0,21
38944.0,3
406.0,2
9682.0,30
41399.0,6
3730.0,16
6789.0,92
46006.0,2
9601.0,85
9932.0,23
60061.0,4
8642.0,10
60158.0,6
40732.0,4
9887.0,21
9963.0,23
38789.0,3
60041.0,4
9954.0,23
48800.0,6
18053.0,9
9913.0,23
9713.0,29
9593.0,21
6016.0,16
1018.0,2
3888.0,15
9893.0,21
9826.0,20
8152.0,37
35676.0,3
9570.0,30
46092.0,3
46102.0,8
6020.0,26
48229.0,8
29594.0,1
9874.0,20
32939.0,1
9795.0,23
9555.0,24
9773.0,30
55210.0,3
9837.0,23
1157.0,57
61864.0,2
9903.0,21
32101.0,4
20368.0,6
20354.0,2
9967.0,23
38160.0,2
14374.0,2
14384.0,2
37026.0,8
46690.0,9
17570.0,2
17584.0,2
9764.0,24
3796.0,17
38417.0,2
38189.0,2
9855.0,22
55372.0,3
18978.0,4
9679.0,23
9921.0,20
18994.0,2
9730.0,21
9564.0,37
65322.0,2
28524.0,4
9509.0,21
36562.0,8
44795.0,1
9545.0,28
35312.0,5
9503.0,21
56492.0,8
56488.0,5
38595.0,3
9741.0,30
9971.0,19
57426.0,8
47798.0,6
3569.0,25
44676.0,8
56010.0,8
9602.0,19
56012.0,6
53656.0,2
9936.0,21
9694.0,24
3886.0,15
53670.0,1
9688.0,22
38575.0,2
5750.0,23
9561.0,24
38667.0,2
7110.0,21
38967.0,2
51402.0,11
5119.0,32
9751.0,21
9808.0,21
38454.0,4
9571.0,30
9744.0,16
51325.0,1
6423.0,16
9558.0,26
9949.0,22
9722.0,21
9636.0,24
45677.0,13
61572.0,1
257.0,2
255.0,2
256.0,4
43492.0,1
9856.0,19
9953.0,30
9948.0,19
9699.0,22
1152.0,2
9556.0,20
40903.0,2
40483.0,2
37328.0,9
19527.0,12
9526.0,22
9524.0,22
38065.0,2
9541.0,16
3884.0,17
1106.0,4
21080.0,9
33732.0,5
12268.0,10
3695.0,16
53370.0,7
3605.0,18
42366.0,7
9926.0,31
9515.0,21
9547.0,19
38607.0,3
9875.0,24
39227.0,2
9955.0,35
57982.0,6
57168.0,3
35138.0,7
37630.0,7
9537.0,22
9720.0,22
9606.0,40
38451.0,2
3883.0,21
35484.0,3
9825.0,20
9670.0,22
43586.0,3
9705.0,21
9613.0,24
60086.0,9
16081.0,6
3530.0,27
50809.0,1
9719.0,11
9917.0,18
5605.0,30
5608.0,28
42210.0,9
3067.0,14
47260.0,2
39403.0,2
9630.0,23
9864.0,20
9538.0,19
43922.0,4
3882.0,13
38604.0,9
22304.0,1
9639.0,20
4070.0,23
46630.0,6
38522.0,10
9794.0,22
9644.0,14
9686.0,23
9889.0,21
8169.0,25
9696.0,39
9581.0,19
9798.0,23
56930.0,3
5125.0,36
38492.0,5
9624.0,20
9785.0,23
9756.0,22
9947.0,23
40195.0,2
38339.0,2
9822.0,25
9987.0,21
9842.0,19
38909.0,2
32866.0,5
9982.0,22
46352.0,5
9781.0,23
59718.0,5
59720.0,10
9891.0,23
39210.0,3
39218.0,4
38868.0,8
12322.0,15
9504.0,17
59716.0,2
3880.0,18
9747.0,34
9542.0,23
44430.0,2
39682.0,4
9661.0,20
56454.0,3
17617.0,1
9833.0,36
39781.0,5
9583.0,22
60250.0,8
52066.0,3
9551.0,30
9518.0,27
9823.0,23
9653.0,22
12521.0,7
9881.0,23
38345.0,2
9805.0,21
49828.0,3
38593.0,10
49494.0,5
9886.0,21
36439.0,2
9522.0,23
12949.0,1
23479.0,1
41975.0,2
45460.0,6
38404.0,4
2555.0,6
9508.0,25
4176.0,22
38084.0,4
9776.0,16
9902.0,20
9925.0,22
38897.0,2
26144.0,1
3370.0,2
9546.0,20
9607.0,19
9972.0,23
9942.0,22
9928.0,32
51558.0,5
32904.0,12
38412.0,5
8885.0,28
15866.0,1
45884.0,10
9568.0,23
43280.0,3
38389.0,13
16302.0,4
6157.0,17
38519.0,3
41759.0,2
9585.0,22
9562.0,31
20716.0,2
16290.0,2
16300.0,2
9941.0,23
9625.0,19
9676.0,22
9914.0,22
50088.0,3
60085.0,7
38862.0,2
9838.0,22
62083.0,1
39206.0,1
41078.0,9
3876.0,28
38569.0,3
9684.0,21
9723.0,19
38353.0,2
6315.0,16
9832.0,23
40193.0,2
9755.0,21
14406.0,6
9712.0,21
9821.0,22
9617.0,24
37878.0,5
51799.0,4
59622.0,12
50624.0,3
59638.0,5
63553.0,1
9512.0,23
47660.0,4
9770.0,29
9548.0,22
47664.0,7
9851.0,22
22642.0,2
21394.0,2
56464.0,2
38809.0,4
59376.0,5
61498.0,3
37767.0,2
41527.0,3
3875.0,20
35898.0,5
9830.0,28
40190.0,7
38265.0,2
48486.0,9
48490.0,2
21255.0,6
31235.0,1
38316.0,5
9927.0,13
3357.0,2
9596.0,25
49336.0,1
9742.0,22
57834.0,7
38585.0,2
38111.0,2
3613.0,32
38457.0,10
9745.0,20
9912.0,21
36250.0,3
9978.0,17
9894.0,20
31777.0,3
60162.0,3
45106.0,3
5894.0,20
9597.0,11
20964.0,1
38991.0,2
9986.0,22
3094.0,18
38877.0,2
9853.0,21
9991.0,36
9960.0,22
36758.0,3
8466.0,19
9681.0,22
9934.0,24
40206.0,15
47344.0,7
45024.0,3
38447.0,2
43222.0,6
41312.0,4
2711.0,14
46116.0,5
56880.0,6
9841.0,18
57738.0,2
37850.0,7
23026.0,1
43490.0,5
9706.0,23
9840.0,20
9899.0,23
9539.0,23
60212.0,1
32052.0,2
9956.0,21
9939.0,25
47976.0,6
5503.0,23
46591.0,1
46374.0,3
28652.0,2
9873.0,20
18392.0,14
36319.0,1
48036.0,4
3901.0,29
1041.0,10
9703.0,19
2372.0,9
9660.0,23
33782.0,6
41606.0,8
9782.0,53
38369.0,3
33746.0,5
9610.0,19
9883.0,16
37719.0,2
9738.0,21
9762.0,22
58517.0,1
9757.0,12
25172.0,1
42858.0,5
22591.0,11
9879.0,20
9665.0,18
60686.0,2
5869.0,20
39101.0,2
9711.0,29
9945.0,21
26051.0,1
55949.0,1
36254.0,5
23307.0,1
52382.0,8
45496.0,3
9946.0,24
38586.0,7
9985.0,24
3868.0,15
9540.0,53
9519.0,21
60470.0,3
5897.0,24
9582.0,21
6979.0,15
42082.0,3
4046.0,28
49788.0,3
15774.0,1
9852.0,23
3867.0,15
9763.0,23
9937.0,17
9649.0,28
9638.0,10
9628.0,21
38011.0,4
42084.0,5
9659.0,22
63673.0,3
8077.0,35
50618.0,6
24352.0,2
39925.0,2
9836.0,20
9663.0,47
61998.0,1
12126.0,4
9753.0,21
7051.0,29
48184.0,4
32746.0,11
12193.0,15
50327.0,4
38036.0,5
60423.0,1
9878.0,33
9834.0,32
39129.0,4
48780.0,7
38552.0,7
51705.0,1
61390.0,1
38529.0,4
9612.0,26
9709.0,23
52221.0,1
9587.0,23
9897.0,25
50224.0,4
9717.0,22
21269.0,6
9698.0,21
38785.0,2
45970.0,1
38281.0,3
60079.0,9
9647.0,25
9592.0,22
47989.0,10
9771.0,26
54526.0,12
36886.0,3
3412.0,8
57026.0,5
38441.0,10
38375.0,3
9728.0,21
64313.0,3
17934.0,2
9777.0,20
31147.0,1
57010.0,4
60454.0,6
6158.0,20
41151.0,2
57928.0,6
38335.0,3
45176.0,9
59286.0,5
51583.0,1
1121.0,17
38599.0,3
3864.0,17
38505.0,2
20888.0,1
40523.0,2
38176.0,5
9739.0,29
38903.0,6
38614.0,6
38581.0,4
38499.0,2
9907.0,29
6067.0,18
9870.0,24
38587.0,3
38936.0,5
54001.0,1
9975.0,22
9984.0,24
41268.0,7
38347.0,2
9817.0,31
41840.0,7
45288.0,3
38381.0,2
9783.0,22
49534.0,14
25403.0,3
45336.0,5
9896.0,18
9768.0,15
56853.0,3
29358.0,1
58771.0,1
52276.0,3
45086.0,1
9662.0,18
9862.0,43
9687.0,27
9554.0,19
63835.0,1
5648.0,18
50329.0,1
9820.0,31
46561.0,1
49030.0,3
63392.0,7
9784.0,21
9693.0,22
6084.0,22
37501.0,2
9835.0,16
60998.0,5
32780.0,6
9640.0,19
9791.0,24
51866.0,5
9589.0,24
8048.0,32
47322.0,7
9689.0,17
9584.0,21
41528.0,8
55312.0,2
58890.0,8
50688.0,5
17020.0,13
47302.0,6
64374.0,1
27262.0,1
26016.0,3
6339.0,16
42300.0,3
9695.0,23
39759.0,2
5703.0,23
60073.0,3
6867.0,19
9678.0,21
3860.0,19
9885.0,32
3708.0,18
9637.0,23
23100.0,1
9863.0,31
9919.0,30
45068.0,6
52245.0,1
15728.0,1
33900.0,6
9514.0,26
9857.0,27
47912.0,2
31052.0,2
42490.0,6
42992.0,5
53612.0,3
31120.0,9
41492.0,6
58942.0,5
8068.0,30
48820.0,7
6013.0,31
9867.0,22
52464.0,7
42670.0,3
9619.0,23
9940.0,19
36172.0,3
9831.0,22
41604.0,2
3763.0,16
7432.0,23
43680.0,3
20064.0,7
47695.0,8
61955.0,1
36180.0,12
51462.0,5
9692.0,21
9807.0,22
37055.0,2
35408.0,1
47102.0,10
3859.0,17
60159.0,1
55368.0,3
58818.0,3
9792.0,22
9882.0,23
52092.0,5
42336.0,3
40164.0,4
46834.0,4
49370.0,5
32850.0,3
9844.0,26
51697.0,1
64846.0,3
45492.0,7
65253.0,3
49258.0,6
9656.0,22
39457.0,2
49226.0,2
6167.0,24
49196.0,4
9996.0,14
55332.0,2
9579.0,17
53461.0,1
18372.0,1
37540.0,7
28658.0,21
34468.0,3
3856.0,22
36074.0,6
8693.0,9
34484.0,4
9827.0,27
63245.0,3
50420.0,3
9708.0,20
50426.0,2
43102.0,6
35358.0,3
59422.0,7
57038.0,4
8177.0,35
59072.0,7
49956.0,2
44560.0,7
35442.0,6
12418.0,25
9868.0,23
9813.0,16
42070.0,2
39017.0,2
9707.0,23
19560.0,2
9429.0,32
50048.0,5
31229.0,2
31345.0,1
34888.0,8
56474.0,5
9860.0,19
56490.0,6
56476.0,3
3855.0,21
3767.0,19
58156.0,4
58158.0,5
47652.0,5
46058.0,2
6581.0,28
36808.0,8
52532.0,3
48230.0,2
48204.0,2
9144.0,24
9549.0,13
51692.0,5
59566.0,10
39695.0,3
48616.0,4
50372.0,4
42376.0,1
42396.0,4
17137.0,6
9652.0,26
41280.0,6
55794.0,6
41964.0,2
3566.0,23
54266.0,2
41564.0,7
40320.0,6
3699.0,33
50028.0,8
8307.0,20
9680.0,28
9799.0,11
48480.0,1
48494.0,4
19171.0,1
3854.0,20
9725.0,32
35862.0,6
39463.0,2
37775.0,2
24677.0,1
35534.0,3
9635.0,21
9895.0,21
9690.0,40
9767.0,21
40902.0,6
9845.0,33
21464.0,1
60884.0,12
39927.0,4
60868.0,7
54198.0,3
3490.0,16
8543.0,13
39164.0,10
47882.0,8
52664.0,7
1826.0,2
56356.0,7
44404.0,3
54080.0,4
49744.0,10
45958.0,3
37514.0,5
51750.0,6
42972.0,2
58781.0,1
5766.0,22
1014.0,2
8409.0,24
9892.0,25
57138.0,4
42080.0,8
9736.0,13
40084.0,6
9697.0,23
50958.0,4
9594.0,22
40872.0,7
42930.0,4
58584.0,7
59184.0,5
58592.0,2
58260.0,4
58244.0,7
26552.0,2
55878.0,6
39992.0,3
60496.0,5
9769.0,23
9618.0,16
9819.0,18
60528.0,7
9716.0,24
47728.0,8
52226.0,2
9906.0,32
51520.0,8
35474.0,4
6027.0,20
52672.0,6
59094.0,5
37988.0,5
24676.0,11
57852.0,6
57866.0,7
57870.0,6
37980.0,3
49692.0,16
50116.0,7
9535.0,22
51502.0,3
3670.0,16
51518.0,2
55792.0,7
56198.0,5
39604.0,8
54582.0,7
9650.0,19
21052.0,2
37036.0,3
37300.0,9
37316.0,6
48498.0,2
41404.0,4
41396.0,10
7990.0,18
57890.0,4
60926.0,5
2722.0,10
9973.0,23
33620.0,6
33636.0,4
9752.0,21
16089.0,4
50444.0,3
53870.0,5
57440.0,3
3280.0,23
47434.0,13
43642.0,5
47680.0,3
37426.0,6
9923.0,14
39380.0,2
47996.0,3
42615.0,2
3550.0,25
45082.0,7
60674.0,6
44062.0,4
34924.0,4
9951.0,21
9733.0,16
49442.0,2
27412.0,1
44668.0,2
40626.0,7
46318.0,12
58316.0,4
40353.0,2
41895.0,2
23819.0,6
41897.0,2
56294.0,5
41080.0,5
20018.0,9
3775.0,16
39858.0,6
37261.0,2
55562.0,10
25186.0,4
25482.0,4
51308.0,2
51278.0,2
9969.0,24
47796.0,3
34786.0,7
12429.0,9
9718.0,18
9759.0,23
37489.0,2
2552.0,8
22886.0,1
9672.0,28
9626.0,24
9669.0,25
54294.0,6
54308.0,4
50768.0,5
9714.0,22
56996.0,7
57002.0,5
50948.0,2
9651.0,24
1390.0,9
3212.0,9
6166.0,19
20592.0,1
56772.0,5
54284.0,4
7369.0,25
47211.0,1
4435.0,36
58462.0,3
47869.0,1
21460.0,1
7215.0,16
22131.0,1
48196.0,6
26291.0,30
23692.0,1
9775.0,19
9256.0,36
60036.0,9
37926.0,10
50828.0,8
9683.0,13
3409.0,6
18404.0,3
12145.0,19
24637.0,1
62151.0,1
38190.0,6
9790.0,22
5044.0,20
5603.0,37
9793.0,19
55592.0,7
49404.0,4
49408.0,7
49420.0,16
49424.0,13
9511.0,29
7297.0,29
7980.0,29
39290.0,6
50082.0,11
57316.0,4
57318.0,3
7916.0,23
4096.0,18
37218.0,10
8051.0,40
60049.0,4
50795.0,1
41131.0,1
50711.0,1
50775.0,1
50779.0,1
50771.0,1
17902.0,2
3548.0,22
9114.0,28
23082.0,12
13654.0,1
41999.0,3
12560.0,9
37337.0,2
51117.0,2
50614.0,5
4184.0,15
46708.0,4
9861.0,29
4322.0,25
37908.0,9
7967.0,18
41551.0,2
9654.0,23
36048.0,3
9702.0,24
40447.0,2
6071.0,18
3721.0,18
9748.0,21
41168.0,8
9749.0,13
9869.0,35
45038.0,4
57326.0,5
50206.0,6
9865.0,28
17192.0,1
9721.0,21
58726.0,2
40781.0,2
12554.0,9
9909.0,37
18116.0,2
43976.0,2
57552.0,6
5284.0,21
36332.0,2
5669.0,20
12471.0,6
51590.0,4
20070.0,17
205.0,2
63070.0,1
3662.0,21
3556.0,26
3612.0,21
25258.0,1
43514.0,10
7190.0,20
42178.0,3
26178.0,2
661.0,2
31362.0,4
5892.0,19
29074.0,1
9675.0,24
50085.0,4
50912.0,2
6034.0,23
9737.0,13
7427.0,20
58271.0,7
26792.0,1
43589.0,2
28508.0,1
13993.0,6
5594.0,26
21169.0,2
53886.0,3
19652.0,3
7488.0,18
36607.0,2
31907.0,2
62021.0,6
51391.0,6
16660.0,11
24440.0,3
51299.0,2
56050.0,7
45236.0,1
37211.0,2
40559.0,2
17188.0,2
31752.0,7
18483.0,2
6232.0,22
5761.0,20
36620.0,12
5266.0,30
54385.0,2
43141.0,2
22152.0,3
56584.0,9
41408.0,6
47354.0,5
56174.0,10
54332.0,5
19528.0,1
26670.0,2
7013.0,44
33574.0,6
15350.0,2
64201.0,2
4760.0,30
48893.0,2
12391.0,12
36888.0,1
29468.0,2
18057.0,12
3783.0,17
9417.0,24
8654.0,10
53033.0,8
62595.0,31
64457.0,2
49601.0,3
1442.0,4
48802.0,5
45305.0,2
58020.0,8
39189.0,3
25194.0,3
53743.0,2
29462.0,2
55614.0,5
55620.0,7
63467.0,2
55628.0,7
61396.0,4
32695.0,2
27689.0,2
26340.0,4
54796.0,5
3049.0,7
55826.0,1
55848.0,3
46033.0,3
52199.0,2
55346.0,5
8636.0,76
21639.0,4
14536.0,2
18018.0,6
23872.0,2
26213.0,2
47788.0,1
52865.0,1
33433.0,1
31700.0,2
5335.0,26
48218.0,5
6172.0,16
6184.0,23
44943.0,2
2534.0,9
49463.0,2
20570.0,4
61010.0,6
24622.0,4
2244.0,13
56285.0,2
38503.0,2
49399.0,2
63877.0,2
55484.0,8
14209.0,2
60260.0,8
40489.0,2
14400.0,12
44332.0,14
49482.0,7
37319.0,4
64167.0,3
26158.0,2
12495.0,13
43145.0,2
56933.0,2
45377.0,1
50235.0,2
63093.0,1
5809.0,17
62908.0,6
12419.0,7
55849.0,2
4484.0,21
25671.0,2
41539.0,7
12249.0,18
12420.0,9
12032.0,2
19880.0,2
16352.0,2
1012.0,6
56568.0,3
56582.0,3
56608.0,4
42312.0,4
43234.0,4
15405.0,2
39887.0,4
5691.0,16
22229.0,5
62752.0,2
42155.0,2
12302.0,9
3620.0,18
42008.0,3
32596.0,2
37338.0,5
25142.0,9
33760.0,5
61652.0,2
39272.0,9
44166.0,4
26767.0,2
28972.0,8
62548.0,13
45187.0,2
19343.0,2
47335.0,2
31747.0,13
48133.0,2
58925.0,6
56121.0,2
53709.0,2
36775.0,2
4248.0,22
58349.0,2
32136.0,2
33029.0,6
18071.0,7
51919.0,9
25615.0,2
40498.0,10
60612.0,1
59707.0,2
29547.0,2
50073.0,6
56126.0,7
3475.0,2
14556.0,2
24858.0,2
35083.0,2
51702.0,4
64063.0,2
53412.0,93
3101.0,26
54627.0,2
25468.0,2
63359.0,2
21732.0,2
52531.0,2
42862.0,5
7349.0,19
52717.0,2
35890.0,3
829.0,4
18963.0,2
29775.0,2
5456.0,47
40680.0,3
5681.0,18
3678.0,20
37749.0,6
7075.0,29
17170.0,7
64454.0,2
5058.0,26
55784.0,7
16252.0,4
19646.0,1
19786.0,2
55664.0,9
55393.0,2
37056.0,10
18358.0,2
18423.0,2
47628.0,6
47646.0,3
14799.0,7
17306.0,2
42515.0,4
62337.0,8
32646.0,3
32660.0,1
50703.0,2
43156.0,5
47613.0,2
34028.0,4
65274.0,2
37887.0,3
5772.0,23
5807.0,21
65328.0,7
43165.0,9
34047.0,2
17576.0,6
5179.0,18
6608.0,21
53570.0,4
9467.0,22
65528.0,4
18134.0,6
65160.0,7
49003.0,8
42160.0,1
23787.0,2
52162.0,5
29305.0,2
40898.0,3
43396.0,5
17642.0,3
21529.0,6
45925.0,2
20165.0,2
3726.0,18
21210.0,2
9119.0,46
2390.0,1
7805.0,19
64817.0,1
25167.0,3
45859.0,7
5895.0,26
56760.0,7
49061.0,6
64385.0,2
28005.0,6
23998.0,2
49904.0,13
4066.0,15
60106.0,2
60114.0,2
26952.0,4
33405.0,2
41198.0,3
15467.0,6
60093.0,8
59496.0,5
2703.0,2
47469.0,6
60987.0,7
23733.0,8
48716.0,8
56901.0,2
42530.0,1
64070.0,4
16900.0,3
13859.0,2
48869.0,7
56372.0,17
40397.0,4
3478.0,20
7487.0,19
5626.0,23
48113.0,6
52977.0,5
34720.0,8
28442.0,2
17833.0,2
26794.0,2
64653.0,6
59011.0,4
62393.0,2
7236.0,19
23092.0,2
5376.0,20
58720.0,4
58744.0,3
48537.0,6
47435.0,8
49981.0,2
22291.0,2
60210.0,4
35797.0,2
13010.0,4
55546.0,3
55556.0,10
26139.0,3
2089.0,8
25586.0,2
1427.0,16
16315.0,6
63322.0,7
23512.0,7
14456.0,3
60769.0,2
48057.0,8
6242.0,18
5670.0,29
12414.0,9
5048.0,37
42542.0,3
57039.0,2
12589.0,13
3995.0,18
7604.0,24
6181.0,18
23306.0,11
9065.0,36
6860.0,17
65358.0,2
9177.0,37
47988.0,11
59220.0,13
32612.0,2
53888.0,5
56947.0,13
25144.0,6
55888.0,8
41416.0,3
53590.0,8
37344.0,8
20988.0,2
29136.0,2
62440.0,5
34608.0,2
45094.0,3
26764.0,1
54473.0,1
3540.0,24
65492.0,2
33864.0,2
34084.0,3
58373.0,11
40097.0,2
43604.0,3
47216.0,8
26396.0,2
61661.0,2
45692.0,1
4975.0,39
14249.0,2
52999.0,12
5318.0,19
42126.0,7
28980.0,5
33722.0,5
58538.0,5
51984.0,2
12237.0,6
1317.0,7
47315.0,2
17068.0,2
60226.0,2
40243.0,2
6115.0,18
5246.0,37
39597.0,2
52148.0,47
23508.0,2
23520.0,8
18602.0,2
27510.0,4
27518.0,2
63152.0,4
63160.0,2
16522.0,4
42358.0,4
60742.0,4
6106.0,18
20933.0,2
53092.0,5
35506.0,8
40560.0,4
50834.0,4
36376.0,8
25741.0,2
63556.0,1
31810.0,10
50452.0,6
8949.0,8
57682.0,2
24122.0,4
48194.0,1
54988.0,2
35218.0,5
41882.0,9
42562.0,8
56346.0,4
6197.0,19
32862.0,5
12652.0,2
35440.0,3
14013.0,8
37210.0,7
23432.0,4
23436.0,2
21654.0,4
9139.0,26
9324.0,19
64848.0,2
64854.0,6
33616.0,2
54888.0,4
49596.0,5
41543.0,2
49931.0,6
4548.0,25
58240.0,9
62499.0,2
5896.0,32
44103.0,5
43504.0,6
48963.0,7
16141.0,13
48161.0,6
62399.0,2
43257.0,3
42673.0,2
42111.0,2
42034.0,13
57206.0,6
34502.0,9
51342.0,3
17529.0,2
44112.0,10
25007.0,5
45981.0,3
37665.0,3
9296.0,21
37295.0,3
23166.0,2
37730.0,6
37889.0,1
23170.0,2
60033.0,4
29780.0,2
9422.0,22
29790.0,2
48578.0,12
61180.0,2
36196.0,3
3661.0,20
9404.0,19
24536.0,2
40731.0,2
9482.0,26
33193.0,1
29834.0,6
47977.0,2
28738.0,3
9459.0,30
9336.0,22
20697.0,2
6217.0,20
46131.0,8
51067.0,6
17116.0,2
9412.0,25
6163.0,21
46949.0,6
60445.0,7
42322.0,3
9155.0,27
48377.0,2
65222.0,6
7535.0,20
63752.0,4
59682.0,6
7291.0,23
31596.0,2
32071.0,2
9363.0,21
5030.0,30
56057.0,4
37771.0,2
33227.0,2
16345.0,2
9435.0,20
34806.0,4
50406.0,6
45271.0,8
37245.0,2
9485.0,24
55920.0,9
45425.0,6
54445.0,7
4784.0,32
62592.0,2
9129.0,26
7221.0,21
17601.0,10
1754.0,2
40086.0,10
40074.0,4
41563.0,2
26967.0,2
59550.0,5
60244.0,2
3746.0,16
51047.0,2
29735.0,8
52984.0,4
41792.0,4
23502.0,7
49074.0,3
9379.0,30
9471.0,22
52600.0,7
48374.0,13
34865.0,9
49831.0,2
48844.0,5
48850.0,14
43666.0,4
49266.0,5
37429.0,4
6195.0,22
6475.0,18
19214.0,3
2136.0,3
7668.0,19
27415.0,3
56221.0,3
50124.0,7
53544.0,2
5754.0,20
49679.0,6
6246.0,18
25471.0,5
9329.0,22
9216.0,34
20185.0,7
32057.0,2
34473.0,4
12186.0,9
60434.0,6
9474.0,22
37286.0,12
12476.0,4
8969.0,29
16723.0,1
2090.0,4
40208.0,6
22749.0,2
9425.0,31
56776.0,6
5736.0,20
12551.0,6
9262.0,21
24309.0,2
49575.0,3
39772.0,4
56064.0,5
56484.0,5
59644.0,2
9463.0,21
59920.0,5
60658.0,4
31576.0,4
56072.0,4
56875.0,8
9385.0,27
18817.0,1
52113.0,6
56546.0,7
13823.0,3
12128.0,20
49073.0,2
48210.0,8
65398.0,3
37725.0,4
52139.0,2
33769.0,8
58451.0,2
1013.0,4
60038.0,3
51202.0,8
9105.0,39
44183.0,1
47179.0,8
1958.0,12
12404.0,6
19500.0,2
9360.0,20
9261.0,25
9364.0,19
9406.0,20
47431.0,4
30689.0,2
9414.0,23
64359.0,36
28500.0,7
31958.0,5
36117.0,9
1617.0,3
9286.0,32
52098.0,5
52114.0,2
50773.0,4
5463.0,22
21153.0,2
49717.0,8
7564.0,16
34169.0,2
4235.0,16
53346.0,2
3425.0,7
43709.0,1
45149.0,2
21433.0,5
35309.0,2
60083.0,4
6775.0,21
9297.0,31
63804.0,2
9437.0,28
9225.0,23
32826.0,12
8148.0,34
18326.0,8
22826.0,2
60146.0,8
26085.0,2
14003.0,8
53690.0,2
4759.0,42
60653.0,2
37203.0,3
9314.0,20
9436.0,27
9351.0,22
58483.0,2
9362.0,23
15336.0,2
47095.0,2
64496.0,3
5100.0,36
9279.0,27
54875.0,2
59140.0,2
45798.0,7
53856.0,6
6240.0,19
47330.0,11
49221.0,6
41737.0,7
28745.0,2
37360.0,2
59122.0,4
32828.0,4
41154.0,11
52599.0,2
14957.0,2
9483.0,23
9477.0,24
47036.0,8
26586.0,2
57199.0,2
43223.0,2
9277.0,22
60697.0,2
43058.0,6
9331.0,21
53057.0,7
52334.0,4
19679.0,2
5718.0,18
16880.0,2
47945.0,2
2551.0,11
4752.0,41
12928.0,2
37718.0,6
57392.0,7
9354.0,24
2210.0,10
62333.0,6
37545.0,6
9450.0,24
50307.0,2
2679.0,2
9254.0,29
8874.0,20
9274.0,32
32903.0,6
9320.0,23
9335.0,23
9341.0,29
22297.0,2
14172.0,9
59630.0,8
9153.0,29
60063.0,6
9481.0,24
9164.0,24
36153.0,2
9386.0,33
45169.0,6
4520.0,38
18944.0,2
33024.0,3
42896.0,4
20077.0,2
9318.0,21
15702.0,2
40720.0,2
46711.0,7
9346.0,32
9402.0,20
9115.0,36
41681.0,4
15307.0,2
9218.0,35
47545.0,2
8167.0,30
24652.0,2
62444.0,4
24259.0,2
9180.0,36
61991.0,4
6070.0,50
47487.0,8
63960.0,1
35917.0,2
9495.0,28
13975.0,7
63040.0,4
5271.0,40
9227.0,24
56915.0,4
41219.0,2
4954.0,30
27596.0,4
7252.0,29
63925.0,10
25100.0,8
53844.0,2
57978.0,6
63882.0,2
60003.0,7
12191.0,19
9478.0,24
9128.0,29
9284.0,21
9315.0,23
9387.0,21
12218.0,6
9182.0,46
14363.0,2
53900.0,2
27281.0,7
29445.0,2
16670.0,7
9382.0,20
12575.0,9
23848.0,1
55333.0,9
15553.0,6
65085.0,6
40892.0,9
20590.0,4
50517.0,7
9168.0,26
9494.0,17
17281.0,6
9353.0,29
22127.0,4
37999.0,2
6121.0,25
53517.0,2
40701.0,4
9317.0,23
25311.0,4
22083.0,17
9276.0,23
9361.0,26
27238.0,2
54974.0,2
9344.0,21
37609.0,2
16542.0,1
5888.0,18
42571.0,3
35684.0,4
35692.0,11
9342.0,29
21398.0,4
9497.0,19
9397.0,30
23961.0,12
48280.0,4
22547.0,2
9135.0,24
4197.0,15
3758.0,19
17455.0,2
50386.0,8
20803.0,2
21095.0,2
20564.0,2
5783.0,26
48014.0,3
9232.0,22
9246.0,23
9063.0,23
13012.0,2
33409.0,2
3738.0,23
45621.0,9
9448.0,17
58547.0,1
24068.0,2
42420.0,18
4589.0,26
9405.0,21
21090.0,2
33531.0,2
23578.0,2
28433.0,7
65146.0,2
16028.0,10
50203.0,7
9275.0,22
9255.0,23
28088.0,2
9152.0,24
47719.0,2
24508.0,2
9468.0,21
40543.0,2
9282.0,23
7945.0,21
9461.0,15
21077.0,11
53189.0,2
16762.0,4
35809.0,6
52210.0,3
61067.0,5
42932.0,5
61014.0,3
9036.0,44
32008.0,2
25906.0,2
53599.0,2
9369.0,22
21893.0,2
44337.0,11
2059.0,8
9484.0,17
14129.0,2
9440.0,22
34485.0,2
65008.0,2
64787.0,1
8658.0,11
9048.0,26
5745.0,22
37191.0,3
9079.0,25
58149.0,2
36232.0,3
42256.0,6
42240.0,4
36827.0,2
4201.0,24
9372.0,23
9145.0,22
45735.0,6
63501.0,2
24416.0,4
9396.0,20
24542.0,6
31336.0,8
27450.0,2
63800.0,2
12233.0,6
18048.0,14
63412.0,4
47978.0,9
47992.0,5
9239.0,22
9423.0,24
9292.0,33
9340.0,21
9470.0,19
37483.0,2
23667.0,6
9280.0,28
30970.0,2
9421.0,16
22225.0,4
21173.0,2
17328.0,2
9319.0,23
15472.0,2
15484.0,4
23770.0,2
9107.0,27
43990.0,4
23151.0,2
65240.0,8
62136.0,2
8597.0,11
8552.0,11
9258.0,31
40725.0,4
25624.0,3
18482.0,2
37060.0,6
53311.0,5
63884.0,6
61419.0,4
8539.0,10
9394.0,54
19691.0,2
5875.0,22
46017.0,2
602.0,8
2905.0,4
9240.0,23
27551.0,6
9112.0,28
9367.0,23
65252.0,8
12169.0,5
9082.0,32
9407.0,24
26754.0,4
31006.0,11
52323.0,2
39366.0,5
36228.0,5
36280.0,5
65347.0,2
36268.0,7
36290.0,7
52017.0,2
31551.0,6
1996.0,7
12161.0,4
32978.0,5
9419.0,21
56774.0,7
46387.0,4
44772.0,11
57510.0,3
25121.0,3
44356.0,3
28313.0,2
53516.0,4
54192.0,6
27572.0,2
15181.0,2
54240.0,4
59020.0,5
44766.0,6
44780.0,3
56300.0,2
60090.0,11
45286.0,1
22761.0,6
48680.0,4
9223.0,23
50032.0,5
53498.0,6
49264.0,2
43072.0,4
3069.0,4
36784.0,2
57141.0,2
36840.0,3
48246.0,2
44206.0,7
48278.0,4
44222.0,3
56468.0,6
56496.0,4
17605.0,2
56316.0,3
50092.0,4
9291.0,22
61192.0,2
48078.0,5
9326.0,30
55160.0,3
61384.0,2
47696.0,6
47658.0,11
47720.0,6
63858.0,8
28194.0,7
23833.0,6
34228.0,7
42285.0,8
63714.0,2
44303.0,11
48328.0,3
25198.0,2
22326.0,2
51036.0,5
51018.0,1
51022.0,8
21289.0,4
60046.0,7
6208.0,18
9408.0,24
9287.0,22
45625.0,8
6364.0,21
54249.0,2
41071.0,2
1341.0,2
15961.0,2
14581.0,8
5720.0,23
3019.0,4
37948.0,9
37978.0,3
37068.0,3
9323.0,23
9332.0,21
52694.0,3
9378.0,23
9370.0,19
6231.0,16
9490.0,19
9125.0,28
9458.0,27
16099.0,4
36428.0,3
3076.0,8
9147.0,33
9469.0,34
9488.0,28
62322.0,2
30990.0,2
29469.0,2
63194.0,1
50422.0,2
53776.0,4
9175.0,36
8663.0,23
28886.0,2
9260.0,28
15569.0,2
28890.0,2
31802.0,2
8234.0,24
51194.0,3
19982.0,2
32610.0,2
40874.0,10
21786.0,2
14938.0,3
25088.0,5
18210.0,11
16983.0,2
12832.0,2
12649.0,2
9159.0,26
57445.0,2
39654.0,6
18970.0,2
15844.0,2
39236.0,4
39264.0,5
7368.0,20
52631.0,8
4863.0,30
48811.0,2
23643.0,7
53763.0,9
9172.0,45
14480.0,2
40569.0,12
9428.0,21
37383.0,4
38074.0,6
25004.0,20
45790.0,14
42539.0,2
27842.0,4
42239.0,6
31926.0,7
9290.0,20
52329.0,8
20728.0,4
9283.0,22
34622.0,5
63946.0,6
18329.0,2
56946.0,3
5238.0,53
46719.0,6
22596.0,2
8584.0,12
49530.0,3
9219.0,33
9395.0,29
9176.0,34
3015.0,7
26911.0,8
2755.0,6
43999.0,8
63994.0,1
4044.0,18
9374.0,20
32878.0,3
32884.0,2
53531.0,8
9131.0,23
28505.0,2
55465.0,2
15340.0,1
20211.0,8
9228.0,23
9231.0,25
54278.0,4
42130.0,5
37421.0,2
46372.0,13
14333.0,2
37883.0,2
56879.0,4
4298.0,17
40884.0,6
18597.0,2
9267.0,24
31100.0,2
22874.0,2
59446.0,2
34994.0,4
12475.0,4
39388.0,9
64416.0,2
64614.0,2
553.0,3
57903.0,2
8374.0,16
14757.0,2
56784.0,7
34790.0,3
39505.0,2
24435.0,2
33686.0,2
22363.0,9
65022.0,8
59478.0,2
59492.0,6
5763.0,18
5079.0,28
47602.0,4
7182.0,27
53667.0,6
56896.0,4
9322.0,19
23806.0,2
35920.0,5
13956.0,2
9195.0,27
45327.0,4
32908.0,1
18721.0,2
9242.0,32
36909.0,2
39118.0,2
18413.0,3
40654.0,6
9347.0,26
40658.0,4
61633.0,2
9462.0,24
14215.0,2
28095.0,7
16084.0,11
33270.0,3
33254.0,5
9499.0,18
52240.0,2
48182.0,5
9491.0,21
49298.0,12
9493.0,22
41307.0,2
63076.0,1
46094.0,9
47694.0,7
29444.0,5
9358.0,22
5788.0,19
16648.0,2
9059.0,24
9108.0,49
9371.0,18
59728.0,4
9251.0,24
19544.0,2
9198.0,27
65336.0,3
55518.0,4
28899.0,7
9464.0,21
6.0,2
18.0,2
37453.0,4
12066.0,2
28811.0,2
28612.0,6
17832.0,2
3.0,2
8.0,2
42412.0,4
14.0,2
16.0,2
5.0,2
10.0,2
57217.0,2
9243.0,24
21319.0,16
9288.0,24
54571.0,2
62207.0,2
45369.0,6
4.0,2
12.0,4
7774.0,19
9271.0,21
43150.0,9
1005.0,6
18550.0,2
19576.0,1
33894.0,8
24572.0,1
23557.0,2
9285.0,21
64753.0,2
60783.0,2
25160.0,12
31028.0,2
9181.0,26
8761.0,24
43889.0,6
5857.0,20
9416.0,26
9479.0,24
25409.0,8
57608.0,2
9237.0,20
12902.0,11
14586.0,2
51277.0,2
9413.0,16
25355.0,2
8488.0,29
24099.0,2
62204.0,2
52572.0,2
16001.0,11
52871.0,5
26946.0,4
9460.0,35
6904.0,19
61297.0,2
53377.0,2
39411.0,4
57730.0,6
63436.0,2
48749.0,7
60645.0,9
52035.0,2
9163.0,20
9452.0,23
46813.0,7
50604.0,4
35223.0,7
58262.0,3
16829.0,2
62330.0,1
58861.0,2
27097.0,2
25357.0,2
9272.0,24
5759.0,28
45945.0,4
12506.0,13
29948.0,2
21151.0,2
9298.0,22
5834.0,22
41515.0,2
20776.0,6
5614.0,39
34520.0,2
34512.0,13
17016.0,6
9321.0,22
36276.0,3
32608.0,2
61316.0,6
19457.0,2
44903.0,10
27313.0,2
12906.0,6
42618.0,8
19810.0,2
9449.0,21
51794.0,2
36244.0,3
46088.0,5
57744.0,5
62332.0,4
33001.0,6
37025.0,2
7175.0,25
40310.0,7
29755.0,2
59772.0,5
21773.0,8
37398.0,8
40063.0,10
9381.0,22
26278.0,2
59797.0,2
57428.0,14
17518.0,9
47892.0,7
9132.0,29
46648.0,9
3252.0,2
47233.0,7
9187.0,33
9157.0,26
51459.0,5
25396.0,3
2543.0,6
16796.0,2
45631.0,6
58613.0,2
52848.0,5
46752.0,12
9411.0,24
20900.0,5
9123.0,35
9293.0,23
3051.0,8
61814.0,1
9359.0,18
9356.0,25
22889.0,2
34038.0,2
48258.0,5
51286.0,6
9161.0,26
39698.0,3
51258.0,4
53280.0,4
4214.0,18
57360.0,7
46872.0,8
37294.0,6
53704.0,4
53050.0,2
39689.0,2
37234.0,6
37242.0,6
59926.0,2
9117.0,30
9235.0,26
45256.0,4
57416.0,4
22904.0,2
42273.0,2
26403.0,2
50725.0,2
20800.0,9
56498.0,6
58864.0,2
49739.0,2
16389.0,6
60272.0,7
45248.0,9
49914.0,7
49898.0,3
41613.0,2
9476.0,24
50595.0,2
5582.0,21
9143.0,38
51782.0,3
59603.0,5
18212.0,2
47986.0,12
28472.0,1
9185.0,31
17354.0,2
21865.0,2
9434.0,21
48505.0,2
27153.0,2
65035.0,2
21854.0,8
34782.0,3
49805.0,6
28282.0,7
46395.0,2
3756.0,18
8867.0,23
16515.0,2
19926.0,2
25510.0,8
5795.0,25
20413.0,2
9294.0,22
4032.0,19
1447.0,22
9203.0,28
37480.0,5
24454.0,1
59127.0,3
52674.0,5
9432.0,20
65385.0,2
62223.0,2
42121.0,27
9035.0,41
62892.0,8
37894.0,2
23543.0,2
9392.0,22
35926.0,7
8195.0,31
9148.0,25
9365.0,23
55597.0,1
51605.0,2
33075.0,2
18464.0,2
9327.0,23
43966.0,3
20612.0,2
6135.0,21
2750.0,2
12534.0,6
47774.0,9
47742.0,7
33199.0,2
21432.0,4
16618.0,1
14327.0,2
18852.0,2
49210.0,12
41163.0,2
9137.0,27
57998.0,8
9426.0,22
55694.0,5
55684.0,4
49115.0,6
12056.0,6
42078.0,15
55175.0,4
9376.0,19
9087.0,24
54967.0,2
9265.0,21
14458.0,7
65503.0,7
9451.0,22
54281.0,2
16748.0,2
44731.0,1
28592.0,1
18987.0,5
62994.0,2
39655.0,2
53338.0,16
45551.0,7
49262.0,8
64404.0,2
14032.0,2
31592.0,2
43561.0,2
41695.0,2
7995.0,19
35537.0,2
4617.0,34
9439.0,23
54570.0,3
51358.0,5
9415.0,17
62812.0,8
49987.0,6
48592.0,8
6429.0,18
32046.0,6
58640.0,7
9179.0,29
31853.0,4
9430.0,24
9349.0,25
39815.0,2
45472.0,6
49785.0,7
45597.0,1
16174.0,2
48244.0,5
15488.0,2
61645.0,8
54320.0,6
9183.0,36
12284.0,9
19807.0,2
12611.0,2
47261.0,6
21574.0,1
56513.0,3
63872.0,4
15285.0,2
14392.0,2
51251.0,2
52225.0,8
6105.0,23
40119.0,2
64858.0,2
41192.0,4
50470.0,3
9366.0,17
9388.0,25
47571.0,2
51121.0,3
26954.0,6
17546.0,2
58310.0,7
32966.0,4
52629.0,2
6136.0,24
18551.0,2
58793.0,2
20604.0,16
9375.0,23
48652.0,5
48660.0,4
48672.0,7
9068.0,27
61818.0,2
51334.0,9
58695.0,2
45762.0,3
45756.0,10
46205.0,12
41415.0,2
21872.0,9
29977.0,2
7958.0,17
9214.0,31
33973.0,10
64616.0,2
65047.0,2
12036.0,2
24472.0,8
60374.0,5
5890.0,22
9438.0,24
44098.0,3
9281.0,19
60750.0,4
52312.0,3
61512.0,2
25919.0,2
65233.0,6
39248.0,6
33814.0,3
60536.0,10
36097.0,10
19396.0,2
13363.0,2
29818.0,4
48219.0,9
29826.0,1
44143.0,2
8141.0,28
8255.0,20
29812.0,1
42352.0,5
29800.0,1
29574.0,4
50502.0,7
53830.0,3
17775.0,4
41788.0,5
9174.0,29
5468.0,27
9487.0,23
12084.0,7
16773.0,2
12742.0,2
57132.0,4
6076.0,20
39807.0,2
9041.0,39
60870.0,2
2801.0,2
13949.0,2
6140.0,18
60502.0,7
3083.0,8
61664.0,8
59706.0,6
25036.0,2
48297.0,6
47475.0,2
9233.0,22
60241.0,7
37339.0,2
44350.0,9
40996.0,9
29514.0,6
37919.0,2
4656.0,24
20461.0,2
16971.0,2
46080.0,5
39571.0,2
24368.0,2
43847.0,2
21620.0,5
62634.0,2
34035.0,3
9334.0,22
5739.0,18
9409.0,25
50616.0,8
8707.0,23
39771.0,2
7398.0,22
56440.0,6
12881.0,2
22260.0,2
57817.0,2
5883.0,23
9330.0,23
18771.0,2
16758.0,1
17202.0,1
34980.0,7
48010.0,4
24117.0,9
9234.0,20
2139.0,34
40407.0,4
63928.0,4
57247.0,2
2400.0,2
4842.0,25
53154.0,3
6058.0,23
63551.0,11
16589.0,2
9238.0,17
1075.0,2
1048.0,2
21572.0,2
24993.0,2
23569.0,2
32175.0,2
8481.0,27
23338.0,2
9259.0,42
37460.0,2
46123.0,8
14599.0,2
28953.0,11
42613.0,2
21919.0,2
4604.0,26
41585.0,2
3294.0,6
60191.0,2
45873.0,2
1829.0,2
17461.0,2
64735.0,2
51068.0,1
34829.0,2
9466.0,21
24395.0,5
1597.0,2
5740.0,21
23914.0,2
9171.0,21
16310.0,10
31429.0,13
22836.0,4
61744.0,4
27545.0,10
59723.0,2
51444.0,12
51458.0,2
36383.0,2
62970.0,2
44552.0,6
5466.0,24
25626.0,8
34463.0,2
4446.0,29
17276.0,7
41350.0,7
51792.0,3
51822.0,3
26443.0,8
60734.0,5
16103.0,7
40897.0,2
7665.0,20
58615.0,1
9427.0,21
31082.0,2
28371.0,14
57566.0,1
45948.0,5
41866.0,8
51290.0,6
42120.0,6
51306.0,2
50252.0,6
59584.0,8
59482.0,9
39701.0,2
3326.0,16
47088.0,2
5676.0,23
27080.0,5
65356.0,2
556.0,8
14606.0,2
2011.0,8
64891.0,2
57442.0,1
63283.0,2
24388.0,1
31838.0,4
1496.0,2
31989.0,2
14524.0,7
65532.0,2
40045.0,6
62840.0,2
16007.0,5
9278.0,24
35025.0,2
51802.0,2
12160.0,4
13759.0,2
9194.0,42
58185.0,10
31831.0,12
5810.0,20
50113.0,5
45337.0,9
36753.0,7
1954.0,9
28860.0,2
4993.0,40
24720.0,2
62001.0,2
37626.0,4
42748.0,2
16585.0,2
41017.0,2
59906.0,5
5811.0,17
3432.0,2
9472.0,33
58074.0,5
19939.0,2
21825.0,2
47109.0,11
14062.0,2
4856.0,42
51754.0,4
26110.0,2
29793.0,2
45168.0,5
8587.0,19
48623.0,1
64240.0,2
64254.0,2
64266.0,2
23745.0,2
43489.0,2
16031.0,6
22270.0,10
9420.0,21
21333.0,2
47253.0,6
15882.0,2
8504.0,30
4316.0,19
22322.0,8
40463.0,4
36314.0,6
42401.0,2
65436.0,2
5465.0,19
14023.0,2
6164.0,26
60976.0,2
1704.0,2
56605.0,4
5336.0,31
58407.0,7
57483.0,1
5457.0,33
37298.0,5
35452.0,7
4834.0,32
26047.0,4
34471.0,7
60355.0,4
1007.0,6
60797.0,2
18583.0,4
48450.0,7
14940.0,4
47258.0,3
4170.0,23
25516.0,4
18009.0,15
6133.0,19
4052.0,19
17216.0,2
9055.0,19
37986.0,9
54246.0,4
21281.0,4
42870.0,6
42880.0,3
20595.0,4
17779.0,12
65302.0,2
5422.0,14
16291.0,8
21340.0,7
6977.0,12
5630.0,28
41257.0,3
52202.0,8
52754.0,3
4496.0,20
9475.0,29
45807.0,6
9316.0,22
44944.0,10
58032.0,3
29086.0,2
47666.0,6
51050.0,6
3713.0,18
5464.0,25
17895.0,4
5576.0,21
44324.0,4
24241.0,7
39031.0,3
9391.0,23
39561.0,2
16636.0,2
16209.0,5
33426.0,9
37746.0,6
16715.0,2
1318.0,7
19841.0,2
53510.0,4
64410.0,3
20307.0,2
20922.0,10
1107.0,13
27750.0,7
24406.0,2
57894.0,18
32585.0,2
16203.0,9
25399.0,4
44392.0,3
34630.0,4
65095.0,9
39413.0,4
31433.0,2
6148.0,23
22560.0,1
14326.0,2
61682.0,3
23565.0,2
3737.0,18
35491.0,1
45867.0,6
42136.0,7
44727.0,4
44635.0,2
62754.0,2
37491.0,4
13428.0,9
8599.0,10
3648.0,19
8830.0,19
42208.0,7
23460.0,7
52031.0,2
21086.0,4
8482.0,31
45351.0,6
45003.0,11
23094.0,4
45343.0,7
15223.0,2
3718.0,31
29026.0,2
55222.0,14
16045.0,4
41505.0,2
23445.0,2
27827.0,4
65530.0,6
61068.0,10
19995.0,6
46804.0,2
61827.0,2
12842.0,2
3152.0,2
50054.0,3
31333.0,5
8903.0,10
46389.0,6
47642.0,5
33679.0,1
44287.0,1
16111.0,1
61322.0,2
44866.0,8
54057.0,2
40801.0,9
18396.0,2
37257.0,10
35368.0,3
42268.0,1
41441.0,2
63026.0,2
61182.0,1
41589.0,2
26676.0,2
47094.0,3
20666.0,4
26367.0,2
5459.0,27
33547.0,4
27653.0,2
41129.0,4
9486.0,16
32043.0,11
36134.0,4
25497.0,2
54313.0,2
45785.0,5
55287.0,1
20310.0,11
27964.0,2
42836.0,5
3295.0,1
43722.0,5
18113.0,3
37575.0,2
3797.0,19
63963.0,2
33612.0,4
22338.0,2
61352.0,2
31872.0,2
56982.0,6
39937.0,2
55601.0,2
15590.0,2
4103.0,31
3727.0,14
49132.0,5
24025.0,2
48400.0,3
36024.0,2
12513.0,12
5461.0,16
34452.0,4
13722.0,7
56626.0,6
48814.0,4
12524.0,2
7675.0,25
27014.0,2
5825.0,20
46650.0,4
36304.0,4
35660.0,3
34826.0,6
54680.0,2
35577.0,1
54610.0,7
33692.0,6
33740.0,3
32464.0,1
30566.0,1
46391.0,6
47783.0,7
24482.0,2
40413.0,2
32818.0,5
7582.0,15
57542.0,1
28008.0,8
34154.0,3
3799.0,14
44102.0,5
37010.0,8
37178.0,6
45975.0,7
12615.0,2
5847.0,18
64976.0,5
20170.0,12
15652.0,2
2976.0,10
58646.0,8
39919.0,2
46982.0,3
28140.0,6
5925.0,23
20203.0,4
50326.0,7
16630.0,1
50921.0,6
48299.0,6
48468.0,11
8198.0,27
17950.0,2
13013.0,2
35700.0,9
55989.0,6
39448.0,4
13968.0,1
7447.0,27
49695.0,6
5462.0,33
47971.0,6
13917.0,6
6943.0,17
45152.0,6
58010.0,18
5458.0,16
59236.0,2
16604.0,3
33910.0,6
58133.0,1
34935.0,1
37893.0,1
7340.0,27
44886.0,6
47295.0,6
16804.0,6
7860.0,52
40843.0,2
6028.0,19
64295.0,6
5229.0,36
21911.0,5
64956.0,2
42492.0,3
45430.0,12
39674.0,6
41227.0,2
41727.0,2
37204.0,3
64906.0,2
3153.0,9
47242.0,1
5460.0,10
37353.0,2
18584.0,1
52468.0,9
57472.0,3
16434.0,4
20370.0,1
49375.0,7
21302.0,10
54086.0,4
6168.0,18
3568.0,26
64182.0,2
46272.0,5
40144.0,1
12292.0,2
19504.0,10
39774.0,4
3704.0,18
44934.0,6
40016.0,7
33768.0,3
23424.0,15
55713.0,3
31528.0,2
24929.0,1
15194.0,2
50142.0,3
40241.0,2
56560.0,5
22858.0,2
62722.0,2
18204.0,2
40888.0,12
60782.0,2
56260.0,4
60208.0,4
5078.0,21
4464.0,18
1086.0,11
30532.0,2
41320.0,13
14078.0,2
3126.0,16
46271.0,6
35698.0,5
39192.0,8
53508.0,13
61358.0,2
6895.0,17
2327.0,6
6301.0,20
1510.0,3
48364.0,6
29984.0,7
50538.0,7
8045.0,30
8548.0,26
53472.0,4
27818.0,2
4282.0,29
64163.0,1
25152.0,7
58958.0,2
6483.0,16
36270.0,4
5589.0,14
1822.0,8
34449.0,2
64546.0,1
26540.0,2
58514.0,4
34930.0,4
1700.0,8
37084.0,6
54234.0,3
57882.0,5
12316.0,31
35738.0,3
22530.0,4
36706.0,3
37535.0,2
58264.0,2
58276.0,5
34842.0,6
26226.0,2
36174.0,2
31572.0,8
429.0,2
39855.0,2
5885.0,23
42045.0,6
50712.0,8
48044.0,5
34723.0,1
17820.0,2
52250.0,2
32500.0,5
35726.0,3
40091.0,2
33459.0,6
63550.0,2
5677.0,29
45255.0,7
6116.0,20
23898.0,7
12135.0,6
15952.0,2
47328.0,6
1870.0,2
21194.0,4
36450.0,5
32152.0,4
52313.0,5
50408.0,2
28117.0,1
57214.0,4
57378.0,3
49964.0,5
60787.0,2
26854.0,4
51110.0,3
33332.0,6
2009.0,4
50418.0,8
39565.0,2
29970.0,1
51882.0,6
3668.0,18
28818.0,27
59416.0,4
49140.0,3
63614.0,2
49168.0,10
41627.0,2
7226.0,26
7302.0,31
5711.0,25
52156.0,5
1220.0,13
59328.0,3
33766.0,2
25670.0,2
1417.0,5
37523.0,2
40820.0,4
55360.0,5
28009.0,7
63334.0,2
1314.0,6
41336.0,5
18406.0,1
2019.0,14
35135.0,1
36549.0,1
55233.0,1
48858.0,4
26124.0,1
50064.0,6
3369.0,15
39278.0,5
3640.0,21
49118.0,7
46491.0,6
12164.0,6
39006.0,3
50669.0,2
7800.0,37
16054.0,7
48434.0,3
57308.0,3
57310.0,6
21384.0,2
45822.0,7
54668.0,7
31647.0,4
25019.0,10
4968.0,35
34425.0,2
55246.0,5
42773.0,2
12480.0,4
2441.0,13
41689.0,2
63788.0,1
49050.0,4
18930.0,2
45964.0,3
2524.0,2
7899.0,29
34224.0,2
12371.0,3
35404.0,2
47429.0,6
40645.0,14
4450.0,18
49538.0,3
32090.0,2
35626.0,6
15584.0,2
37873.0,3
47901.0,7
45712.0,3
47013.0,7
28526.0,3
47703.0,6
62830.0,2
49730.0,5
49734.0,4
18454.0,1
47596.0,12
8331.0,31
55434.0,4
46059.0,1
3054.0,17
5663.0,19
48054.0,4
31140.0,2
37671.0,2
60978.0,9
40688.0,10
14666.0,2
24734.0,1
37393.0,2
17889.0,1
43989.0,1
43913.0,1
39699.0,2
56826.0,4
57558.0,5
43892.0,6
40633.0,2
39811.0,2
1365.0,4
61059.0,1
61073.0,1
61111.0,2
61123.0,1
61115.0,1
61119.0,9
8876.0,13
20220.0,8
28778.0,2
47186.0,5
41851.0,2
53027.0,1
48321.0,7
16091.0,13
43302.0,4
60522.0,2
60532.0,6
32953.0,1
52112.0,3
52128.0,2
45194.0,13
5496.0,16
41245.0,2
27694.0,4
53580.0,6
20961.0,2
3655.0,27
42114.0,3
42156.0,4
42166.0,2
50724.0,5
40600.0,7
58018.0,4
43101.0,2
59514.0,5
59518.0,7
46616.0,58
46626.0,4
46636.0,11
59048.0,5
59022.0,6
58653.0,1
59086.0,6
59062.0,5
1502.0,7
37877.0,2
36434.0,1
36454.0,3
43482.0,2
54686.0,5
54702.0,4
42372.0,2
39650.0,4
39666.0,5
52326.0,3
48842.0,6
7978.0,13
48334.0,3
44882.0,2
55490.0,6
60160.0,4
60672.0,4
60688.0,3
56746.0,5
35710.0,7
43888.0,3
43906.0,4
40628.0,8
49999.0,12
25484.0,3
8318.0,22
40759.0,4
37224.0,2
24664.0,2
49171.0,6
40014.0,9
37118.0,5
62129.0,1
41659.0,4
7144.0,18
25486.0,3
55764.0,1
3459.0,4
46703.0,6
61834.0,3
58460.0,4
36794.0,7
5239.0,32
20342.0,2
14896.0,15
8691.0,12
8994.0,8
8523.0,16
8771.0,9
49794.0,2
35872.0,4
25020.0,2
40861.0,2
48551.0,7
5278.0,34
8638.0,8
8739.0,8
28991.0,6
45658.0,5
4123.0,18
6896.0,18
39703.0,2
49206.0,9
44054.0,2
44050.0,4
19138.0,2
6177.0,18
8839.0,13
8893.0,33
45777.0,6
41664.0,7
8538.0,7
8922.0,13
60718.0,3
8997.0,11
56972.0,7
8456.0,40
8710.0,6
8603.0,6
5510.0,20
49850.0,3
40393.0,2
8942.0,7
8866.0,26
32348.0,2
18478.0,1
45802.0,5
15204.0,2
5105.0,40
8756.0,10
47028.0,3
63010.0,2
8575.0,10
8954.0,8
36612.0,4
21515.0,5
8774.0,8
8741.0,15
8856.0,27
6049.0,20
20300.0,7
59984.0,1
46644.0,6
5842.0,18
5020.0,27
39764.0,2
8930.0,8
8730.0,9
8784.0,10
8793.0,45
14096.0,2
44305.0,7
8920.0,14
62114.0,2
8616.0,14
5209.0,27
8595.0,24
8627.0,8
8828.0,43
8645.0,8
47340.0,4
23909.0,7
20194.0,2
8668.0,6
8751.0,7
42820.0,5
6131.0,20
36958.0,5
37371.0,2
12163.0,20
42928.0,5
37537.0,2
3654.0,22
26789.0,7
8974.0,8
8723.0,8
8952.0,10
8811.0,23
8629.0,8
48613.0,6
49068.0,3
685.0,8
57410.0,6
8669.0,6
8957.0,6
8660.0,7
8852.0,15
8753.0,6
13585.0,5
8696.0,6
8657.0,6
41169.0,2
22278.0,2
26760.0,2
50733.0,1
41079.0,2
52120.0,3
43216.0,5
8904.0,8
8656.0,10
20643.0,1
46376.0,4
48241.0,6
25110.0,3
56430.0,3
56386.0,3
8731.0,9
8719.0,9
5785.0,22
48347.0,1
54987.0,8
8779.0,11
8685.0,8
24762.0,2
19016.0,7
8785.0,8
43620.0,4
51142.0,5
8622.0,11
8786.0,13
8698.0,8
25025.0,4
20440.0,4
33699.0,6
8675.0,44
41263.0,2
8695.0,8
43230.0,8
41327.0,2
6529.0,19
8907.0,20
8686.0,24
8963.0,9
8590.0,12
22358.0,2
93.0,6
5317.0,16
6256.0,16
15371.0,6
787.0,2
38017.0,2
2880.0,6
5330.0,20
1999.0,3
8781.0,8
8762.0,8
8678.0,8
4919.0,32
55634.0,8
8718.0,8
8632.0,10
8979.0,10
8953.0,8
39364.0,11
6085.0,16
46888.0,11
46904.0,5
5706.0,34
8628.0,11
8694.0,8
48738.0,11
43964.0,1
4457.0,24
41583.0,2
8909.0,9
54084.0,3
59788.0,2
47150.0,13
8073.0,34
8674.0,8
8966.0,8
18806.0,2
27252.0,2
3338.0,4
39258.0,3
6154.0,18
8737.0,8
34822.0,2
1770.0,2
49470.0,5
50302.0,4
39918.0,10
51638.0,3
20606.0,2
8992.0,6
8934.0,13
8746.0,8
8766.0,22
48947.0,1
17916.0,2
5668.0,19
61819.0,1
45566.0,2
45578.0,6
15391.0,2
35846.0,4
8835.0,13
8948.0,6
8716.0,6
51178.0,5
23196.0,1
50196.0,3
60104.0,6
1168.0,2
51532.0,1
32694.0,1
8757.0,6
8921.0,6
39620.0,6
26252.0,2
31884.0,2
54622.0,11
44067.0,1
34132.0,2
49284.0,6
58252.0,5
14778.0,2
57782.0,2
43160.0,5
8508.0,16
8665.0,9
8655.0,8
8725.0,9
8615.0,8
33036.0,1
41308.0,6
2224.0,15
4478.0,16
36256.0,5
61810.0,3
62276.0,2
51467.0,1
36087.0,2
19546.0,1
8975.0,8
8651.0,8
8950.0,9
8671.0,8
8787.0,24
8711.0,40
8679.0,8
61127.0,2
19882.0,1
29983.0,11
60202.0,2
7012.0,18
31600.0,1
8680.0,17
14478.0,2
8634.0,8
8754.0,8
16655.0,10
8717.0,8
8733.0,10
8670.0,8
8541.0,8
35161.0,1
56960.0,5
37703.0,2
40737.0,2
45227.0,7
54355.0,2
57784.0,3
24705.0,9
39985.0,2
62992.0,4
57538.0,8
7715.0,19
54642.0,8
8604.0,8
42475.0,1
8736.0,8
40552.0,5
8713.0,8
8750.0,10
14324.0,2
31188.0,2
64701.0,1
26859.0,1
33163.0,1
43833.0,1
22035.0,4
24311.0,1
8940.0,9
40494.0,6
14768.0,2
8609.0,8
8672.0,8
8968.0,10
8763.0,8
7009.0,23
18076.0,4
45276.0,9
16402.0,6
63314.0,2
8986.0,8
8620.0,10
8778.0,8
8900.0,35
8797.0,8
8721.0,8
54636.0,4
54574.0,4
16048.0,5
32074.0,1
45014.0,8
25283.0,4
3092.0,6
34824.0,2
44854.0,1
8982.0,8
8995.0,9
8661.0,8
51190.0,1
51196.0,3
41315.0,2
14194.0,3
56002.0,13
25068.0,3
57406.0,2
46380.0,4
5263.0,21
55132.0,8
58724.0,3
44556.0,11
62354.0,2
33648.0,3
25938.0,4
8653.0,6
8659.0,6
23666.0,14
44433.0,9
31083.0,5
17769.0,1
44241.0,1
8770.0,10
8677.0,8
62798.0,2
45942.0,5
40606.0,1
8553.0,10
8928.0,9
8631.0,8
8527.0,34
21656.0,1
13830.0,2
1908.0,3
57905.0,1
59843.0,7
43209.0,1
62024.0,1
8715.0,14
12095.0,8
50152.0,6
6104.0,18
41283.0,2
41911.0,2
25114.0,1
21582.0,1
50894.0,7
44042.0,15
23252.0,6
8618.0,8
8673.0,9
15182.0,1
40340.0,6
39526.0,6
14718.0,2
57088.0,4
54558.0,3
44168.0,9
54709.0,1
39076.0,5
40697.0,3
33965.0,1
36641.0,1
36465.0,1
8635.0,8
36738.0,3
16612.0,2
8612.0,8
8927.0,8
48034.0,2
16069.0,4
32882.0,6
18008.0,9
62616.0,3
60548.0,1
60526.0,8
8749.0,8
8684.0,8
12198.0,9
34298.0,1
31106.0,5
12214.0,8
59326.0,2
23113.0,1
15212.0,4
33728.0,6
41095.0,2
39250.0,5
8720.0,6
8650.0,6
8542.0,6
8861.0,27
6936.0,19
37309.0,2
39327.0,2
62926.0,2
49020.0,3
20575.0,1
33506.0,3
8791.0,17
8799.0,8
5628.0,20
8690.0,8
47692.0,5
39991.0,2
57498.0,6
41504.0,5
49288.0,6
15536.0,2
8759.0,8
8829.0,13
25169.0,4
37907.0,2
33880.0,2
57656.0,4
59201.0,2
45612.0,2
61468.0,2
8776.0,9
8929.0,8
53668.0,6
27428.0,2
1019.0,2
2550.0,4
60542.0,2
34495.0,2
50065.0,7
8772.0,10
8522.0,11
8914.0,8
8796.0,10
15640.0,2
12111.0,4
8682.0,8
8617.0,8
8795.0,10
8906.0,21
58838.0,1
37303.0,2
64092.0,2
41114.0,4
58212.0,2
49203.0,6
36752.0,5
51671.0,1
65258.0,2
26717.0,1
21637.0,1
45458.0,12
8054.0,26
60089.0,6
5135.0,24
8760.0,8
52668.0,1
42558.0,7
4697.0,34
31840.0,2
62155.0,1
54790.0,7
1777.0,35
8742.0,12
8892.0,12
8970.0,8
8748.0,8
8626.0,9
8608.0,8
8712.0,10
15856.0,2
49694.0,8
55924.0,2
52976.0,14
1430.0,4
19562.0,1
24444.0,8
34447.0,2
28078.0,7
36658.0,3
36662.0,2
23671.0,16
64492.0,2
37033.0,2
8306.0,34
56528.0,3
57194.0,2
4912.0,35
8740.0,8
8993.0,25
31386.0,4
50019.0,4
15434.0,2
15838.0,1
58712.0,7
60370.0,3
8783.0,8
8938.0,49
8534.0,8
8996.0,8
51676.0,2
48336.0,3936
17776.0,11
42228.0,3
8643.0,8
8915.0,9
45721.0,7
51620.0,2
15360.0,1
13748.0,1
37510.0,5
3016.0,11
13920.0,2
8978.0,6
45215.0,6
8752.0,8
8509.0,12
8613.0,6
8798.0,11
57296.0,6
33642.0,5
50692.0,4
62484.0,2
8944.0,8
29294.0,3
8646.0,19
58036.0,5
8842.0,17
8648.0,10
20661.0,5
6349.0,18
54921.0,2
40218.0,5
60789.0,2
8931.0,10
8898.0,23
32588.0,2
40142.0,6
40140.0,4
46919.0,7
21400.0,10
37526.0,8
16172.0,2
57492.0,2
57458.0,3
49626.0,7
49650.0,4
4614.0,30
5854.0,21
41484.0,4
20213.0,2
3058.0,7
6620.0,19
25241.0,3
8512.0,10
46555.0,6
8507.0,10
8640.0,25
8578.0,10
8988.0,19
8972.0,8
63908.0,4
46512.0,3
48048.0,3
12105.0,13
50759.0,3
6089.0,18
36656.0,4
59420.0,2
18004.0,15
8517.0,8
8985.0,8
8702.0,19
6182.0,25
31648.0,4
8964.0,14
49128.0,8
6037.0,19
15498.0,2
58626.0,6
58616.0,7
44877.0,1
29387.0,3
8959.0,8
8775.0,8
51318.0,7
8932.0,17
45206.0,10
64178.0,2
4045.0,23
3348.0,6
8518.0,8
8537.0,8
56678.0,4
8777.0,22
8894.0,8
54010.0,3
34933.0,1
45433.0,6
43092.0,8
41939.0,2
47230.0,2
31002.0,2
8115.0,37
5799.0,18
8664.0,6
8611.0,7
18090.0,10
14594.0,4
52849.0,1
12464.0,9
8529.0,27
8738.0,6
8926.0,6
8895.0,8
8960.0,6
44941.0,1
57192.0,3
57090.0,11
47957.0,4
8516.0,8
8559.0,8
8644.0,8
41516.0,7
63534.0,2
18025.0,14
8623.0,10
8946.0,16
8404.0,20
45856.0,4
45568.0,3
29532.0,2
49977.0,6
60795.0,4
58593.0,1
8967.0,9
8630.0,18
8939.0,8
8977.0,8
58604.0,4
58899.0,2
7667.0,21
8625.0,8
8794.0,9
23896.0,13
59933.0,1
50056.0,4
8381.0,37
62427.0,1
34879.0,2
13511.0,1
22707.0,1
14127.0,1
47053.0,6
28522.0,3
24988.0,3
8511.0,9
8572.0,8
55738.0,5
27230.0,2
14141.0,6
64668.0,2
52495.0,2
8547.0,16
50344.0,4
36164.0,2
49295.0,7
5725.0,18
33022.0,4
48563.0,7
21868.0,1
50560.0,2
8619.0,6
8724.0,11
8919.0,7
49738.0,9
51781.0,1
60777.0,2
6088.0,20
41124.0,4
41507.0,12
5619.0,17
42134.0,7
52218.0,2
19302.0,7
21116.0,2
50554.0,13
56660.0,3
1441.0,10
8962.0,8
3454.0,11
48216.0,1
8758.0,8
8448.0,28
41184.0,5
22078.0,7
47753.0,7
35365.0,1
22087.0,6
25816.0,4
8976.0,8
26582.0,1
42584.0,6
5117.0,12
41591.0,2
8917.0,8
8941.0,8
8961.0,8
8923.0,8
33326.0,5
48081.0,1
53436.0,5
40590.0,6
35536.0,2
8722.0,12
8699.0,6
8639.0,8
8697.0,6
8532.0,16
1852.0,2
59517.0,1
57709.0,2
25660.0,2
8683.0,8
51398.0,5
8610.0,8
8863.0,27
8647.0,8
8607.0,15
35778.0,5
52804.0,2
58634.0,3
60494.0,4
39936.0,6
39948.0,2
40866.0,2
8735.0,13
8768.0,9
8519.0,17
8958.0,8
8868.0,15
51403.0,8
60892.0,1
6714.0,10
55672.0,9
39974.0,2
26166.0,4
8727.0,8
8918.0,8
8955.0,8
58516.0,3
48819.0,6
52448.0,8
65192.0,11
3842.0,27
8936.0,8
45044.0,7
47838.0,14
6111.0,22
58102.0,4
41437.0,2
58168.0,4
50951.0,1
21039.0,4
481.0,2
8676.0,8
8773.0,8
8897.0,15
8965.0,8
5442.0,20
63162.0,3
39793.0,2
39397.0,2
26810.0,4
25335.0,7
31959.0,1
24318.0,2
63930.0,3
8789.0,30
8937.0,9
8747.0,9
28159.0,10
51448.0,2
7868.0,19
5450.0,37
25393.0,4
8662.0,8
48399.0,7
36811.0,1
52001.0,1
12281.0,9
20760.0,1
5791.0,25
34232.0,13
46469.0,1
31444.0,11
21722.0,2
17707.0,3
51852.0,6
6470.0,16
48286.0,4
49365.0,6
54838.0,3
34996.0,5
40920.0,11
60428.0,3
23278.0,1
40771.0,2
34982.0,6
41993.0,2
49485.0,1
36652.0,6
6137.0,20
29957.0,1
41652.0,9
23688.0,2
39223.0,2
59464.0,1
7618.0,16
33288.0,5
48197.0,6
20106.0,8
26827.0,6
55020.0,4
62022.0,4
47687.0,6
25368.0,5
48730.0,4
40647.0,2
48971.0,6
60485.0,1
55422.0,3
2027.0,2
5446.0,40
49710.0,4
48221.0,6
8175.0,13
35946.0,7
13929.0,6
25400.0,3
34170.0,4
7754.0,21
41303.0,2
55151.0,10
52288.0,2
63824.0,2
26608.0,4
42072.0,7
26288.0,2
64138.0,2
23830.0,2
23838.0,2
46366.0,4
50278.0,3
64386.0,1
50837.0,1
48823.0,6
46947.0,6
62984.0,2
22123.0,6
5860.0,21
37921.0,3
50906.0,10
23414.0,2
28691.0,7
40186.0,3
61444.0,2
55740.0,2
52048.0,5
3592.0,16
33202.0,4
32836.0,14
20184.0,4
16020.0,5
61907.0,1
7526.0,23
64952.0,1
64954.0,1
35777.0,1
50726.0,2
50970.0,4
37913.0,2
18858.0,2
25031.0,3
3042.0,13
35418.0,2
42280.0,6
65298.0,2
49414.0,5
48312.0,4
64593.0,1
44365.0,7
46477.0,8
45283.0,6
57053.0,1
3638.0,20
56022.0,6
29508.0,48
23982.0,2
3072.0,4
29672.0,2
29638.0,2
22652.0,2
36241.0,1
60830.0,3
40664.0,3
1719.0,13
64362.0,3
46304.0,6
35456.0,6
54880.0,6
39649.0,2
16055.0,8
34958.0,6
34962.0,5
25112.0,2
51267.0,1
51337.0,7
7238.0,21
59502.0,5
59534.0,3
39765.0,2
43702.0,1
48523.0,6
43706.0,4
46334.0,6
46330.0,5
46342.0,8
46360.0,4
46384.0,6
46454.0,4
42985.0,1
33121.0,8
33780.0,3
56696.0,15
6700.0,21
47363.0,6
50468.0,10
46359.0,6
55867.0,1
21028.0,5
41868.0,3
55172.0,4
53729.0,3
26028.0,2
40220.0,2
34610.0,3
60779.0,2
39681.0,3
47377.0,12
51856.0,3
6209.0,18
49386.0,5
64452.0,4
48013.0,4
56369.0,1
7296.0,25
54524.0,11
61336.0,2
24434.0,2
63391.0,1
48142.0,4
39944.0,4
41330.0,5
46944.0,2
34096.0,2
56396.0,2
60060.0,7
46390.0,2
40942.0,6
50541.0,1
14875.0,9
62730.0,2
32976.0,4
28786.0,1
51528.0,2
23975.0,6
53447.0,1
54542.0,2
44128.0,5
44136.0,1
24212.0,2
40694.0,3
12068.0,2
56820.0,2
41238.0,3
64472.0,4
33439.0,3
58624.0,6
42227.0,1
43025.0,1
12776.0,1
19854.0,6
61796.0,2
56338.0,6
47942.0,3
46368.0,1
45027.0,7
27322.0,2
14562.0,5
28352.0,2
37581.0,2
37670.0,6
35176.0,4
48558.0,7
49385.0,6
49979.0,6
1438.0,5
44878.0,4
25066.0,3
49728.0,5
16722.0,2
12229.0,7
2344.0,5
4023.0,20
51584.0,8
61002.0,2
27210.0,2
3265.0,3
25240.0,3
12400.0,8
63205.0,1
8248.0,27
40970.0,7
62020.0,2
36963.0,6
22132.0,7
6255.0,19
5548.0,18
62008.0,2
64432.0,4
27008.0,5
41534.0,2
40812.0,4
61718.0,2
60570.0,5
31288.0,7
5650.0,23
55194.0,3
20766.0,2
52986.0,4
25560.0,12
5074.0,17
57228.0,3
50069.0,6
49108.0,3
1587.0,5
6145.0,12
53802.0,4
37947.0,2
25610.0,1
3510.0,24
41392.0,6
64594.0,1
40847.0,2
52924.0,2
6626.0,25
39402.0,3
17052.0,2
40889.0,2
49862.0,6
48324.0,2
3637.0,19
1440.0,4
3627.0,18
24740.0,2
53366.0,5
39801.0,2
37614.0,2
57080.0,3
62684.0,2
18972.0,1
39155.0,2
54876.0,3
1541.0,4
7850.0,20
4470.0,17
57468.0,3
57706.0,3
53807.0,10
43431.0,1
45292.0,2
43742.0,8
460.0,2
60174.0,5
22516.0,2
36766.0,5
16085.0,6
39933.0,2
6952.0,24
35844.0,4
35828.0,4
65197.0,2
36623.0,16
59264.0,3
63604.0,1
39665.0,2
43346.0,4
39776.0,6
38154.0,2
55161.0,1
54529.0,56
64200.0,4
62052.0,5
5581.0,19
39147.0,2
22958.0,2
64522.0,2
64532.0,2
6496.0,17
29438.0,2
54930.0,1
21214.0,51
39787.0,6
3553.0,20
62318.0,1
60994.0,6
28000.0,57
49891.0,1
12265.0,3
59910.0,9
59387.0,50
28966.0,4
6554.0,17
63728.0,2
8266.0,15
20496.0,4
43596.0,5
8214.0,19
61335.0,6
51375.0,1
57234.0,6
8327.0,17
60816.0,2
3611.0,18
8348.0,15
22738.0,2
65200.0,2
15250.0,2
23905.0,6
15254.0,2
61590.0,4
47436.0,8
8344.0,51
8317.0,22
41640.0,3
64688.0,2
4592.0,32
49032.0,7
22656.0,2
15944.0,6
8340.0,29
57380.0,4
12108.0,2
8267.0,18
8242.0,20
8298.0,17
3635.0,16
6188.0,20
37347.0,2
8261.0,15
50708.0,1
5506.0,23
2445.0,33
16574.0,1
40653.0,2
48192.0,3
48200.0,1
22801.0,11
8272.0,15
31452.0,8
54518.0,7
41966.0,3
1023.0,10
14901.0,8
49719.0,5
4467.0,18
25008.0,5
20840.0,2
8437.0,15
12279.0,6
5104.0,18
53605.0,1
5026.0,21
34296.0,1
8487.0,21
56935.0,1
45583.0,2
21021.0,3
8373.0,16
1572.0,2
8483.0,17
4572.0,36
8308.0,16
8313.0,18
64252.0,2
8346.0,15
44342.0,9
40229.0,2
8364.0,15
23940.0,1
25099.0,3
8235.0,18
8271.0,18
25140.0,3
37723.0,2
41435.0,2
4222.0,6
8297.0,19
8153.0,23
8356.0,18
8391.0,16
8378.0,17
32714.0,2
8477.0,22
8455.0,26
8226.0,25
8338.0,13
8484.0,34
8400.0,22
23039.0,1
37736.0,3
18024.0,3
65408.0,6
8372.0,19
64278.0,2
8207.0,12
42340.0,3
42960.0,3
35232.0,2
8310.0,14
56094.0,4
42056.0,2
59904.0,7
42058.0,3
42052.0,4
8129.0,24
42038.0,7
34850.0,7
8264.0,13
47518.0,5
56322.0,5
33040.0,4
51242.0,9
2271.0,2
15097.0,1
34828.0,4
54224.0,4
42128.0,3
61386.0,1
8354.0,14
8314.0,22
48186.0,9
8312.0,22
54260.0,3
38290.0,6
54290.0,3
59686.0,4
59688.0,7
50460.0,5
6147.0,30
29702.0,2
48326.0,8
59760.0,1
59724.0,4
59744.0,7
59734.0,4
40387.0,2
45710.0,9
8349.0,16
8274.0,16
64828.0,4
64333.0,7
39002.0,5
8368.0,15
1116.0,2
24430.0,6
36590.0,2
17632.0,1
17089.0,1
8360.0,20
61339.0,6
37096.0,4
5654.0,18
8201.0,37
59034.0,3
41900.0,5
19620.0,1
8498.0,17
41956.0,2
7115.0,23
8357.0,8
8475.0,25
8290.0,16
49341.0,6
8224.0,18
43508.0,4
47202.0,5
1009.0,2
8244.0,15
22572.0,1
47980.0,5
8209.0,14
8366.0,18
8287.0,15
24166.0,4
44654.0,4
8216.0,16
8343.0,18
3114.0,7
6972.0,18
8326.0,16
41297.0,2
39950.0,4
53778.0,6
46655.0,8
5205.0,16
57030.0,4
1020.0,4
35224.0,2
8283.0,30
8352.0,17
48897.0,6
18576.0,7
8471.0,17
8278.0,15
44921.0,2
8392.0,15
8309.0,16
8206.0,16
8166.0,39
17118.0,1
12118.0,4
8254.0,16
19564.0,4
37153.0,2
5071.0,38
8363.0,18
8370.0,11
8305.0,16
52520.0,2
2940.0,2
8240.0,17
48634.0,6
8379.0,18
5641.0,25
60588.0,3
8253.0,15
8257.0,18
49841.0,9
8227.0,17
8489.0,18
8131.0,28
25330.0,3
20444.0,2
42963.0,1
4136.0,15
8469.0,16
8221.0,8
39387.0,2
48703.0,6
41447.0,2
62690.0,2
14890.0,6
58202.0,3
37265.0,3
15351.0,2
8295.0,15
8259.0,16
64944.0,2
8362.0,17
8218.0,18
49476.0,3
8205.0,16
41469.0,2
8334.0,44
8114.0,22
8217.0,9
41294.0,3
8335.0,19
40183.0,2
8411.0,25
1758.0,8
8225.0,15
60739.0,8
26618.0,1
44142.0,4
51094.0,1
64732.0,2
54703.0,1
52815.0,1
51232.0,6
51240.0,3
48514.0,6
8395.0,15
8450.0,29
32184.0,2
6059.0,20
45030.0,2
8472.0,20
8247.0,14
2506.0,8
63246.0,4
49149.0,7
45519.0,6
44401.0,2
15994.0,2
8299.0,16
39554.0,7
1051.0,2
5273.0,30
18889.0,3
8208.0,16
58366.0,1
60796.0,5
31692.0,1
8490.0,20
49065.0,6
14506.0,5
8223.0,18
8367.0,14
48744.0,2
41931.0,2
31332.0,2
58054.0,2
58204.0,2
8203.0,18
6040.0,21
6093.0,18
49801.0,8
14922.0,2
41120.0,3
29418.0,17
3603.0,16
61394.0,2
40613.0,2
43462.0,4
43488.0,6
8296.0,26
49503.0,6
46199.0,1
62124.0,2
5419.0,35
48577.0,6
8345.0,16
53627.0,12
40636.0,3
8293.0,15
8213.0,9
43564.0,3
37229.0,2
58736.0,2
27400.0,2
40029.0,7
45315.0,6
8260.0,17
54327.0,10
8371.0,19
57694.0,4
50911.0,2
8328.0,14
8220.0,12
8304.0,17
41187.0,2
8468.0,13
8241.0,28
8263.0,18
8486.0,18
58226.0,3
58242.0,3
5610.0,19
8057.0,23
33820.0,2
3003.0,13
8281.0,22
8342.0,18
8320.0,16
25176.0,2
41251.0,2
58282.0,3
8420.0,39
8046.0,26
8268.0,18
1036.0,9
8107.0,26
6159.0,19
47310.0,4
8031.0,30
8377.0,14
57348.0,3
41997.0,2
24997.0,11
60793.0,2
40484.0,9
13952.0,2
39102.0,3
5261.0,39
8133.0,40
45180.0,4
45190.0,2
50103.0,2
62590.0,3
32622.0,1
56232.0,3
25935.0,9
3151.0,10
8285.0,17
22240.0,7
8289.0,25
5012.0,42
42202.0,5
17666.0,17
4288.0,21
58384.0,3
40883.0,7
22374.0,7
65284.0,5
1439.0,4
61039.0,1
61117.0,1
61121.0,1
61053.0,1
8365.0,17
8347.0,16
56376.0,2
4219.0,34
8052.0,31
61097.0,2
5839.0,21
63388.0,3
41453.0,2
19046.0,3
21601.0,5
19300.0,1
26532.0,1
17729.0,9
42194.0,5
8204.0,17
6152.0,21
8138.0,15
17274.0,2
5738.0,20
8461.0,20
49123.0,8
8496.0,16
51805.0,7
2791.0,8
8189.0,20
8478.0,15
8476.0,18
31638.0,3
62316.0,9
37556.0,10
8229.0,21
48202.0,2
8321.0,17
57802.0,3
8492.0,15
21443.0,23
8474.0,14
31038.0,2
42989.0,8
45438.0,3
45446.0,14
45463.0,6
5527.0,18
47032.0,2
8361.0,12
13006.0,2
8467.0,25
47948.0,3
49373.0,3
63252.0,2
55742.0,2
34458.0,3
48172.0,14
40238.0,5
8336.0,12
282.0,2
8155.0,33
18014.0,4
8035.0,24
41875.0,2
46242.0,7
20098.0,2
3008.0,14
46684.0,4
8116.0,31
8231.0,28
48238.0,5
8479.0,18
61110.0,4
51228.0,3
47773.0,6
6917.0,49
8270.0,14
32916.0,5
59170.0,4
13836.0,2
8396.0,14
62918.0,4
13850.0,3
25538.0,2
25536.0,2
24450.0,2
43718.0,5
8323.0,15
23190.0,2
46772.0,4
7334.0,19
37472.0,5
2057.0,24
50285.0,2
52399.0,2
8390.0,17
8210.0,17
8215.0,18
8176.0,31
58274.0,5
21487.0,50
1454.0,15
46111.0,6
27443.0,9
23360.0,2
16600.0,2
16588.0,2
60693.0,2
16784.0,2
48436.0,5
6756.0,8
29434.0,7
57456.0,4
28536.0,2
61842.0,2
24498.0,2
5366.0,32
46324.0,5
31644.0,5
28717.0,2
31660.0,2
4526.0,32
45816.0,5
20472.0,2
63844.0,2
63828.0,2
56292.0,3
45909.0,6
60448.0,6
6029.0,15
8232.0,15
61558.0,3
56558.0,2
8277.0,16
8250.0,37
57368.0,3
8494.0,38
7033.0,27
23136.0,7
29568.0,2
50030.0,2
51118.0,4
8276.0,13
12181.0,33
4093.0,22
8275.0,18
39333.0,2
8376.0,17
17380.0,2
12587.0,2
8495.0,15
8432.0,27
8258.0,14
3660.0,24
8219.0,18
57868.0,5
53682.0,1
42254.0,2
39549.0,2
40863.0,2
32214.0,2
14198.0,2
12146.0,10
2028.0,7
46762.0,11
33209.0,1
46852.0,2
8353.0,14
8427.0,21
60804.0,7
24840.0,5
58082.0,2
39328.0,8
36364.0,3
8473.0,21
36354.0,8
8351.0,21
8339.0,17
39527.0,5
28158.0,8
8256.0,20
8049.0,17
41403.0,3
41904.0,2
46439.0,6
41253.0,2
280.0,2
27884.0,4
25260.0,3
8341.0,18
40490.0,6
52309.0,5
8358.0,12
58236.0,7
5697.0,19
37077.0,4
61035.0,10
49274.0,8
8397.0,14
44898.0,6
43218.0,1
65018.0,2
5798.0,18
33818.0,4
22106.0,2
5404.0,19
35934.0,6
15022.0,3
51348.0,7
4960.0,36
229.0,2
41009.0,2
14331.0,2
35892.0,5
6087.0,28
5541.0,21
60791.0,2
7157.0,24
600.0,4
5776.0,34
35578.0,1
47833.0,7
44717.0,49
8387.0,15
31874.0,4
33436.0,3
5863.0,18
47275.0,6
20534.0,5
20520.0,4
64782.0,2
3681.0,18
8269.0,14
25886.0,4
25896.0,5
8212.0,10
60781.0,2
8439.0,16
8491.0,17
63006.0,2
8286.0,19
64438.0,4
41987.0,2
8405.0,27
33576.0,2
54035.0,4
8067.0,19
29290.0,2
44374.0,5
8147.0,31
3554.0,24
52763.0,6
8330.0,13
8499.0,14
7030.0,26
46997.0,6
6021.0,40
3938.0,16
8279.0,20
33008.0,3
12148.0,10
40599.0,2
51262.0,5
26846.0,4
53374.0,2
6187.0,14
5882.0,19
59599.0,9
60097.0,5
8438.0,13
8375.0,11
42374.0,2
8497.0,17
24164.0,8
57772.0,4
51011.0,1
39969.0,2
3593.0,32
8359.0,8
8329.0,14
51031.0,2
3697.0,16
23008.0,2
8459.0,14
33756.0,3
50585.0,1
52867.0,5
47674.0,3
911.0,2
53559.0,2
51149.0,5
2268.0,9
14309.0,1
54694.0,3
7129.0,24
8380.0,16
60462.0,3
42290.0,4
3920.0,21
54296.0,5
8398.0,8
8369.0,17
34923.0,1
36692.0,6
57389.0,4
19389.0,4
17389.0,5
22389.0,11
29389.0,4
26389.0,4
47389.0,10
62389.0,4
45389.0,4
60389.0,4
37389.0,4
44389.0,6
52389.0,4
25389.0,7
64389.0,4
28389.0,4
55389.0,4
54389.0,4
58389.0,4
18389.0,4
35389.0,4
50389.0,4
61389.0,4
41389.0,6
51389.0,4
42389.0,4
51074.0,6
14389.0,4
49389.0,4
27389.0,4
56389.0,4
15389.0,4
20389.0,4
39389.0,4
36389.0,4
31389.0,4
48389.0,4
24389.0,11
59389.0,4
21389.0,4
45698.0,5
8355.0,18
8394.0,17
37318.0,4
64108.0,2
48782.0,2
39513.0,2
37996.0,2
47239.0,6
19998.0,8
8325.0,18
61480.0,2
55802.0,5
29892.0,2
8399.0,26
34616.0,3
5787.0,25
62946.0,1
50680.0,2
7903.0,23
14736.0,1
56298.0,1
1016.0,2
53198.0,2
32274.0,1
55690.0,3
55698.0,2
3502.0,18
62046.0,1
56006.0,7
13618.0,1
45361.0,6
35.0,4
57274.0,2
43626.0,3
63684.0,1
1134.0,2
7098.0,15
16232.0,1
41834.0,8
28598.0,2
31454.0,4
45680.0,11
46812.0,3
47226.0,4
39861.0,2
58935.0,4
6422.0,16
27188.0,1
25734.0,1
51312.0,1
50550.0,4
54956.0,5
24308.0,1
3964.0,25
17056.0,2
59386.0,2
26711.0,6
17400.0,1
55812.0,3
55814.0,4
60538.0,3
53602.0,2
6094.0,18
37032.0,7
63328.0,2
62764.0,25
62762.0,10
6288.0,19
49586.0,4
29520.0,1
25097.0,3
31022.0,8
6150.0,23
16360.0,1
8386.0,17
53650.0,4
53660.0,5
40848.0,3
27486.0,2
51362.0,5
17320.0,1
28714.0,1
8262.0,16
5151.0,20
8337.0,15
42672.0,6
32832.0,2
39555.0,2
2260.0,2
24260.0,1
16027.0,1
12029.0,53
40269.0,2
25974.0,2
40959.0,2
31200.0,6
1504.0,1
8027.0,20
56362.0,4
46108.0,2
4763.0,35
60037.0,9
38878.0,3
4142.0,27
54782.0,5
24506.0,5
1108.0,2
56688.0,2
25456.0,4
15736.0,4
48386.0,8
28234.0,49
16654.0,4
16668.0,2
2322.0,8
33184.0,3
12746.0,2
12770.0,2
12762.0,2
12766.0,2
6276.0,17
47299.0,7
18049.0,7
47893.0,1
49249.0,9
41657.0,2
65270.0,2
65276.0,4
65286.0,2
30880.0,2
30906.0,2
30894.0,4
42338.0,4
56748.0,3
56770.0,6
50678.0,4
47589.0,6
15946.0,4
62378.0,2
40862.0,3
63676.0,2
25995.0,2
6196.0,19
3683.0,24
35262.0,3
28406.0,1
1509.0,9
30732.0,3
60126.0,3
56404.0,5
13430.0,2
23609.0,9
61332.0,2
43814.0,1
28360.0,2
4402.0,20
34436.0,1
5429.0,27
49051.0,7
28137.0,1
61160.0,2
53726.0,2
7204.0,28
37975.0,2
29952.0,2
15233.0,9
3600.0,18
27360.0,3
55658.0,2
34427.0,2
41385.0,2
5998.0,36
36431.0,5
60785.0,2
48530.0,2
17474.0,1
15540.0,3
36704.0,4
49584.0,12
18760.0,1
61134.0,2
60192.0,3
27774.0,1
5532.0,18
60809.0,2
24960.0,2
26266.0,9
42664.0,3
40042.0,5
37529.0,2
25594.0,1
4492.0,19
7814.0,18
32034.0,1
26152.0,2
65214.0,1
18240.0,1
5445.0,29
40556.0,2
22976.0,1
25010.0,9
37206.0,7
56030.0,7
36918.0,4
60993.0,8
5096.0,35
26820.0,1
7598.0,16
22186.0,1
41614.0,4
41466.0,10
62862.0,3
25164.0,3
40418.0,2
56277.0,1
55632.0,11
32513.0,10
53869.0,5
28564.0,1
55598.0,4
63816.0,1
61486.0,3
12672.0,1
45662.0,2
12465.0,6
27246.0,1
22048.0,2
50199.0,46
48206.0,4
17160.0,2
17162.0,2
63226.0,1
4569.0,40
2358.0,1
7074.0,27
28362.0,2
6992.0,18
25478.0,6
21928.0,2
15260.0,3
48330.0,5
4476.0,23
62470.0,1
39547.0,2
41740.0,7
12820.0,6
22678.0,7
21176.0,2
1445.0,28
50477.0,1
48935.0,5
44467.0,11
36838.0,2
59740.0,2
51600.0,6
43552.0,5
43566.0,10
40171.0,2
55190.0,5
32485.0,6
56878.0,3
47154.0,4
18764.0,2
3621.0,18
3297.0,2
5584.0,29
45806.0,3
4838.0,28
54867.0,3
6776.0,14
16811.0,1
16383.0,1
4011.0,23
12256.0,6
1387.0,2
58826.0,10
48046.0,1
33376.0,3
5455.0,20
46579.0,7
5507.0,19
27232.0,5
37166.0,1
20576.0,2
19525.0,12
52975.0,7
49268.0,6
57414.0,2
4740.0,35
4566.0,34
40343.0,2
46340.0,9
52502.0,4
41402.0,3
33920.0,4
12347.0,5
60472.0,7
56318.0,1
45347.0,8
40756.0,1
49441.0,2
22041.0,12
26134.0,8
43723.0,2
4458.0,18
41722.0,7
59088.0,7
65231.0,7
18926.0,1
16803.0,10
39579.0,4
48144.0,1
40038.0,4
28552.0,5
54225.0,2
32122.0,8
48645.0,7
62815.0,7
6077.0,14
49084.0,2
13826.0,3
221.0,4
50350.0,3
63636.0,4
7045.0,24
61912.0,2
40831.0,2
33353.0,8
6338.0,17
3314.0,2
4418.0,17
29868.0,2
46717.0,7
49111.0,8
47630.0,2
37087.0,2
4494.0,19
40627.0,2
59786.0,4
45995.0,7
48061.0,6
39979.0,4
5744.0,19
41207.0,4
5454.0,31
24234.0,8
14014.0,2
25086.0,2
42069.0,16
22265.0,15
32564.0,7
7011.0,47
49392.0,3
49546.0,2
31005.0,5
23035.0,6
36238.0,4
56293.0,6
39542.0,6
5653.0,23
58228.0,6
54100.0,3
53584.0,5
23740.0,2
14812.0,6
63695.0,9
40211.0,2
26538.0,8
46254.0,1
46234.0,4
39047.0,2
5413.0,30
5977.0,23
5447.0,31
5768.0,22
42220.0,2
50236.0,2
40525.0,2
58096.0,8
25126.0,1
43408.0,4
26703.0,3
5855.0,21
16150.0,1
14864.0,1
62674.0,1
28622.0,1
24675.0,7
61301.0,1
44810.0,3
36660.0,7
29016.0,9
22813.0,18
40017.0,6
3644.0,22
46493.0,6
20132.0,6
57216.0,2
28728.0,4
40780.0,5
57386.0,3
46484.0,3
279.0,2
43194.0,2
19628.0,2
56122.0,2
56120.0,2
24329.0,6
20807.0,12
7961.0,60
2952.0,2
56618.0,2
56718.0,1
18899.0,5
15482.0,2
55204.0,2
44397.0,19
49368.0,4
56350.0,3
62527.0,4
54125.0,8
19168.0,2
41951.0,2
32298.0,2
37413.0,2
17503.0,1
24854.0,1
40805.0,3
43759.0,1
65479.0,1
28607.0,3
49383.0,1
24490.0,1
54037.0,22
45751.0,18
46021.0,18
15851.0,19
33670.0,1
5864.0,29
49848.0,9
6165.0,21
3236.0,2
49944.0,4
49952.0,11
21994.0,1
6415.0,27
58317.0,6
22323.0,15
46957.0,6
1008.0,4
12280.0,8
37533.0,2
18796.0,2
41491.0,2
42864.0,3
12603.0,6
41262.0,3
39355.0,2
53943.0,1
49736.0,2
41809.0,2
40625.0,2
2286.0,2
16622.0,2
53911.0,8
32528.0,2
40409.0,2
638.0,2
56530.0,1
57164.0,4
12892.0,9
63356.0,2
48239.0,7
16363.0,5
22312.0,2
28908.0,2
42997.0,5
59280.0,6
39501.0,2
5732.0,15
3747.0,22
40502.0,7
25881.0,8
22299.0,2
6439.0,22
41175.0,2
62342.0,6
17064.0,90
40765.0,2
12912.0,3
65034.0,2
58938.0,5
18092.0,20
43116.0,3
49178.0,3
25634.0,2
40979.0,3
0.0,8
50222.0,10
49107.0,7
5747.0,21
40497.0,2
7974.0,24
48157.0,6
56674.0,4
1610.0,5
5386.0,38
42286.0,3
24759.0,6
23674.0,2
40857.0,2
64972.0,1
61822.0,1
18756.0,6
22602.0,2
37219.0,11
41660.0,6
7270.0,21
60314.0,2
61223.0,6
1104.0,2
2112.0,6
47981.0,6
12585.0,5
26778.0,2
7939.0,17
7922.0,24
29686.0,11
7734.0,14
7646.0,17
7591.0,14
7803.0,14
28842.0,6
7529.0,15
6125.0,20
3468.0,2
7957.0,15
7723.0,14
7983.0,13
7590.0,18
7949.0,17
50134.0,61
28002.0,3
63870.0,2
7830.0,15
63880.0,2
34200.0,2
7969.0,17
7605.0,24
7673.0,14
7925.0,15
7993.0,19
7932.0,18
62109.0,9
45928.0,2
7861.0,17
7600.0,18
42107.0,2
7952.0,17
17886.0,2
7699.0,20
7532.0,15
7950.0,15
7592.0,14
7923.0,23
7859.0,16
7728.0,12
63424.0,7
28844.0,6
7928.0,14
7505.0,25
7533.0,14
7871.0,16
7935.0,12
7576.0,21
7567.0,22
7796.0,26
7931.0,17
5449.0,26
7822.0,29
7677.0,17
7501.0,20
7843.0,15
7960.0,16
7832.0,14
55130.0,4
50454.0,5
7584.0,17
7833.0,23
7507.0,16
7656.0,14
7937.0,14
7647.0,16
7504.0,24
7710.0,16
5980.0,28
7773.0,19
47453.0,6
43142.0,3
28494.0,54
7846.0,16
7987.0,15
14656.0,4
14668.0,2
28930.0,4
62854.0,6
17164.0,2
62870.0,2
7853.0,19
37434.0,3
7545.0,24
7851.0,18
7747.0,13
65062.0,2
65076.0,2
7663.0,15
7502.0,18
7858.0,16
52133.0,6
65106.0,2
7794.0,18
58484.0,7
64214.0,2
7515.0,14
7589.0,16
7613.0,14
12583.0,8
7867.0,14
7586.0,17
43634.0,4
7658.0,15
24356.0,3
24360.0,1
60312.0,9
7588.0,16
31716.0,6
7852.0,17
7784.0,20
5428.0,26
46283.0,6
17288.0,1
17286.0,1
25758.0,8
7516.0,14
7760.0,17
14662.0,2
59702.0,5
7996.0,21
7893.0,16
7583.0,24
5451.0,19
28655.0,11
7508.0,18
7886.0,14
7892.0,26
7953.0,73
7956.0,21
60450.0,4
7821.0,15
7549.0,33
7865.0,14
26892.0,6
51217.0,9
7597.0,15
49496.0,3
7864.0,22
7857.0,15
7791.0,25
7965.0,14
7790.0,21
29120.0,2
48145.0,7
61750.0,4
52704.0,4
7901.0,16
7688.0,20
2018.0,6
7934.0,15
7912.0,18
7612.0,14
24453.0,1
7684.0,10
12836.0,2
6794.0,21
23160.0,7
50300.0,3
7783.0,14
65025.0,7
61640.0,7
7593.0,15
47316.0,4
58303.0,12
45274.0,3
50390.0,5
57.0,2
7650.0,16
7517.0,16
46412.0,8
12016.0,15
16757.0,7
7810.0,18
7534.0,15
6193.0,19
7706.0,25
7541.0,17
26662.0,2
7838.0,15
7514.0,16
7712.0,22
7875.0,16
34192.0,1
7587.0,30
7966.0,16
65005.0,2
7519.0,16
3321.0,60
7835.0,18
7731.0,16
7955.0,23
7264.0,17
46354.0,3
7560.0,16
3642.0,18
7795.0,17
23277.0,11
5448.0,23
1101.0,2
7739.0,17
7964.0,15
7690.0,14
7959.0,16
7579.0,23
5152.0,27
60412.0,10
35800.0,3
3641.0,19
21678.0,2
7692.0,14
19918.0,5
41729.0,2
12317.0,16
49355.0,6
7662.0,14
7913.0,14
3625.0,19
36012.0,8
3458.0,5
57395.0,1
49394.0,3
7539.0,61
27444.0,4
7559.0,16
7750.0,17
7968.0,17
55406.0,1
19635.0,12
61631.0,1
61625.0,1
46858.0,2
7905.0,16
7680.0,16
7561.0,14
6192.0,16
5340.0,33
7762.0,15
51993.0,2
64799.0,8
7562.0,15
7820.0,14
7084.0,30
7626.0,13
6954.0,19
7826.0,14
12026.0,47
18514.0,2
7575.0,23
35596.0,3
31766.0,2
31760.0,2
14654.0,3
3576.0,23
1348.0,2
3586.0,18
7523.0,16
5441.0,31
7936.0,16
7577.0,20
7632.0,15
7528.0,17
7813.0,26
59338.0,9
15800.0,6
34668.0,3
2062.0,16
7761.0,19
7811.0,16
7635.0,16
7816.0,16
7580.0,35
7872.0,16
27856.0,2
7951.0,23
58682.0,4
7848.0,16
32712.0,8
18628.0,2
40475.0,2
7837.0,14
1686.0,2
7705.0,14
53950.0,5
53962.0,3
7672.0,13
7542.0,15
7825.0,16
7713.0,14
6245.0,16
5434.0,29
7991.0,16
7929.0,16
78.0,2
5437.0,25
15338.0,2
64852.0,1
64868.0,3
7804.0,25
7844.0,17
36010.0,4
2211.0,40
23950.0,1
23970.0,1
330.0,2
15322.0,3
16308.0,2
31806.0,4
7748.0,14
12080.0,6
25023.0,4
5806.0,18
50004.0,7
7812.0,16
63124.0,2
7568.0,22
7671.0,17
28999.0,5
13896.0,2
16298.0,2
7971.0,13
35414.0,4
17050.0,2
7977.0,17
7512.0,16
7679.0,14
7716.0,17
7707.0,26
1246.0,2
7866.0,14
7986.0,21
7649.0,17
15367.0,2
23477.0,11
7906.0,15
3403.0,22
7902.0,18
7896.0,15
31570.0,2
31564.0,2
61348.0,2
40631.0,2
5452.0,31
48087.0,6
7585.0,14
7849.0,17
7817.0,15
21342.0,2
7674.0,14
28094.0,6
31042.0,6
37016.0,4
7602.0,12
7815.0,15
7638.0,16
7641.0,16
39540.0,4
5687.0,21
7525.0,14
7818.0,15
7553.0,16
14850.0,4
47325.0,6
7855.0,16
7678.0,33
7763.0,15
7714.0,14
62390.0,2
31894.0,5
24902.0,2
24900.0,7
24914.0,2
59260.0,3
7752.0,18
7941.0,16
55571.0,2
22898.0,3
7975.0,13
7882.0,16
7623.0,12
7689.0,14
7930.0,14
5439.0,11
5436.0,30
5995.0,25
35241.0,6
7770.0,12
7571.0,17
7943.0,22
7727.0,14
4905.0,29
61107.0,3
7631.0,16
7840.0,19
7873.0,16
7645.0,14
46155.0,7
7976.0,17
7869.0,16
52721.0,1
26181.0,3
46290.0,3
7569.0,17
7510.0,21
7745.0,16
7920.0,14
63396.0,1
12909.0,6
5072.0,34
21600.0,5
1367.0,11
40839.0,11
7696.0,17
7616.0,16
7596.0,14
7719.0,14
5889.0,22
7809.0,14
7572.0,14
2040.0,6
3650.0,16
7917.0,16
7506.0,16
7997.0,16
7726.0,16
5764.0,19
26798.0,2
16092.0,6
57846.0,3
7661.0,16
7633.0,12
7944.0,15
41241.0,2
7982.0,12
7854.0,12
39711.0,2
22042.0,2
53629.0,7
7907.0,12
7554.0,17
6497.0,17
7769.0,15
7558.0,15
6031.0,16
7749.0,14
55796.0,2
28779.0,1
7629.0,13
46377.0,8
31127.0,12
56250.0,4
23408.0,2
7914.0,13
7806.0,16
3602.0,29
7730.0,15
18002.0,2
5866.0,28
49772.0,4
49776.0,12
7655.0,15
7797.0,12
40583.0,2
7704.0,16
44016.0,3
51727.0,1
55671.0,6
6178.0,16
7509.0,19
42411.0,2
7994.0,25
7607.0,17
7764.0,18
41978.0,6
57796.0,8
7887.0,16
17225.0,5
32280.0,3
7870.0,16
7801.0,18
3663.0,18
36960.0,3
7927.0,16
7828.0,16
53783.0,6
57888.0,3
7627.0,17
7693.0,12
17858.0,2
19600.0,2
6186.0,20
7702.0,30
25085.0,4
7823.0,15
7948.0,17
1774.0,2
13786.0,6
37408.0,8
7640.0,17
7614.0,16
3954.0,23
7755.0,21
7721.0,14
55565.0,13
7793.0,16
7768.0,15
7720.0,15
13571.0,6
7808.0,47
7839.0,16
31034.0,2
49834.0,10
7664.0,19
2273.0,6
63214.0,2
7798.0,14
7856.0,10
13908.0,2
7874.0,25
48731.0,6
15395.0,1
46894.0,13
5106.0,12
7753.0,13
7639.0,14
62100.0,2
7746.0,17
7566.0,25
7831.0,19
7942.0,18
18179.0,6
7722.0,39
21161.0,6
5840.0,29
44083.0,54
54605.0,6
7847.0,16
28410.0,9
28394.0,2
54656.0,7
7570.0,16
15160.0,1
5853.0,33
27976.0,2
7622.0,18
7863.0,14
7701.0,16
36926.0,6
7522.0,17
7924.0,16
7884.0,16
34037.0,2
14964.0,5
17147.0,1
3544.0,23
7876.0,16
7772.0,16
7520.0,14
4933.0,36
7694.0,14
17385.0,7
51862.0,2
63250.0,4
7789.0,35
5073.0,23
23855.0,6
60248.0,3
41201.0,2
7827.0,18
7643.0,12
7698.0,16
55700.0,7
24523.0,7
36381.0,3
7697.0,15
7736.0,23
24286.0,4
20110.0,6
7834.0,18
7660.0,17
58795.0,1
36616.0,6
25248.0,3
28336.0,2
4761.0,39
6795.0,14
40691.0,3
17024.0,2
55071.0,10
40642.0,6
49726.0,3
7610.0,12
7637.0,17
7947.0,22
7544.0,17
39035.0,3
35855.0,1
3633.0,74
49374.0,4
7659.0,18
55882.0,4
7621.0,16
6179.0,21
7513.0,16
3673.0,18
5533.0,22
7985.0,16
22887.0,8
20986.0,2
7718.0,18
5742.0,24
48824.0,5
7751.0,20
7595.0,17
18608.0,2
15320.0,2
18612.0,4
32816.0,4
35226.0,6
3538.0,20
5769.0,19
47952.0,2
46382.0,8
62600.0,1
49702.0,3
24752.0,2
7737.0,12
7620.0,16
41291.0,2
45971.0,6
12274.0,8
7836.0,18
13768.0,4
40453.0,2
7530.0,15
48818.0,3
6090.0,18
7885.0,16
21117.0,2
7756.0,16
7894.0,21
7842.0,18
7619.0,14
17240.0,2
7708.0,18
7518.0,16
14540.0,1
64600.0,2
62402.0,1
6072.0,22
7652.0,15
7565.0,26
25294.0,3
7802.0,13
7628.0,12
7988.0,18
7636.0,17
7531.0,17
47806.0,3
7765.0,16
7781.0,17
31244.0,4
17208.0,1
7732.0,24
7642.0,19
7573.0,18
6670.0,20
13926.0,2
46727.0,6
28519.0,6
7972.0,16
50682.0,5
6332.0,49
50698.0,6
63384.0,7
20284.0,2
40514.0,9
16825.0,6
33096.0,5
7511.0,23
15300.0,2
48917.0,6
23802.0,2
45392.0,4
61122.0,4
7759.0,15
46315.0,6
12525.0,19
7609.0,15
7757.0,14
7670.0,18
44170.0,4
32444.0,6
41215.0,1
34886.0,6
6199.0,65
55624.0,7
25976.0,2
37123.0,3
1271.0,4
7940.0,14
32720.0,1
7521.0,19
7973.0,16
15507.0,7
40519.0,2
7758.0,14
44071.0,1
1060.0,7
54926.0,1
50.0,222
7735.0,19
40907.0,3
58164.0,4
34614.0,3
7962.0,14
14153.0,7
45606.0,2
7970.0,20
18845.0,10
14394.0,11
7717.0,14
23524.0,8
871.0,2
22527.0,6
59394.0,3
59410.0,3
42658.0,1
26566.0,2
26570.0,2
13656.0,2
13660.0,2
4941.0,34
52032.0,3
18211.0,1
57622.0,3
7380.0,20
7543.0,15
7599.0,20
19834.0,2
20320.0,2
19836.0,2
19840.0,4
24438.0,2
24436.0,4
7921.0,16
45739.0,6
55298.0,3
15756.0,4
15748.0,4
36748.0,5
7557.0,18
7738.0,17
7644.0,14
7551.0,22
5792.0,20
41883.0,3
7992.0,17
64996.0,2
64990.0,2
64998.0,2
15742.0,4
41247.0,2
40973.0,8
51484.0,3
49578.0,10
49247.0,6
43674.0,3
7691.0,17
43690.0,4
56314.0,3
25928.0,6
12584.0,4
15353.0,8
4098.0,20
22844.0,4
7594.0,16
7578.0,28
45111.0,15
7819.0,15
7540.0,19
7792.0,16
35274.0,3
44402.0,4
20754.0,4
42222.0,4
32552.0,2
7686.0,20
7648.0,17
51438.0,6
7538.0,16
43610.0,3
20638.0,2
20642.0,2
20650.0,3
62346.0,4
19887.0,3
7729.0,16
27066.0,12
7536.0,18
5689.0,28
35047.0,1
19928.0,2
7617.0,18
63852.0,2
7563.0,21
55611.0,1
7787.0,15
56368.0,4
3582.0,20
56506.0,2
7908.0,25
16732.0,6
7918.0,10
7606.0,19
48462.0,5
7695.0,16
2587.0,5
56643.0,2
43117.0,1
7744.0,21
33860.0,7
57848.0,4
57864.0,7
57110.0,4
61816.0,4
57106.0,5
61828.0,2
7981.0,15
39785.0,6
41496.0,4
42391.0,1
47288.0,5
43357.0,1
47099.0,6
2560.0,9
32443.0,6
22705.0,4
7683.0,16
49169.0,8
7552.0,14
6641.0,17
7877.0,14
7829.0,14
28050.0,7
55736.0,6
7611.0,13
40175.0,2
58472.0,5
59247.0,2
7883.0,16
37591.0,1
4084.0,19
46989.0,7
56052.0,6
31128.0,4
25804.0,8
7503.0,12
7630.0,14
31010.0,6
7742.0,14
3093.0,10
13358.0,2
34455.0,2
2969.0,2
7910.0,14
61170.0,2
48080.0,57
52889.0,1
7527.0,15
7581.0,16
5124.0,22
7984.0,17
40908.0,3
40910.0,5
22966.0,52
7556.0,16
7900.0,20
7350.0,24
12226.0,2
14739.0,8
15372.0,4
15384.0,4
15398.0,4
15408.0,2
7767.0,17
43220.0,1
19947.0,5
7740.0,28
52847.0,1
7669.0,19
37280.0,3
20975.0,1
7546.0,54
13342.0,2
61615.0,2
29017.0,5
7963.0,18
63074.0,3
49223.0,6
4948.0,33
7625.0,12
31080.0,2
47510.0,3
47772.0,7
44846.0,3
48968.0,4
48952.0,5
16959.0,3
2565.0,1
21041.0,1
26438.0,1
13365.0,1
26454.0,1
1789.0,1
15769.0,1
23459.0,3
31356.0,4
26416.0,6
7938.0,16
29978.0,7
20052.0,7
43331.0,6
15190.0,4
61868.0,2
61860.0,2
7862.0,17
62570.0,3
60372.0,3
17882.0,6
12271.0,12
7685.0,18
37081.0,2
15004.0,6
27096.0,2
14880.0,6
7555.0,14
34029.0,1
19229.0,2
25362.0,4
15026.0,5
42715.0,7
57943.0,2
41301.0,2
21649.0,2
40611.0,3
45249.0,7
43531.0,4
23522.0,2
47570.0,3
3457.0,2
3531.0,18
39647.0,2
13345.0,5
47047.0,7
34403.0,2
51158.0,3
16142.0,2
48198.0,2
7015.0,20
47004.0,13
6769.0,19
25075.0,3
64322.0,2
37437.0,1
19430.0,2
44184.0,2
49551.0,7
57568.0,9
18952.0,2
25106.0,3
65260.0,2
3609.0,16
50076.0,2
48293.0,48
16021.0,10
18656.0,4
18648.0,2
18664.0,2
40593.0,2
6356.0,35
51756.0,5
31785.0,1
5771.0,21
32892.0,11
60099.0,7
44756.0,8
37207.0,2
1877.0,5
62362.0,2
2870.0,4
40743.0,52
32120.0,2
14952.0,2
2067.0,34
40199.0,11
15045.0,5
29034.0,2
45907.0,6
61606.0,2
48860.0,3
5746.0,21
37467.0,2
38805.0,3
37304.0,2
20036.0,2
47935.0,6
45386.0,10
22700.0,8
5899.0,25
42262.0,5
5206.0,29
3647.0,21
18020.0,9
55770.0,7
3649.0,27
52765.0,1
15766.0,6
41937.0,2
45371.0,8
7137.0,18
24942.0,2
2017.0,7
17364.0,2
1648.0,4
50922.0,4
34459.0,2
3578.0,19
19997.0,5
40965.0,3
20901.0,4
42226.0,2
12078.0,6
32488.0,2
26459.0,6
48267.0,6
62724.0,4
65123.0,8
15760.0,2
48598.0,12
60142.0,5
18380.0,4
6441.0,22
6141.0,14
40592.0,4
29477.0,2
57755.0,4
59782.0,5
29993.0,10
32333.0,6
34467.0,2
33228.0,4
44830.0,3
49536.0,9
4462.0,17
65130.0,2
4338.0,16
2229.0,6
29650.0,2
56872.0,2
40055.0,2
57398.0,3
3292.0,5
44569.0,2
59932.0,2
65444.0,2
19058.0,4
46998.0,4
64475.0,7
40982.0,4
41018.0,6
44398.0,4
14728.0,6
49771.0,3
39440.0,3
28011.0,1
40205.0,2
36150.0,2
61022.0,7
24343.0,7
54104.0,1
41439.0,6
44282.0,2
40986.0,5
40423.0,1
35141.0,5
28010.0,8
33220.0,4
4934.0,33
1866.0,57
14282.0,2
14288.0,2
29558.0,4
14302.0,2
2321.0,4
36792.0,5
36806.0,3
14402.0,10
42387.0,3
4390.0,24
48685.0,2
56018.0,8
18707.0,5
46639.0,6
2599.0,3
3574.0,18
64690.0,2
57574.0,1
39717.0,2
64353.0,4
6797.0,16
22865.0,5
48507.0,4
47546.0,5
1636.0,7
49790.0,5
21388.0,2
22080.0,8
57554.0,3
25254.0,3
58905.0,4
2510.0,5
28007.0,1
57384.0,2
3614.0,29
39269.0,2
62090.0,5
57910.0,1
285.0,2
12134.0,13
3927.0,23
3953.0,24
21068.0,4
21078.0,2
15404.0,2
21026.0,7
28006.0,1
15412.0,2
58347.0,4
61012.0,2
61020.0,2
39770.0,4
6156.0,20
33884.0,4
59113.0,6
40551.0,2
12267.0,7
54506.0,8
59317.0,1
59305.0,1
59377.0,1
59363.0,1
59383.0,1
59395.0,1
25235.0,4
46521.0,6
65065.0,4
59526.0,4
12018.0,6
3561.0,25
41008.0,4
12255.0,10
12570.0,7
575.0,2
16003.0,11
39875.0,2
18692.0,2
31438.0,52
29654.0,4
29656.0,2
29862.0,2
2254.0,2
56659.0,4
25598.0,2
25616.0,4
28004.0,1
45066.0,2
25612.0,2
55309.0,5
27314.0,1
29796.0,1
27402.0,1
27414.0,1
47754.0,9
4427.0,24
2299.0,6
15304.0,1
37471.0,4
634.0,2
12530.0,8
28003.0,1
49543.0,6
25832.0,2
25848.0,2
14960.0,2
14974.0,2
24644.0,2
18604.0,2
2808.0,7
41248.0,11
39361.0,2
51056.0,2
59776.0,3
12197.0,14
48678.0,2
53460.0,4
46166.0,3
41448.0,1
17490.0,2
28001.0,4
64808.0,1
45312.0,5
28862.0,1
51896.0,1
1092.0,2
33942.0,5
12314.0,4
44689.0,2
55231.0,5
50913.0,4
50935.0,2
49467.0,8
54868.0,7
51127.0,2
4719.0,137
53059.0,1
50829.0,2
51181.0,2
62638.0,2
55851.0,5
37377.0,2
39893.0,3
34693.0,5
37899.0,1
40197.0,1
60482.0,5
32989.0,1
42147.0,1
29519.0,2
19160.0,6
53334.0,3
14942.0,2
42711.0,6
62360.0,2
27999.0,1
49654.0,4
23783.0,3
2389.0,15
12277.0,4
3177.0,8
20740.0,2
20732.0,2
7261.0,18
39635.0,2
3533.0,17
40298.0,6
4406.0,20
29044.0,2
18991.0,7
46113.0,7
64842.0,2
64862.0,2
26500.0,2
14816.0,2
1422.0,2
14836.0,4
46696.0,2
24053.0,1
46765.0,1
29008.0,2
5587.0,15
39041.0,2
27997.0,1
37802.0,6
13753.0,2
28542.0,2
58232.0,3
49283.0,3
3584.0,18
27996.0,1
37151.0,2
46685.0,1
34477.0,3
49779.0,7
3971.0,18
6170.0,17
36152.0,2
59712.0,2
36282.0,2
40935.0,2
61215.0,3
27995.0,1
27617.0,1
27476.0,2
7235.0,19
7454.0,23
46479.0,7
7039.0,18
59460.0,1
7342.0,16
7089.0,18
59462.0,5
7347.0,25
7085.0,18
25304.0,3
34457.0,2
49380.0,4
7457.0,18
27994.0,1
39675.0,2
47939.0,6
60586.0,8
7176.0,19
12306.0,19
7174.0,17
7214.0,15
7053.0,17
51670.0,3
7186.0,12
47615.0,7
58696.0,4
37336.0,2
7304.0,20
7361.0,23
7203.0,14
7016.0,21
27993.0,1
7188.0,19
59586.0,1
7481.0,19
7436.0,19
7355.0,19
3931.0,22
22606.0,2
37825.0,2
7390.0,19
7367.0,17
7281.0,17
7489.0,18
7468.0,17
491.0,4
5268.0,10
31787.0,1
3034.0,2
5758.0,20
3474.0,10
7135.0,25
7185.0,16
7382.0,16
7258.0,18
5723.0,23
7223.0,18
7415.0,22
23517.0,1
7197.0,21
20216.0,2
7472.0,22
27992.0,3
7305.0,18
34534.0,5
6392.0,61
7017.0,20
7353.0,17
44412.0,3
7132.0,17
39234.0,8
14539.0,6
7292.0,14
3653.0,16
27991.0,1
1040.0,8
6065.0,18
7321.0,17
7247.0,18
1926.0,53
36208.0,3
36214.0,1
36159.0,1
35717.0,1
55345.0,1
346.0,2
7120.0,18
7294.0,18
7181.0,23
7275.0,18
7422.0,18
7385.0,19
32616.0,4
56662.0,4
7338.0,16
7059.0,27
7179.0,18
7130.0,18
7434.0,34
64886.0,1
34445.0,2
45138.0,6
7464.0,17
7041.0,26
7475.0,16
3808.0,20
7344.0,16
7062.0,17
7183.0,18
58436.0,4
15925.0,1
7424.0,17
7314.0,20
27989.0,1
48318.0,5
2178.0,1
2182.0,1
2198.0,1
4644.0,23
46632.0,9
7463.0,17
48526.0,4
18511.0,1
7142.0,18
7123.0,21
7107.0,26
7125.0,17
7362.0,19
7359.0,16
7136.0,14
7286.0,17
6237.0,20
37555.0,1
7469.0,15
13558.0,4
7031.0,17
7437.0,16
7497.0,17
7429.0,15
7109.0,17
59710.0,1
7207.0,18
27986.0,1
33079.0,8
27987.0,1
7276.0,17
7453.0,20
33030.0,4
61798.0,2
3935.0,18
12107.0,3
7103.0,16
45277.0,6
42426.0,4
7105.0,30
7418.0,19
32519.0,1
7485.0,18
41019.0,2
7243.0,20
7451.0,15
7274.0,17
12841.0,1
27985.0,1
56592.0,4
41242.0,4
53464.0,3
37264.0,9
7315.0,14
38852.0,4
7193.0,17
50578.0,8
41015.0,2
50610.0,3
23288.0,5
44074.0,3
44082.0,2
5898.0,24
7370.0,19
7327.0,14
40632.0,3
60116.0,4
7202.0,17
7177.0,13
57696.0,5
24777.0,5
37235.0,2
7364.0,17
47432.0,7
28207.0,1
7184.0,17
40254.0,9
7239.0,17
27984.0,1
42212.0,4
37682.0,3
50342.0,3
18046.0,6
42016.0,3
7131.0,24
49480.0,9
57460.0,2
59830.0,3
7404.0,16
44580.0,3
58784.0,3
32360.0,6
37914.0,1
37078.0,2
45804.0,2
28082.0,8
7097.0,15
7233.0,15
7228.0,14
7307.0,20
36438.0,1
56894.0,6
37179.0,3
7180.0,18
7491.0,19
46801.0,6
7094.0,15
7256.0,18
7260.0,18
48583.0,6
46191.0,6
51076.0,3
21032.0,4
12295.0,4
7285.0,25
7104.0,18
48742.0,3
5735.0,21
55052.0,4
7332.0,20
60009.0,9
37862.0,4
7148.0,21
27983.0,3
7360.0,27
28736.0,4
39011.0,7
26268.0,2
7113.0,16
7341.0,27
46028.0,3
45851.0,2
62168.0,5
7106.0,17
62363.0,2
49191.0,6
56520.0,3
36506.0,4
36610.0,2
40541.0,2
46160.0,1
32820.0,6
50858.0,2
35982.0,1
36044.0,3
7477.0,14
36022.0,1
7403.0,20
36034.0,2
56522.0,5
59150.0,2
59188.0,8
43120.0,4
44970.0,4
1551.0,2
7492.0,16
46159.0,2
37520.0,6
37550.0,3
15841.0,3
23232.0,5
5865.0,22
7065.0,19
40030.0,6
7139.0,17
7284.0,19
33146.0,5
34528.0,6
60731.0,6
24104.0,2
7122.0,15
7230.0,23
7254.0,15
7126.0,17
57838.0,5
57830.0,6
7091.0,14
7313.0,16
32817.0,5
49407.0,7
12543.0,2
46851.0,6
7384.0,19
7265.0,21
7438.0,16
7267.0,17
53475.0,4
7155.0,19
5615.0,23
7358.0,18
7283.0,19
39823.0,2
37199.0,4
39857.0,2
7027.0,27
37145.0,2
1409.0,2
12441.0,12
7278.0,17
7293.0,20
7318.0,17
7386.0,20
39641.0,2
25298.0,3
7430.0,18
7146.0,17
62968.0,1
22335.0,2
57499.0,2
7310.0,19
5808.0,19
20884.0,2
7141.0,18
57844.0,8
7140.0,19
7365.0,19
7052.0,26
7164.0,17
7048.0,17
7069.0,19
24874.0,2
7166.0,20
45691.0,6
47058.0,9
7271.0,17
45795.0,6
33168.0,7
4456.0,14
23845.0,7
7282.0,20
7224.0,17
7205.0,27
7449.0,16
7209.0,16
7465.0,20
7154.0,18
50895.0,5
40964.0,6
33140.0,4
42799.0,1
43085.0,1
7240.0,24
7378.0,18
12090.0,2
7244.0,21
7191.0,17
7158.0,16
7298.0,17
36983.0,4
17432.0,2
7038.0,21
7476.0,18
3539.0,23
1566.0,8
2360.0,1
1532.0,2
64935.0,1
7043.0,12
7426.0,18
1323.0,5
7425.0,18
7225.0,20
7147.0,18
424.0,2
32760.0,2
29367.0,5
7316.0,15
41525.0,2
33939.0,4
41475.0,2
39545.0,2
7420.0,20
7061.0,26
7419.0,20
7299.0,19
7219.0,17
16708.0,2
41181.0,2
25465.0,3
65100.0,4
49774.0,6
7387.0,19
13651.0,5
14289.0,2
1339.0,4
47606.0,2
7409.0,19
63780.0,3
7241.0,16
7150.0,19
7428.0,19
64191.0,2
61888.0,4
5859.0,22
2206.0,6
7478.0,18
7066.0,19
16569.0,1
29860.0,1
7435.0,17
20161.0,2
17873.0,1
15982.0,2
7279.0,16
7060.0,17
7446.0,18
64176.0,2
7440.0,14
7101.0,19
7379.0,17
7336.0,15
7308.0,18
4102.0,34
48588.0,12
7356.0,18
31994.0,2
7073.0,18
7143.0,14
65304.0,4
22998.0,6
7246.0,19
3535.0,28
12379.0,8
7250.0,15
7268.0,20
5756.0,20
49884.0,11
1403.0,2
15542.0,2
7320.0,14
50754.0,5
44399.0,7
25074.0,3
63176.0,2
6095.0,17
49426.0,4
7423.0,16
41824.0,3
7237.0,14
58662.0,4
12498.0,3
7486.0,17
41537.0,8
49148.0,7
56664.0,3
56668.0,5
7397.0,17
3528.0,18
7257.0,17
7231.0,15
7262.0,22
7072.0,26
62380.0,2
20493.0,1
12682.0,5
45456.0,3
35458.0,3
7134.0,19
13466.0,2
58684.0,3
5505.0,22
7263.0,25
7470.0,19
1429.0,2
44096.0,5
7111.0,24
56600.0,2
37013.0,2
48501.0,7
7037.0,16
41805.0,2
49122.0,3
43018.0,3
40430.0,1
13776.0,1
7439.0,18
7479.0,18
7319.0,16
7494.0,18
14108.0,2
2317.0,2
4388.0,30
62582.0,4
42028.0,3
51028.0,2
45204.0,6
47223.0,6
7026.0,16
6427.0,19
7431.0,18
7496.0,19
35144.0,3
7162.0,16
7169.0,17
7330.0,16
2214.0,1
50458.0,3
7168.0,23
7195.0,18
47707.0,7
1415.0,2
7375.0,18
7383.0,12
7329.0,26
22287.0,2
13796.0,2
7407.0,18
59636.0,1
4917.0,38
61702.0,2
7161.0,16
1431.0,5
6572.0,20
7456.0,18
41005.0,7
51834.0,4
43147.0,8
37441.0,6
7232.0,17
30911.0,6
35972.0,4
28516.0,2
7035.0,16
7280.0,12
7393.0,16
7206.0,17
40575.0,2
7068.0,13
12628.0,2
59754.0,5
49468.0,1
49843.0,9
22005.0,8
7058.0,19
7149.0,17
7312.0,18
7189.0,25
7212.0,16
7354.0,15
7303.0,19
7234.0,15
26916.0,5
7459.0,19
7128.0,17
7391.0,18
7345.0,19
15938.0,5
1909.0,4
29986.0,2
39291.0,2
7121.0,17
6908.0,18
14808.0,2
7194.0,17
56158.0,12
57294.0,3
20155.0,2
7056.0,20
62512.0,2
7448.0,18
7461.0,19
52632.0,3
44127.0,2
12259.0,12
7328.0,16
7326.0,18
4407.0,20
7138.0,19
7251.0,20
7160.0,14
7366.0,18
7119.0,26
7114.0,16
49089.0,1
36501.0,3
23079.0,5
41529.0,2
17190.0,2
7259.0,19
7049.0,19
7374.0,16
42859.0,5
40316.0,8
13674.0,2
13676.0,2
13682.0,2
33902.0,2
7211.0,16
7042.0,17
43682.0,3
7499.0,19
7245.0,18
7333.0,18
7450.0,17
7394.0,18
40323.0,2
5642.0,22
7357.0,21
4307.0,15
56580.0,6
3515.0,16
59356.0,1
59370.0,7
7395.0,19
7411.0,28
29350.0,2
49012.0,10
22556.0,4
56667.0,2
2465.0,8
40230.0,2
22290.0,2
7408.0,16
7399.0,13
20205.0,5
7208.0,18
7290.0,14
7300.0,16
12734.0,2
64526.0,2
32303.0,2
29076.0,4
29078.0,2
39284.0,4
7242.0,19
7217.0,14
7482.0,16
36108.0,4
23231.0,2
22825.0,6
46524.0,1
29246.0,2
50333.0,2
6139.0,12
45881.0,1
37768.0,3
60307.0,1
60293.0,1
3517.0,18
13388.0,10
58304.0,2
24202.0,2
20730.0,2
36854.0,5
61194.0,2
62196.0,2
41494.0,4
12407.0,18
3682.0,18
5812.0,15
17004.0,8
3692.0,19
42441.0,6
31016.0,5
7417.0,18
48962.0,2
6793.0,18
7151.0,16
39320.0,9
12171.0,2
33559.0,2
7335.0,23
12092.0,2
6162.0,16
7346.0,16
36942.0,5
4565.0,38
7036.0,20
7484.0,17
7392.0,15
47018.0,3
63473.0,4
3616.0,18
35254.0,2
35380.0,4
1404.0,2
59342.0,3
29172.0,2
51052.0,3
7412.0,18
7032.0,19
7376.0,22
1423.0,2
58250.0,5
7187.0,16
7159.0,17
7087.0,20
7064.0,21
34375.0,1
64758.0,3
64966.0,2
46087.0,6
12577.0,13
43704.0,5
7471.0,17
53076.0,3
7405.0,17
7413.0,18
62662.0,2
19422.0,6
26786.0,2
7442.0,16
6478.0,21
7248.0,19
58590.0,3
5680.0,20
40309.0,2
7266.0,19
48539.0,6
27374.0,5
7396.0,20
12019.0,9
57094.0,3
7466.0,16
49088.0,5
7163.0,15
7249.0,24
7227.0,15
50868.0,1
4311.0,15
7363.0,25
39723.0,2
7317.0,16
40130.0,4
18534.0,2
21478.0,2
3536.0,14
42206.0,7
33632.0,5
7416.0,17
7116.0,20
5830.0,22
28798.0,4
7229.0,25
60592.0,2
46523.0,6
7311.0,17
57250.0,3
7343.0,24
7096.0,14
45426.0,8
45442.0,5
42432.0,3
2069.0,6
14550.0,1
53832.0,3
7220.0,19
60320.0,7
7452.0,19
7156.0,18
50690.0,5
37407.0,2
7490.0,21
50191.0,1
39326.0,6
3056.0,22
7309.0,19
37484.0,11
7040.0,16
7322.0,17
7034.0,18
26852.0,2
33645.0,3
7483.0,19
22866.0,2
33710.0,3
2502.0,4
5512.0,20
49085.0,6
53540.0,2
7331.0,18
26809.0,5
37508.0,3
24088.0,2
7406.0,16
7076.0,16
56252.0,3
45845.0,7
25182.0,4
37187.0,4
6603.0,36
58956.0,3
7289.0,16
49689.0,7
33240.0,4
39841.0,2
33014.0,2
43126.0,7
54546.0,3
7067.0,31
7410.0,24
5240.0,18
16097.0,23
22616.0,2
47496.0,1
7269.0,18
7046.0,19
7323.0,19
7196.0,17
25188.0,8
7117.0,16
7421.0,17
7467.0,19
1965.0,8
53536.0,5
56254.0,4
22832.0,4
41107.0,2
59312.0,3
7153.0,17
2135.0,5
41531.0,2
5344.0,18
35880.0,3
7306.0,23
7458.0,19
41909.0,2
7213.0,19
16264.0,2
7198.0,17
21956.0,2
28665.0,4
19196.0,2
60222.0,3
46139.0,6
46331.0,7
58756.0,5
25207.0,4
63773.0,2
65152.0,2
59468.0,6
35854.0,2
7377.0,17
37839.0,2
521.0,2
20240.0,2
3506.0,21
7218.0,22
44134.0,2
61038.0,2
32200.0,6
23416.0,2
57019.0,2
26830.0,2
26858.0,2
23804.0,2
39363.0,2
20094.0,3
5733.0,16
40176.0,5
5254.0,24
50244.0,2
12515.0,14
7092.0,18
37063.0,2
33934.0,5
35073.0,2
19710.0,2
34405.0,2
46126.0,2
48169.0,7
27036.0,9
51612.0,4
47915.0,6
56320.0,1
7301.0,16
25290.0,3
4971.0,41
4465.0,21
55270.0,68
7165.0,16
18252.0,2
54360.0,3
15064.0,4
42209.0,4
7414.0,18
41281.0,1
5338.0,16
22350.0,7
34102.0,5
7167.0,14
7381.0,17
20254.0,2
56796.0,12
1207.0,5
36464.0,2
22622.0,2
5407.0,19
46775.0,7
34435.0,2
36300.0,4
35092.0,1
51768.0,5
58605.0,5
7287.0,21
21874.0,2
41373.0,2
46859.0,6
37307.0,2
7178.0,17
23048.0,1
42716.0,2
36744.0,4
22293.0,2
43001.0,8
35251.0,3
1419.0,2
40421.0,2
2647.0,2
36872.0,4
53308.0,2
5409.0,29
21452.0,2
7216.0,15
2527.0,5
45058.0,4
39797.0,2
34140.0,1
3504.0,19
6790.0,17
40718.0,2
41656.0,4
41523.0,2
58716.0,3
53648.0,4
20734.0,2
37146.0,3
62072.0,2
35096.0,3
62480.0,2
2911.0,4
4678.0,25
7028.0,60
38184.0,3
50187.0,13
44894.0,6
34504.0,3
7339.0,17
45849.0,1
50140.0,5
45247.0,4
40741.0,2
31160.0,1
32341.0,1
32515.0,1
32909.0,1
32138.0,1
32228.0,1
32993.0,1
33241.0,1
36472.0,2
34125.0,1
36155.0,1
36435.0,1
36585.0,1
57792.0,5
37017.0,1
36857.0,2
37449.0,1
63410.0,2
38240.0,4
53770.0,3
43896.0,3
45373.0,1
31712.0,3
51252.0,5
7372.0,14
5021.0,35
42966.0,6
48522.0,2
48510.0,2
48534.0,1
56922.0,2
50534.0,5
42560.0,5
57446.0,4
36486.0,3
54688.0,5
54706.0,2
20910.0,2
41873.0,4
56644.0,2
56650.0,1
33438.0,6
47964.0,3
51163.0,6
4890.0,31
35968.0,6
35278.0,3
46192.0,2
50770.0,2
29918.0,1
44954.0,3
35561.0,6
59396.0,4
15440.0,1
52738.0,1
51350.0,4
36828.0,3
45814.0,5
58288.0,10
35654.0,3
48574.0,8
54342.0,4
48304.0,6
42394.0,2
54000.0,7
53782.0,2
28420.0,6
39835.0,2
6791.0,10
61766.0,2
65505.0,6
21646.0,2
37431.0,2
25406.0,3
4778.0,39
16552.0,2
52652.0,3
12565.0,9
36722.0,3
31113.0,9
5420.0,9
54556.0,3
63588.0,2
32002.0,7
16652.0,2
41709.0,2
48414.0,3
18572.0,8
47973.0,2
6019.0,19
1421.0,3
60245.0,6
47531.0,6
34283.0,5
47003.0,5
46816.0,1
5729.0,18
6086.0,21
50157.0,2
16224.0,2
38408.0,2
1398.0,2
19529.0,4
42076.0,4
32426.0,2
489.0,2
41331.0,2
40153.0,2
14378.0,2
6110.0,21
55580.0,2
44913.0,2
60844.0,4
5411.0,33
45543.0,8
36952.0,7
44492.0,2
4416.0,17
3957.0,26
35040.0,3
58003.0,3
23107.0,4
45828.0,3
63718.0,2
47537.0,6
6144.0,19
53968.0,3
35431.0,2
57947.0,2
41233.0,2
29368.0,2
3977.0,21
48759.0,7
55477.0,4
40330.0,2
54386.0,5
13576.0,2
30542.0,1
46247.0,1
51564.0,2
55941.0,1
32124.0,1
44178.0,5
61152.0,4
23146.0,4
36908.0,3
40690.0,5
49011.0,6
28653.0,5
44341.0,2
5796.0,23
2572.0,8
23490.0,1
23478.0,1
29280.0,2
41142.0,1
28641.0,1
39253.0,2
2927.0,1
1561.0,1
43472.0,4
5418.0,36
50684.0,1
35645.0,1
5815.0,23
1448.0,2
2044.0,7
20639.0,6
40302.0,3
23494.0,1
22462.0,7
22251.0,3
5425.0,21
4106.0,48
1644.0,33
22609.0,4
32597.0,1
37601.0,2
4886.0,68
5416.0,17
50748.0,3
18185.0,1
21101.0,2
58919.0,2
39792.0,3
51828.0,4
55120.0,3
24842.0,2
18581.0,2
63580.0,1
50476.0,1
16015.0,4
31331.0,1
42019.0,2
26603.0,2
2158.0,34
48997.0,5
36103.0,1
39685.0,2
59851.0,1
54932.0,1
34731.0,2
1303.0,29
287.0,2
63953.0,4
55041.0,6
62875.0,3
713.0,2
3211.0,40
47691.0,8
2990.0,38
42625.0,1
32833.0,1
31460.0,1
23513.0,2
3946.0,19
48170.0,13
39379.0,3
31862.0,5
3973.0,26
60035.0,4
3246.0,35
30819.0,1
21931.0,2
5647.0,58
1895.0,34
4527.0,67
20215.0,2
58308.0,3
23851.0,1
922.0,4
55886.0,3
64199.0,1
16248.0,2
65271.0,1
851.0,2
40178.0,2
52613.0,2
52111.0,3
34487.0,3
34516.0,2
6888.0,24
45541.0,2
33221.0,2
1355.0,34
17168.0,4
5408.0,19
46987.0,1
2275.0,37
2488.0,35
35952.0,3
19785.0,2
5526.0,54
1325.0,32
33223.0,2
22050.0,2
46645.0,1
59123.0,1
56213.0,8
59833.0,2
998.0,8
44164.0,2
1678.0,37
18821.0,1
498.0,2
28615.0,2
4318.0,48
41870.0,3
3480.0,38
42033.0,1
29135.0,2
51293.0,1
19268.0,2
722.0,4
18562.0,1
1322.0,44
62131.0,2
23287.0,2
40867.0,4
25754.0,2
16706.0,2
58865.0,1
25356.0,5
19769.0,2
50700.0,5
16720.0,2
47599.0,1
32435.0,2
12726.0,2
24089.0,1
21622.0,2
210.0,4
49349.0,2
18606.0,2
1017.0,2
60996.0,4
53585.0,1
31416.0,2
37781.0,2
45005.0,9
31486.0,4
44469.0,2
17552.0,2
2043.0,2
29459.0,2
44914.0,3
55027.0,2
18139.0,6
24076.0,4
39521.0,2
36200.0,4
41153.0,2
24480.0,2
43361.0,2
18571.0,4
17388.0,2
57793.0,2
18332.0,2
31441.0,3
56822.0,2
26957.0,2
46610.0,1
25256.0,3
54544.0,5
2066.0,13
5410.0,18
17547.0,7
34273.0,2
22999.0,6
65418.0,2
5421.0,28
12308.0,4
45137.0,6
43886.0,4
48275.0,10
40650.0,2
56129.0,9
387.0,2
5405.0,29
23298.0,2
5522.0,29
6879.0,19
52646.0,2
40469.0,2
41101.0,2
6818.0,17
6661.0,15
5835.0,25
37193.0,2
43442.0,3
48983.0,6
5817.0,14
6592.0,13
6834.0,7
52769.0,2
52264.0,4
21448.0,2
6910.0,17
22289.0,3
6650.0,22
6900.0,26
58614.0,2
6758.0,14
6932.0,13
6752.0,15
52832.0,2
6787.0,23
52142.0,2
52371.0,3
6839.0,17
5406.0,34
6630.0,16
35973.0,2
20746.0,2
20756.0,2
45173.0,2
6915.0,17
6723.0,8
21482.0,2
6569.0,16
6695.0,16
14546.0,4
22325.0,2
6694.0,17
6559.0,16
37058.0,1
1197.0,3
6995.0,17
20434.0,2
6978.0,16
41237.0,2
26361.0,4
40351.0,2
3619.0,19
12173.0,6
5415.0,35
40735.0,2
5426.0,18
40165.0,2
37689.0,2
6745.0,21
5423.0,34
16116.0,1
15210.0,8
5508.0,18
28139.0,6
17786.0,2
35386.0,2
15676.0,8
6930.0,16
51568.0,1
46747.0,6
6946.0,17
5821.0,23
37109.0,2
5580.0,18
20352.0,2
6958.0,10
15005.0,11
6811.0,73
5417.0,24
6920.0,16
6907.0,16
34433.0,2
6960.0,16
880.0,11
6656.0,17
5414.0,16
15714.0,2
6726.0,17
39421.0,2
44958.0,4
6042.0,16
2446.0,2
6869.0,17
40535.0,2
6701.0,17
6627.0,17
6953.0,17
6887.0,20
41717.0,2
6544.0,9
51474.0,1
13712.0,2
6803.0,12
49164.0,3
6732.0,16
39013.0,4
6573.0,17
61772.0,2
22001.0,6
55123.0,6
46509.0,6
681.0,2
62244.0,1
6506.0,12
6757.0,16
6864.0,13
55940.0,5
53071.0,1
6623.0,16
47612.0,5
63706.0,1
6871.0,18
62073.0,1
14122.0,10
50231.0,1
55051.0,11
6962.0,17
57576.0,2
55453.0,1
55480.0,5
6813.0,17
25813.0,1
61678.0,2
6892.0,18
6552.0,16
6533.0,14
33958.0,3
39601.0,2
28142.0,2
12264.0,2
6852.0,16
6842.0,10
6855.0,14
6810.0,14
6891.0,18
6996.0,19
6848.0,17
32210.0,1
56871.0,5
31681.0,4
62198.0,1
63723.0,1
6815.0,15
39627.0,2
42233.0,7
31640.0,5
53795.0,1
57843.0,1
6909.0,12
37870.0,1
4448.0,19
29714.0,2
6785.0,20
6970.0,16
6532.0,19
6519.0,16
6788.0,20
6738.0,17
63206.0,1
6652.0,18
6634.0,15
6997.0,15
6929.0,17
46364.0,9
12882.0,2
63973.0,5
60353.0,3
6830.0,16
6925.0,15
33678.0,2
56843.0,3
6963.0,25
6911.0,17
59012.0,2
44435.0,1
6906.0,2
25017.0,2
6816.0,10
6665.0,14
2521.0,4
55543.0,5
6828.0,16
34979.0,10
6884.0,18
57452.0,6
41367.0,2
6814.0,10
6965.0,10
6987.0,15
6643.0,17
6897.0,16
27156.0,2
6986.0,14
6691.0,17
6945.0,15
49278.0,1
5688.0,22
6613.0,17
3108.0,9
6959.0,17
34576.0,7
41535.0,2
59156.0,4
42918.0,3
54951.0,1
6804.0,19
6766.0,20
6824.0,15
52581.0,2
6724.0,14
6919.0,14
46320.0,4
6938.0,19
40915.0,3
34784.0,1
6875.0,18
6838.0,17
6593.0,17
6974.0,15
6764.0,18
5891.0,19
1432.0,5
3947.0,24
6866.0,14
53473.0,2
6570.0,18
59017.0,1
53494.0,4
6817.0,17
6898.0,16
4428.0,24
6990.0,19
6806.0,16
12144.0,2
6708.0,12
24846.0,2
1043.0,2
6647.0,17
54794.0,2
6678.0,18
26706.0,2
24456.0,4
6127.0,14
6812.0,18
6583.0,15
6534.0,16
28181.0,2
40191.0,2
6770.0,17
6822.0,18
25013.0,4
4250.0,26
6944.0,15
41036.0,4
44253.0,2
6933.0,17
6877.0,16
43474.0,2
6596.0,15
61216.0,6
25578.0,2
36145.0,1
5836.0,18
6858.0,18
6982.0,18
6617.0,17
16061.0,4
40901.0,2
47413.0,6
6648.0,14
6781.0,19
1428.0,2
6903.0,17
49179.0,1
26890.0,7
64080.0,2
12574.0,6
6616.0,17
6612.0,15
632.0,2
6847.0,17
25122.0,3
6937.0,12
6857.0,17
6918.0,8
24756.0,5
42982.0,3
34591.0,1
5308.0,29
41808.0,9
49697.0,2
12312.0,2
6853.0,17
35214.0,4
6835.0,18
57924.0,3
56742.0,2
6808.0,12
6985.0,16
23556.0,2
6885.0,14
3587.0,18
33044.0,4
6981.0,19
6849.0,15
6854.0,18
25134.0,2
6964.0,17
6826.0,16
57601.0,4
6926.0,17
60871.0,4
35407.0,2
6032.0,22
6768.0,17
63814.0,1
6585.0,12
63740.0,2
44419.0,1
41699.0,2
24656.0,2
6618.0,17
6725.0,17
6916.0,12
55758.0,3
6890.0,16
55744.0,1
45450.0,15
57387.0,1
6845.0,20
6829.0,17
1714.0,9
6746.0,22
3053.0,4
41193.0,2
6928.0,17
6739.0,16
5724.0,16
56296.0,2
64242.0,1
50240.0,2
6886.0,18
6971.0,17
57346.0,1
6825.0,16
61905.0,1
6655.0,15
62852.0,4
48329.0,6
4090.0,30
47827.0,7
33972.0,3
24156.0,2
57555.0,1
15207.0,2
691.0,7
37620.0,4
6515.0,19
6862.0,17
23978.0,9
23656.0,2
45727.0,7
61007.0,9
36246.0,2
36278.0,2
36284.0,3
6715.0,19
6659.0,17
6840.0,18
59046.0,3
24172.0,6
32446.0,2
6846.0,21
6742.0,15
6674.0,17
6773.0,14
6863.0,17
23956.0,2
51145.0,2
18580.0,2
6587.0,17
6837.0,17
3581.0,18
3521.0,39
59647.0,3
2046.0,6
4413.0,25
1031.0,2
54380.0,2
52103.0,6
6798.0,17
33218.0,2
1037.0,9
40667.0,2
50923.0,1
6934.0,16
44140.0,3
6682.0,13
6941.0,16
6913.0,16
32208.0,2
1402.0,2
5518.0,26
15651.0,9
6821.0,17
6957.0,14
6859.0,14
34831.0,1
33701.0,6
62844.0,4
6547.0,17
42190.0,4
58255.0,1
62350.0,10
48662.0,2
12579.0,2
6792.0,18
24056.0,2
45704.0,6
57081.0,2
6883.0,17
6783.0,16
6120.0,20
34056.0,2
754.0,2
6865.0,16
33558.0,2
51367.0,3
5213.0,34
52796.0,7
6361.0,21
6563.0,15
37701.0,2
44035.0,2
65417.0,1
48259.0,1
58388.0,3
56166.0,7
2546.0,2
57760.0,6
45773.0,2
32738.0,1
26284.0,1
19828.0,1
6880.0,17
42556.0,3
6841.0,13
6578.0,15
6692.0,17
32508.0,6
23756.0,2
100.0,12
6882.0,13
56391.0,1
19754.0,4
3055.0,6
6931.0,15
24256.0,2
6901.0,15
45239.0,6
44841.0,2
6683.0,15
57223.0,2
49516.0,3
3579.0,21
6114.0,16
6774.0,17
6950.0,17
63548.0,3
6635.0,16
6729.0,17
6574.0,14
3676.0,16
50849.0,3
18742.0,8
6805.0,13
28478.0,8
43146.0,4
6748.0,22
32181.0,3
1499.0,1
64873.0,2
25093.0,3
6550.0,18
64596.0,2
39079.0,2
6728.0,21
54503.0,3
19846.0,2
6912.0,15
26442.0,2
19316.0,2
26432.0,2
26430.0,2
40101.0,4
27648.0,3
4389.0,45
12030.0,2
6528.0,16
6819.0,18
28887.0,6
6707.0,10
59474.0,3
2393.0,15
1408.0,2
6820.0,8
6861.0,14
6801.0,17
47488.0,3
46718.0,3
6676.0,17
41137.0,2
42719.0,2
25580.0,2
6980.0,14
53932.0,2
6687.0,19
46581.0,6
6807.0,16
6921.0,7
40015.0,55
15264.0,2
24378.0,6
33646.0,2
59291.0,2
4894.0,23
6698.0,22
27170.0,8
6564.0,18
810.0,2
25092.0,5
50621.0,1
54295.0,4
51023.0,3
27286.0,2
42881.0,2
25338.0,3
25319.0,3
6983.0,17
5757.0,36
37141.0,2
65406.0,2
22056.0,4
23181.0,3
1489.0,8
13391.0,4
6988.0,8
33089.0,5
6939.0,15
49495.0,2
22314.0,2
6594.0,16
49527.0,1
49483.0,1
49531.0,1
49505.0,1
49521.0,1
3628.0,18
57699.0,2
64135.0,2
4284.0,21
5036.0,16
6922.0,13
22952.0,2
47268.0,1
53458.0,2
3618.0,16
45034.0,2
45390.0,3
33950.0,8
5528.0,17
6597.0,14
47486.0,4
6893.0,17
34411.0,3
3604.0,18
21410.0,2
15998.0,2
6749.0,14
36078.0,3
15984.0,2
19536.0,2
45769.0,3
56141.0,1
60712.0,3
27734.0,2
1804.0,9
47627.0,3
14270.0,2
34941.0,2
1135.0,7
6189.0,20
6542.0,8
15751.0,5
3607.0,18
6705.0,16
51352.0,2
37406.0,3
45262.0,2
1681.0,8
56620.0,7
56060.0,6
4211.0,18
45574.0,3
6823.0,14
43646.0,2
60498.0,4
17296.0,2
3045.0,9
51026.0,1
26710.0,1
6836.0,18
48289.0,6
43471.0,2
1336.0,2
6577.0,15
4530.0,35
47913.0,6
6680.0,14
6935.0,17
54358.0,1
47203.0,2
38132.0,2
16344.0,2
1144.0,4
58754.0,3
61562.0,1
51622.0,2
12679.0,2
6153.0,20
43700.0,2
35912.0,2
12569.0,8
1166.0,7
59473.0,2
6566.0,17
33371.0,5
314.0,2
3997.0,25
3999.0,26
4998.0,48
16294.0,2
33664.0,2
39960.0,4
25825.0,6
6949.0,7
6899.0,15
6876.0,15
57541.0,7
6923.0,21
6905.0,13
43480.0,1
6870.0,16
2290.0,6
2343.0,12
5887.0,20
6673.0,17
2164.0,2
6525.0,17
60143.0,1
60597.0,1
6524.0,19
6579.0,18
6621.0,12
66.0,8
64696.0,2
16970.0,2
16246.0,4
54364.0,1
32964.0,5
59546.0,4
54388.0,2
25454.0,7
55316.0,2
65084.0,4
5621.0,18
45233.0,6
4498.0,14
6902.0,17
60491.0,1
17575.0,7
31898.0,5
43654.0,2
6520.0,18
57258.0,2
57262.0,2
2277.0,4
14802.0,2
3686.0,18
6640.0,17
14956.0,1
49025.0,6
27178.0,1
62252.0,6
6504.0,8
3527.0,23
32055.0,1
5282.0,25
12497.0,2
19706.0,1
44721.0,1
44196.0,3
12984.0,1
53492.0,3
28944.0,1
60632.0,8
28474.0,2
36273.0,2
48646.0,4
54788.0,7
43459.0,2
14160.0,1
49685.0,2
47829.0,1
15309.0,1
23398.0,6
44840.0,2
53257.0,1
6968.0,10
1248.0,5
51265.0,1
4486.0,26
39425.0,2
41025.0,2
5705.0,19
47293.0,1
20869.0,5
13541.0,1
42977.0,3
47049.0,4
36527.0,1
3591.0,16
43332.0,4
42975.0,1
43313.0,1
2289.0,10
17681.0,2
37368.0,2
18094.0,6
39427.0,2
24034.0,2
39901.0,3
6128.0,21
41339.0,2
41650.0,5
21730.0,1
21734.0,1
64889.0,8
40597.0,2
22292.0,6
6584.0,10
45915.0,2
29546.0,2
2881.0,2
886.0,4
925.0,2
14433.0,6
20372.0,2
37534.0,4
34851.0,2
6956.0,9
2850.0,8
54429.0,3
41700.0,1
50586.0,5
23386.0,3
4147.0,16
18458.0,2
48005.0,6
40131.0,2
42.0,27
60446.0,3
65506.0,2
32402.0,7
32619.0,2
45989.0,6
53430.0,4
5734.0,21
52474.0,4
60872.0,3
32706.0,2
34522.0,3
15792.0,2
39629.0,2
35522.0,12
63904.0,2
49588.0,11
5814.0,28
34604.0,2
34620.0,2
59063.0,2
55591.0,3
56235.0,2
53431.0,1
47151.0,1
37469.0,1
42645.0,1
30898.0,2
4246.0,14
22282.0,2
31642.0,9
39149.0,2
53848.0,4
63632.0,4
4485.0,17
5623.0,20
15558.0,2
39336.0,5
37030.0,5
12552.0,7
41921.0,2
31388.0,4
59060.0,5
46230.0,9
15848.0,2
59052.0,4
54707.0,4
3694.0,25
60907.0,2
12046.0,2
23946.0,2
33257.0,2
32370.0,2
57906.0,2
49647.0,2
38010.0,4
42730.0,3
40505.0,2
1406.0,2
38037.0,5
41045.0,3
3665.0,32
62768.0,2
63856.0,2
17108.0,8
5699.0,18
25035.0,3
14832.0,2
36948.0,3
25128.0,3
48981.0,2
58588.0,2
64932.0,2
4329.0,24
13398.0,2
64464.0,2
1412.0,2
42638.0,3
31616.0,2
49028.0,4
41180.0,4
27499.0,2
14118.0,2
26404.0,2
22288.0,2
1289.0,2
12519.0,13
33895.0,4
62886.0,2
22264.0,6
29559.0,2
5588.0,21
29050.0,2
57101.0,2
40168.0,2
37726.0,3
46195.0,6
19246.0,8
52786.0,3
43047.0,2
4019.0,20
1413.0,2
4212.0,19
59866.0,1
40968.0,2
41143.0,2
40235.0,2
25504.0,2
33377.0,2
28169.0,2
33393.0,4
62861.0,9
45731.0,6
44920.0,4
56676.0,3
18306.0,2
48335.0,7
63914.0,2
63902.0,2
48675.0,4
14446.0,4
1083.0,5
45196.0,4
13542.0,2
18290.0,4
30981.0,3
59351.0,6
4422.0,29
55248.0,3
22285.0,2
21016.0,2
359.0,2
39285.0,2
4341.0,21
47650.0,6
44007.0,3
19509.0,1
41607.0,2
6012.0,22
31552.0,4
52470.0,14
40299.0,2
32015.0,14
3674.0,21
19565.0,11
16544.0,2
52203.0,3
3684.0,14
16812.0,7
20550.0,4
55487.0,2
18880.0,7
45728.0,3
45491.0,6
52687.0,9
16152.0,5
60265.0,2
56538.0,2
63873.0,2
5511.0,20
2740.0,10
16346.0,6
21521.0,4
61701.0,6
21212.0,6
17258.0,2
5837.0,27
53234.0,2
24995.0,6
62516.0,2
60336.0,1
47473.0,2
39266.0,6
65428.0,2
32821.0,7
46302.0,2
34854.0,3
49080.0,21
49569.0,7
41199.0,2
18831.0,8
15902.0,5
29744.0,8
15446.0,4
35236.0,3
35220.0,4
52587.0,6
48435.0,1
49047.0,3
61886.0,4
59360.0,5
34461.0,4
23123.0,2
20065.0,2
45063.0,6
46280.0,4
53589.0,2
47317.0,6
25129.0,3
29002.0,2
12405.0,3
54873.0,2
61967.0,2
42252.0,1
928.0,2
45501.0,8
6213.0,16
3696.0,18
5347.0,22
61206.0,2
23777.0,6
34408.0,3
39943.0,4
6169.0,16
54874.0,2
63510.0,2
49671.0,16
54761.0,1
31353.0,1
45669.0,1
27870.0,1
21403.0,1
54043.0,6
20671.0,10
13909.0,12
37744.0,4
51581.0,2
6385.0,18
4328.0,23
5244.0,30
2306.0,2
33742.0,3
58189.0,10
44858.0,1
61166.0,3
27158.0,7
52731.0,2
23507.0,7
1418.0,2
47465.0,27
51012.0,7
35868.0,3
65527.0,5
48390.0,3
45766.0,2
39564.0,2
20281.0,2
40681.0,4
49260.0,3
63146.0,2
25381.0,4
62744.0,2
62748.0,5
62746.0,2
14560.0,2
14572.0,2
49576.0,2
41730.0,4
12263.0,4
46913.0,6
18368.0,6
56414.0,2
6151.0,20
27136.0,7
60610.0,2
64680.0,8
29719.0,6
34866.0,2
5337.0,26
36480.0,1
5662.0,19
40998.0,7
22226.0,4
23566.0,5
6079.0,19
34513.0,2
40787.0,2
48423.0,7
48331.0,2
14338.0,2
31219.0,6
6238.0,12
61782.0,11
4224.0,15
6126.0,18
36732.0,1
5794.0,20
41671.0,2
3402.0,12
16679.0,6
5118.0,17
48508.0,3
25136.0,3
6479.0,16
17196.0,4
46565.0,8
32652.0,2
39353.0,2
20019.0,2
1232.0,7
21552.0,2
24481.0,2
25372.0,4
42646.0,3
55887.0,6
32650.0,3
44690.0,7
3639.0,19
5829.0,20
39959.0,6
12159.0,16
16966.0,2
6132.0,23
61315.0,12
45932.0,10
65342.0,4
46625.0,6
33013.0,6
12272.0,12
24015.0,5
65086.0,1
58280.0,3
31896.0,2
53662.0,2
6043.0,18
48701.0,6
14794.0,2
20381.0,2
37518.0,1
6216.0,17
62106.0,2
6418.0,14
6108.0,16
34441.0,2
32.0,2
18267.0,12
25575.0,2
6281.0,20
6107.0,20
6267.0,16
18319.0,2
12994.0,2
6143.0,20
22742.0,8
189.0,2
39849.0,2
3903.0,20
56577.0,9
46769.0,6
41559.0,2
40506.0,4
50674.0,4
2627.0,2
49281.0,2
22298.0,2
21341.0,13
6383.0,16
1424.0,2
33666.0,1
6098.0,18
14081.0,3
39623.0,2
61591.0,6
52864.0,3
39587.0,2
1407.0,2
22621.0,1
6393.0,16
6015.0,28
47122.0,2
41407.0,7
3445.0,7
22448.0,2
6183.0,21
6448.0,15
61722.0,6
6426.0,14
6463.0,16
33232.0,5
34765.0,11
684.0,2
6451.0,19
6397.0,17
19788.0,3
42351.0,2
6484.0,16
19878.0,8
46093.0,6
6226.0,15
12783.0,5
6260.0,12
41617.0,2
6284.0,18
1425.0,7
65522.0,6
23746.0,2
19838.0,2
3503.0,35
6430.0,16
6490.0,16
1781.0,2
21666.0,8
60134.0,1
6064.0,18
27489.0,7
19081.0,2
54718.0,5
6292.0,16
31446.0,2
6495.0,14
6073.0,21
6401.0,19
36762.0,1
6261.0,18
2497.0,2
16502.0,2
23652.0,2
6465.0,16
13977.0,5
6472.0,14
64736.0,2
32960.0,2
35326.0,2
40203.0,4
54036.0,1
25360.0,3
31313.0,4
6201.0,21
31045.0,6
23725.0,6
60420.0,3
60436.0,3
6321.0,20
19853.0,4
57248.0,4
37272.0,5
6360.0,15
25377.0,4
24587.0,6
6446.0,14
12630.0,2
6249.0,16
6250.0,14
5540.0,27
64479.0,3
56115.0,10
57593.0,5
59365.0,1
51661.0,1
47441.0,1
36717.0,2
6464.0,18
21162.0,4
655.0,2
42360.0,1
41002.0,4
26424.0,2
805.0,4
36162.0,4
6030.0,18
12412.0,10
45078.0,1
5316.0,22
27690.0,1
21557.0,7
4366.0,23
15700.0,5
3645.0,18
54599.0,1
1420.0,4
4731.0,33
46322.0,2
21888.0,2
49048.0,2
6417.0,19
1942.0,4
37530.0,3
6294.0,13
33181.0,1
6053.0,19
6394.0,14
27317.0,8
2162.0,2
6382.0,16
25308.0,3
6171.0,18
23598.0,6
27508.0,2
16646.0,2
22276.0,2
6460.0,13
12254.0,2
45535.0,7
41797.0,3
6442.0,15
55635.0,5
12083.0,6
46311.0,10
6211.0,16
6342.0,13
54994.0,2
6355.0,16
41693.0,2
6023.0,19
45843.0,6
35822.0,2
45892.0,2
15588.0,7
23690.0,2
32560.0,2
49879.0,2
39431.0,2
6222.0,25
6477.0,16
1405.0,2
45478.0,5
60217.0,5
59980.0,2
62618.0,2
51174.0,3
45854.0,1
3441.0,6
6335.0,22
6416.0,19
36723.0,7
50615.0,2
5886.0,20
6074.0,16
5731.0,16
6476.0,17
6097.0,23
39559.0,2
57023.0,11
65476.0,8
6491.0,17
43078.0,3
18026.0,13
6075.0,16
23145.0,6
6457.0,22
43782.0,3
55344.0,3
41573.0,2
42382.0,6
42026.0,3
6303.0,14
61262.0,2
14295.0,6
12005.0,4
56588.0,1
3847.0,28
12439.0,7
58320.0,6
48933.0,7
23708.0,2
64730.0,1
56919.0,7
33144.0,2
34020.0,2
6353.0,14
19895.0,1
6268.0,20
49346.0,8
45703.0,1
1449.0,2
1063.0,10
26850.0,8
40325.0,10
6371.0,17
32081.0,2
45434.0,8
5845.0,23
56281.0,7
63326.0,3
46615.0,7
20580.0,2
15881.0,2
52591.0,1
4132.0,20
57167.0,11
48663.0,7
50218.0,1
5700.0,23
6347.0,14
36531.0,6
24843.0,2
64447.0,11
24417.0,7
53814.0,3
16090.0,6
63442.0,6
37127.0,2
40644.0,8
6138.0,23
64973.0,2
29371.0,7
19796.0,3
39820.0,5
2907.0,3
6146.0,19
32456.0,7
6305.0,21
6229.0,19
54270.0,3
6228.0,15
57124.0,6
5494.0,34
35373.0,6
40127.0,2
12576.0,2
6270.0,16
30968.0,2
14911.0,4
14482.0,2
19595.0,7
19782.0,2
56920.0,1
61608.0,2
42081.0,2
32328.0,6
22575.0,8
6194.0,18
50438.0,4
28248.0,2
43515.0,1
38866.0,5
59381.0,2
18765.0,7
64729.0,11
19233.0,24
31296.0,9
6273.0,13
21489.0,3
46970.0,8
22167.0,10
22117.0,5
6297.0,14
6343.0,16
50319.0,6
1491.0,2
43545.0,1
56544.0,3
56708.0,1
15082.0,4
6369.0,16
57962.0,3
6254.0,16
6185.0,22
34278.0,2
51572.0,2
30580.0,1
3440.0,4
13403.0,2
6384.0,16
12007.0,4
2992.0,2
36930.0,2
21745.0,7
5132.0,16
31536.0,13
32730.0,2
26040.0,7
20777.0,12
1856.0,3
41845.0,2
60673.0,3
4265.0,28
3507.0,19
6323.0,25
64552.0,2
63978.0,2
15746.0,4
5873.0,21
48953.0,6
58644.0,2
14874.0,2
34548.0,1
17994.0,4
60563.0,15
6286.0,14
3031.0,9
64864.0,2
4356.0,17
34785.0,8
5702.0,24
29134.0,2
6282.0,18
46905.0,9
56271.0,12
16100.0,6
50274.0,1
54168.0,3
6262.0,21
6203.0,14
21434.0,2
1923.0,2
31271.0,2
25162.0,3
5838.0,21
39843.0,2
4154.0,19
6063.0,20
61972.0,1
45749.0,6
23620.0,8
41265.0,11
21074.0,2
5713.0,22
52651.0,1
54421.0,1
55641.0,1
55404.0,7
6054.0,20
40661.0,2
50371.0,1
2176.0,6
64623.0,6
40051.0,2
6109.0,20
47832.0,2
18718.0,2
6344.0,14
26214.0,2
1498.0,2
6117.0,17
14992.0,6
16852.0,2
5867.0,20
17254.0,1
46107.0,1
39913.0,2
15456.0,2
3583.0,14
6304.0,13
6149.0,20
47598.0,1
63826.0,2
28769.0,8
6083.0,18
31262.0,8
60065.0,4
12195.0,7
20781.0,2
26375.0,2
49820.0,1
3301.0,7
1097.0,4
6406.0,14
49015.0,2
59557.0,2
59543.0,1
59575.0,1
59573.0,3
59591.0,1
63039.0,2
47462.0,2
42003.0,11
34843.0,6
26168.0,2
35671.0,1
56497.0,11
54949.0,10
58955.0,51
17528.0,2
32082.0,2
61920.0,2
19314.0,2
24492.0,5
62192.0,2
61928.0,2
61944.0,2
62200.0,2
19322.0,2
19338.0,2
19344.0,2
19738.0,2
29566.0,2
62218.0,2
62210.0,2
29572.0,2
19766.0,2
19572.0,2
6274.0,15
52134.0,2
64000.0,2
53818.0,4
16013.0,11
55573.0,2
60881.0,3
64373.0,2
50185.0,1
43639.0,3
59649.0,9
6225.0,16
61526.0,2
34451.0,2
42929.0,7
61066.0,1
31953.0,10
34419.0,2
48477.0,7
16326.0,1
433.0,2
21122.0,2
3617.0,16
16430.0,2
32384.0,1
40921.0,2
4703.0,41
52003.0,1
35405.0,1
1401.0,2
3508.0,18
55307.0,11
27571.0,6
42182.0,5
40715.0,8
18438.0,2
5612.0,20
23926.0,6
16838.0,7
2766.0,1
51075.0,2
2447.0,6
15834.0,2
14460.0,2
14472.0,2
31782.0,5
26708.0,2
26716.0,4
61372.0,1
19688.0,2
19694.0,2
13936.0,2
31778.0,2
49286.0,6
64698.0,3
13812.0,4
13820.0,2
19990.0,8
4876.0,31
12283.0,12
61700.0,2
61478.0,2
1320.0,7
22546.0,2
46307.0,6
53086.0,3
63451.0,1
17628.0,2
17644.0,4
23764.0,2
60598.0,2
772.0,4
28398.0,2
45097.0,2
51935.0,1
50277.0,2
31348.0,1
13686.0,8
28038.0,3
13962.0,2
20729.0,1
14525.0,2
65143.0,1
5780.0,21
35132.0,2
39472.0,5
3415.0,12
6376.0,16
55305.0,1
55315.0,1
55371.0,1
55367.0,1
55385.0,1
55375.0,1
40876.0,4
41157.0,4
23526.0,2
45381.0,4
46525.0,6
3671.0,20
3275.0,7
12192.0,15
46903.0,6
60284.0,3
47387.0,7
21970.0,2
21982.0,2
61054.0,4
53781.0,8
32658.0,2
13536.0,2
13544.0,2
18184.0,2
63156.0,1
53645.0,6
59096.0,5
16800.0,2
32634.0,6
19186.0,2
24262.0,2
22538.0,6
64704.0,2
64708.0,2
47617.0,7
19176.0,2
19188.0,2
50161.0,1
49811.0,1
14360.0,11
59923.0,11
51933.0,6
14268.0,6
37927.0,2
40073.0,2
63339.0,6
27059.0,8
31916.0,2
31906.0,2
31928.0,2
31890.0,6
48812.0,4
47814.0,3
35098.0,4
24046.0,8
53681.0,2
61792.0,4
15028.0,6
33789.0,1
63794.0,1
45685.0,7
43274.0,1
3085.0,19
2874.0,2
1850.0,8
20635.0,1
5547.0,18
41869.0,2
13978.0,6
40561.0,2
750.0,2
61552.0,2
60344.0,3
34133.0,1
41043.0,2
48727.0,6
5658.0,26
54045.0,1
24433.0,6
47685.0,6
31815.0,3
64659.0,1
46777.0,1
63678.0,10
59068.0,4
54936.0,1
43473.0,2
42040.0,3
23162.0,2
45595.0,6
16382.0,2
42860.0,2
48295.0,6
3610.0,19
19987.0,1
2227.0,9
53512.0,2
19634.0,2
49343.0,7
1243.0,6
391.0,2
131.0,4
1426.0,2
36822.0,3
16322.0,4
32492.0,1
5878.0,23
37660.0,4
40457.0,2
33026.0,1
63404.0,2
54573.0,1
4965.0,38
25325.0,3
57470.0,6
59074.0,5
28754.0,2
51842.0,1
54854.0,1
1057.0,46
3546.0,22
47960.0,2
24020.0,2
39954.0,6
54562.0,1
31021.0,6
23768.0,2
59302.0,5
64574.0,2
5573.0,18
50462.0,3
61280.0,2
5128.0,29
3020.0,2
49718.0,1
36896.0,3
40815.0,2
15552.0,2
27537.0,1
37863.0,4
61156.0,2
22211.0,8
19442.0,2
58224.0,1
51623.0,1
25047.0,3
12388.0,2
47157.0,6
33608.0,3
56984.0,3
12834.0,2
2072.0,3
60274.0,2
24894.0,1
31485.0,1
64014.0,1
34478.0,1
53731.0,8
65048.0,1
65038.0,3
22944.0,2
42540.0,3
40657.0,2
55413.0,4
56164.0,6
16830.0,1
45684.0,1
45686.0,2
40591.0,2
24038.0,2
5385.0,21
41915.0,2
39325.0,1
48587.0,6
48281.0,2
5876.0,20
45396.0,7
37807.0,2
60102.0,1
31162.0,4
18977.0,2
35340.0,3
14180.0,2
41093.0,2
49676.0,2
61610.0,15
65508.0,1
22525.0,5
49582.0,2
2325.0,2
5583.0,18
5790.0,16
26686.0,2
57896.0,1
41040.0,4
35538.0,2
48470.0,2
48478.0,4
5504.0,14
5862.0,24
35833.0,1
34595.0,2
40906.0,3
35465.0,1
13352.0,2
16666.0,10
41393.0,2
49313.0,6
48571.0,1
5737.0,18
3516.0,12
21140.0,7
667.0,6
17302.0,4
467.0,2
15812.0,6
2242.0,6
5841.0,20
37968.0,4
5822.0,17
29994.0,2
181.0,2
12748.0,2
38099.0,4
64881.0,2
14035.0,8
20075.0,1
20348.0,2
56325.0,5
35468.0,2
49564.0,2
40143.0,2
35031.0,2
41037.0,2
43002.0,7
48895.0,6
2626.0,3
19958.0,1
23069.0,8
25348.0,2
27881.0,3
26046.0,4
25253.0,3
5751.0,21
28510.0,2
48590.0,2
46301.0,7
3263.0,7
41555.0,4
62446.0,2
24418.0,2
41629.0,2
54550.0,5
16688.0,2
12956.0,2
26376.0,4
35699.0,2
5716.0,16
43099.0,1
60481.0,4
21490.0,2
18140.0,6
5820.0,23
47067.0,15
56353.0,1
59064.0,1
17237.0,5
5379.0,19
49150.0,4
62964.0,2
5649.0,21
52946.0,2
41259.0,1
35279.0,1
39175.0,2
53420.0,3
54894.0,2
12558.0,11
5682.0,20
5514.0,18
5730.0,20
5559.0,19
463.0,2
5868.0,21
153.0,4
23738.0,4
44281.0,2
5861.0,20
5517.0,18
24602.0,1
5519.0,19
5813.0,18
41203.0,2
54206.0,3
5565.0,18
21470.0,2
5579.0,14
49657.0,7
5652.0,21
61058.0,4
5529.0,21
5546.0,19
40773.0,2
3105.0,6
5797.0,20
20432.0,2
5539.0,19
37981.0,5
5571.0,17
2846.0,4
4810.0,38
33020.0,5
5575.0,69
25562.0,16
35697.0,1
24567.0,5
39879.0,2
5382.0,24
46664.0,3
5549.0,16
5591.0,26
5849.0,14
5715.0,19
5593.0,25
48903.0,1
1652.0,2
5748.0,18
50520.0,5
65534.0,8
63426.0,2
18150.0,2
25489.0,3
4015.0,18
17770.0,2
17772.0,9
5665.0,20
5562.0,17
29720.0,2
5515.0,18
14154.0,2
3071.0,5
5661.0,16
46937.0,1
46456.0,1
62324.0,2
54899.0,3
5728.0,20
5646.0,30
14152.0,4
14981.0,2
1046.0,4
5586.0,20
26666.0,2
26806.0,2
26898.0,1
26902.0,1
26904.0,1
27270.0,1
27672.0,2
5531.0,14
3687.0,19
25109.0,4
41923.0,2
39873.0,2
5509.0,16
37668.0,4
45275.0,1
5816.0,22
5762.0,20
5707.0,16
180.0,6
37355.0,2
1553.0,2
34437.0,2
5115.0,31
1556.0,2
4554.0,34
37341.0,2
25564.0,8
29146.0,4
5616.0,20
43453.0,1
43609.0,1
43741.0,1
547.0,5
46557.0,7
3079.0,6
44893.0,2
18988.0,2
3698.0,20
5585.0,18
64162.0,3
26746.0,5
36328.0,1
36344.0,2
5714.0,19
40275.0,2
5710.0,16
129.0,4
5578.0,20
2501.0,19
58390.0,2
25646.0,2
5793.0,19
28102.0,7
12714.0,2
51407.0,1
57302.0,2
57322.0,1
45587.0,1
52109.0,1
41317.0,2
34821.0,1
5749.0,18
28752.0,2
46713.0,1
5383.0,36
60323.0,2
36949.0,1
45307.0,1
34177.0,1
24376.0,2
52533.0,1
41945.0,3
5542.0,16
5753.0,19
546.0,2
39357.0,2
43481.0,2
4115.0,23
26381.0,4
58464.0,3
54682.0,2
1236.0,6
44073.0,2
47577.0,7
4482.0,23
1746.0,2
51069.0,2
49431.0,5
18166.0,47
18964.0,2
21428.0,2
21442.0,2
56828.0,3
5563.0,21
21717.0,6
5765.0,18
61584.0,3
48779.0,6
18383.0,7
5789.0,18
1859.0,9
35922.0,2
5397.0,30
3096.0,8
28174.0,2
48832.0,1
5564.0,20
22023.0,8
5774.0,19
65234.0,2
29937.0,10
35547.0,1
41099.0,2
47885.0,6
34466.0,3
28729.0,5
54504.0,2
225.0,4
46706.0,4
15991.0,50
40121.0,2
18376.0,2
29152.0,2
57750.0,5
23230.0,6
18626.0,2
15151.0,4
26316.0,2
26350.0,2
51736.0,1
51748.0,2
59434.0,4
5534.0,19
17134.0,2
5538.0,16
64740.0,2
3455.0,6
5525.0,16
49421.0,2
5618.0,19
5513.0,18
5877.0,21
5380.0,42
1004.0,2
34417.0,3
40711.0,2
5516.0,12
4408.0,16
40775.0,4
44150.0,3
61764.0,2
14846.0,4
4610.0,34
27542.0,2
21655.0,3
39293.0,2
5823.0,19
4550.0,41
34475.0,2
31237.0,1
28781.0,2
25892.0,2
58146.0,2
31426.0,4
25864.0,7
40949.0,2
21992.0,2
42803.0,3
5752.0,21
46431.0,1
39183.0,2
42416.0,2
39439.0,2
50481.0,2
40635.0,2
3688.0,26
23292.0,44
22852.0,2
26348.0,2
26364.0,2
43328.0,1
19172.0,2
366.0,2
65083.0,8
5719.0,17
5741.0,19
40573.0,2
4495.0,19
5393.0,26
5390.0,9
50486.0,2
4320.0,15
59789.0,2
14212.0,2
62673.0,2
25225.0,3
58325.0,2
62190.0,2
51288.0,3
34439.0,3
53373.0,2
48165.0,8
21636.0,2
30584.0,14
5844.0,28
49835.0,7
17081.0,2
47081.0,2
5852.0,20
40419.0,2
60441.0,6
46795.0,7
27.0,3
1196.0,4
44973.0,2
18710.0,2
41775.0,2
64826.0,2
47586.0,4
40037.0,22
29884.0,2
15299.0,2
5819.0,20
1015.0,2
54265.0,2
12872.0,2
456.0,2
2266.0,8
61992.0,4
61839.0,1
57481.0,1
51236.0,4
4587.0,33
46261.0,2
20916.0,1
51681.0,2
5827.0,24
37015.0,2
41799.0,4
26310.0,2
48453.0,6
39384.0,8
17981.0,2
34991.0,10
5779.0,23
16019.0,2
23200.0,2
5828.0,20
46196.0,3
64420.0,2
36934.0,3
25161.0,4
48394.0,1
43527.0,2
65360.0,2
39023.0,2
5396.0,28
48849.0,6
23059.0,5
41270.0,6
2578.0,2
23352.0,2
46798.0,1
1294.0,5
14946.0,2
58722.0,2
29652.0,2
31990.0,2
55610.0,2
44579.0,2
32840.0,2
14798.0,2
5394.0,30
62828.0,2
2548.0,6
5399.0,21
41685.0,3
14979.0,2
29346.0,2
63748.0,1
41049.0,2
31987.0,5
48575.0,3
3564.0,18
45131.0,6
5403.0,19
35211.0,2
24728.0,2
40011.0,4
5221.0,29
41031.0,2
28940.0,3
5767.0,18
45053.0,7
34873.0,6
23610.0,2
35627.0,2
43791.0,3
141.0,2
14690.0,2
23303.0,3
41311.0,2
64018.0,1
480.0,4
5726.0,16
1619.0,2
46245.0,6
16466.0,2
39955.0,2
64888.0,2
5402.0,25
63603.0,2
41867.0,9
3547.0,22
31618.0,2
31246.0,9
48474.0,2
15090.0,2
5395.0,24
52891.0,2
36630.0,4
17446.0,10
4510.0,35
5398.0,25
52943.0,3
24531.0,7
47847.0,3
22146.0,2
28692.0,2
25315.0,3
64316.0,7
48391.0,6
3656.0,20
462.0,4
12450.0,8
41679.0,2
61243.0,9
59027.0,2
27304.0,4
27407.0,2
41588.0,3
65056.0,2
2353.0,4
3232.0,11
12794.0,2
28681.0,2
15659.0,2
62773.0,2
37837.0,2
25984.0,2
24239.0,2
49381.0,2
36771.0,3
43167.0,3
55283.0,3
26891.0,3
5392.0,19
24512.0,2
962.0,2
5401.0,24
1338.0,4
52866.0,1
46865.0,9
4531.0,35
46827.0,8
46831.0,1
46849.0,1
46835.0,1
61753.0,2
23260.0,2
55959.0,3
54200.0,1
65396.0,2
50270.0,5
15711.0,3
22532.0,2
50036.0,2
35100.0,12
31855.0,2
15345.0,1
32143.0,2
19403.0,2
1671.0,2
32715.0,2
39217.0,2
57883.0,2
18965.0,1
63932.0,2
42644.0,3
25846.0,4
45405.0,6
47535.0,3
37487.0,2
27047.0,2
46895.0,7
24302.0,2
25799.0,2
50843.0,9
32102.0,2
40215.0,2
16160.0,2
49034.0,5
22262.0,2
49064.0,1
48964.0,1
49000.0,3
63374.0,2
43271.0,2
2318.0,2
47911.0,6
14989.0,2
23052.0,2
18284.0,1
50424.0,4
26839.0,2
2246.0,2
31035.0,9
5327.0,49
23137.0,5
51997.0,5
40069.0,2
65003.0,2
25666.0,4
56033.0,3
64175.0,2
41159.0,2
12275.0,2
14527.0,57
455.0,4
3666.0,17
12698.0,2
20506.0,2
13436.0,2
14811.0,5
39995.0,4
34234.0,1
14879.0,2
60573.0,2
18234.0,2
20952.0,2
64802.0,2
283.0,2
21100.0,3
51719.0,53
46135.0,1
17966.0,4
17968.0,2
32482.0,2
58694.0,4
31844.0,2
63294.0,2
28421.0,1
24746.0,4
62056.0,2
62064.0,2
18224.0,2
43694.0,3
472.0,2
28446.0,4
912.0,2
52766.0,4
133.0,2
1806.0,4
25402.0,3
39446.0,4
12023.0,52
46678.0,2
39531.0,2
15451.0,2
25695.0,3
2212.0,9
16938.0,2
22246.0,2
64354.0,2
19299.0,2
18083.0,6
14052.0,2
60431.0,2
51851.0,4
46128.0,2
47592.0,1
33703.0,2
51764.0,1
682.0,2
28726.0,2
18948.0,2
26634.0,2
41781.0,2
64308.0,2
14680.0,2
31364.0,4
53827.0,2
63707.0,2
48746.0,1
61618.0,2
14918.0,1
60223.0,3
13814.0,3
18914.0,1
61774.0,2
25076.0,3
40927.0,2
3575.0,19
19804.0,1
27712.0,2
60620.0,1
36355.0,3
62511.0,2
49951.0,6
35030.0,1
63638.0,2
29760.0,2
29772.0,3
12571.0,4
25322.0,4
57330.0,8
19126.0,2
13872.0,1
25483.0,3
21236.0,2
28023.0,49
32158.0,2
27196.0,2
27180.0,2
57108.0,3
17788.0,1
17798.0,1
17830.0,1
17836.0,3
17844.0,1
20847.0,2
28294.0,2
28286.0,2
28300.0,2
31952.0,4
21587.0,2
49056.0,1
28035.0,2
22039.0,2
45072.0,4
1192.0,4
41549.0,2
25376.0,2
4499.0,18
28711.0,4
25591.0,2
40978.0,1
20678.0,5
20418.0,2
57636.0,4
40024.0,9
39177.0,2
26943.0,3
46599.0,2
5138.0,34
29439.0,2
45158.0,5
26652.0,3
52104.0,3
37795.0,2
19144.0,4
34431.0,2
37551.0,2
62414.0,2
2278.0,2
48419.0,3
59755.0,2
45281.0,2
23719.0,3
35142.0,3
17063.0,2
42036.0,4
14490.0,2
51480.0,3
39769.0,2
55251.0,2
23646.0,4
20589.0,8
15191.0,3
47899.0,2
48240.0,1
37065.0,2
62719.0,2
51210.0,1
40757.0,2
17999.0,2
20755.0,2
60847.0,2
17826.0,6
34428.0,1
5298.0,23
40147.0,2
60951.0,4
55777.0,2
39009.0,2
5370.0,26
5359.0,27
5027.0,29
52094.0,3
25214.0,3
5231.0,35
5170.0,27
14256.0,8
5126.0,16
5314.0,24
12382.0,8
5187.0,32
188.0,2
5046.0,24
5362.0,27
20782.0,2
28919.0,2
23875.0,2
5346.0,22
56303.0,1
56255.0,1
56261.0,1
56319.0,1
44641.0,1
5297.0,26
51643.0,2
23147.0,2
5041.0,14
5189.0,16
62303.0,2
60639.0,2
5295.0,25
39259.0,2
51335.0,1
27081.0,2
18051.0,2
59080.0,2
17843.0,2
58039.0,2
40695.0,2
15295.0,2
3679.0,18
5142.0,16
5064.0,20
3659.0,25
18065.0,6
49216.0,5
37427.0,2
5042.0,28
5178.0,10
5291.0,33
31938.0,4
5290.0,22
5377.0,26
16456.0,2
5499.0,17
5203.0,17
5139.0,14
37595.0,2
46281.0,2
49331.0,1
5198.0,14
5159.0,23
39385.0,1
23043.0,3
16640.0,6
373.0,2
5054.0,21
5158.0,27
32302.0,2
5219.0,31
4334.0,17
2646.0,2
65216.0,1
16712.0,2
42445.0,2
5217.0,25
5034.0,25
64986.0,2
475.0,2
5368.0,34
64747.0,1
5212.0,14
58143.0,4
25364.0,5
25014.0,2
5348.0,23
5146.0,25
43713.0,6
64026.0,1
5165.0,19
5367.0,27
5309.0,16
55476.0,1
47881.0,2
5358.0,23
32146.0,4
5374.0,35
5267.0,30
5168.0,30
23095.0,2
22812.0,2
40955.0,2
5186.0,14
5169.0,24
21005.0,2
5052.0,21
37271.0,2
5360.0,18
5043.0,23
23251.0,3
17182.0,5
5329.0,17
5320.0,20
40177.0,2
5285.0,32
24452.0,2
45091.0,2
39581.0,2
13946.0,3
46421.0,7
5167.0,39
5065.0,21
3636.0,16
5322.0,35
48193.0,6
3626.0,18
37083.0,2
5141.0,14
5361.0,18
5292.0,29
32913.0,2
5088.0,19
47629.0,1
5272.0,34
945.0,2
26111.0,2
58706.0,2
5175.0,16
39557.0,2
5154.0,28
5053.0,22
1204.0,2
5296.0,15
4546.0,32
5369.0,24
5216.0,14
61636.0,8
3846.0,16
5325.0,27
42353.0,2
41275.0,3
29881.0,2
5248.0,26
5182.0,20
43354.0,1
5174.0,19
5134.0,16
5110.0,15
16270.0,2
13246.0,6
32126.0,8
41035.0,4
63506.0,2
14255.0,6
5113.0,24
5355.0,31
46593.0,6
40639.0,2
5031.0,12
48883.0,7
62630.0,2
5497.0,34
49881.0,2
5208.0,26
61373.0,2
5047.0,13
5149.0,21
24381.0,2
25206.0,3
37658.0,2
4947.0,32
5301.0,22
18546.0,2
5127.0,16
5210.0,22
13502.0,2
3509.0,18
32970.0,1
50317.0,9
29231.0,3
40493.0,3
5176.0,14
5365.0,18
54815.0,2
51800.0,4
5144.0,14
5156.0,21
25015.0,3
5286.0,26
36399.0,6
5107.0,26
5196.0,18
5177.0,24
43181.0,2
5204.0,20
5075.0,27
5220.0,28
5129.0,24
38161.0,1
47131.0,6
42205.0,1
32716.0,1
3677.0,19
64844.0,2
5153.0,14
54750.0,1
21652.0,2
1316.0,4
55595.0,3
5157.0,25
5303.0,21
15186.0,1
12434.0,9
41375.0,2
36573.0,2
32112.0,1
32118.0,1
48315.0,2
1598.0,1
64528.0,1
64536.0,1
5032.0,16
5037.0,21
27704.0,1
4091.0,20
29814.0,1
5328.0,28
29830.0,1
15172.0,1
5334.0,31
18746.0,2
24944.0,2
28204.0,1
13018.0,1
781.0,2
3904.0,15
19794.0,1
3944.0,17
16439.0,2
3934.0,20
62320.0,1
62334.0,1
22984.0,1
55262.0,3
62314.0,1
62304.0,3
27852.0,1
27868.0,1
1884.0,1
1892.0,1
5184.0,12
18330.0,1
28254.0,1
42042.0,3
1880.0,9
5137.0,8
28262.0,1
31112.0,3
28040.0,1
16280.0,1
37473.0,2
5302.0,22
5164.0,17
39015.0,2
53983.0,3
43898.0,2
27120.0,1
61596.0,3
62536.0,1
62544.0,1
22628.0,1
29620.0,1
21898.0,2
16178.0,1
22273.0,2
14452.0,4
5148.0,17
1058.0,1
17636.0,3
17620.0,1
17650.0,3
17654.0,1
17668.0,1
64166.0,2
1054.0,1
5324.0,25
22840.0,1
22834.0,1
5364.0,31
5312.0,13
22848.0,3
4746.0,33
20048.0,2
23796.0,3
18670.0,3
5194.0,6
29075.0,2
35002.0,2
5063.0,15
18850.0,1
5251.0,22
5378.0,29
18334.0,1
5057.0,13
62792.0,1
63286.0,1
63288.0,1
29754.0,1
29748.0,3
29758.0,1
27638.0,1
5207.0,27
5114.0,19
13840.0,1
50346.0,10
62760.0,1
13834.0,1
14928.0,1
3216.0,2
65386.0,1
15508.0,1
15514.0,1
41136.0,3
25359.0,3
27664.0,1
31688.0,3
31682.0,5
19792.0,1
24788.0,3
43595.0,2
23310.0,1
23300.0,3
48004.0,1
5163.0,36
64174.0,1
64184.0,1
24784.0,1
5331.0,26
43268.0,4
2676.0,9
5025.0,25
61458.0,5
42439.0,3
13414.0,1
25384.0,4
63742.0,1
63754.0,1
20292.0,1
5192.0,17
19508.0,3
19494.0,1
19480.0,1
5023.0,17
61898.0,1
33457.0,6
12924.0,1
21738.0,1
12926.0,1
61256.0,1
16907.0,2
21746.0,1
4038.0,19
56765.0,28
5162.0,24
26880.0,2
4036.0,17
5191.0,27
62529.0,1
37447.0,2
23563.0,2
32781.0,2
5029.0,31
28243.0,2
57534.0,1
41919.0,4
58871.0,3
39525.0,2
5045.0,27
41012.0,2
5319.0,38
5109.0,24
1210.0,2
56586.0,3
56053.0,3
39786.0,1
5275.0,20
31636.0,3
941.0,2
15180.0,2
16240.0,4
22010.0,4
49147.0,3
13423.0,2
62626.0,2
16774.0,2
36927.0,3
5215.0,18
64652.0,2
31.0,2
5028.0,24
2418.0,10
5372.0,18
51903.0,3
5283.0,79
5166.0,9
15199.0,2
29990.0,2
5211.0,12
43365.0,1
12986.0,2
5193.0,15
18887.0,6
51329.0,2
40851.0,2
5307.0,28
5035.0,24
20057.0,2
46269.0,7
5371.0,36
62199.0,3
5375.0,33
27138.0,2
25300.0,4
47639.0,2
34479.0,2
43170.0,3
3634.0,18
14411.0,2
56375.0,2
5304.0,17
5171.0,15
63976.0,6
58559.0,4
21792.0,2
12591.0,3
53307.0,2
5313.0,16
25113.0,4
5249.0,36
22181.0,11
15971.0,2
5305.0,17
35471.0,2
5185.0,15
40219.0,2
2283.0,11
48609.0,6
15850.0,2
5183.0,18
63654.0,4
53633.0,7
49506.0,1
18041.0,4
22284.0,2
28196.0,4
45403.0,2
5199.0,28
51009.0,5
39475.0,2
64246.0,2
41048.0,1
41933.0,2
64073.0,2
22523.0,3
55773.0,2
39993.0,3
25123.0,2
42934.0,3
23929.0,6
49511.0,6
32830.0,2
45101.0,7
25189.0,3
62685.0,2
17739.0,3
59651.0,2
5112.0,18
61367.0,2
60171.0,2
5332.0,28
49499.0,6
47257.0,6
21458.0,2
5323.0,29
46346.0,4
48211.0,3
51175.0,2
39117.0,2
57476.0,2
5294.0,25
25358.0,3
5039.0,18
37451.0,5
18311.0,2
29852.0,2
13679.0,9
17531.0,2
22644.0,2
49886.0,2
5147.0,8
5077.0,15
5049.0,16
44673.0,2
34429.0,2
41133.0,2
36511.0,3
2076.0,6
19574.0,7
45821.0,3
5293.0,27
4490.0,17
3691.0,18
3594.0,16
5354.0,21
47859.0,2
34702.0,4
43168.0,2
25690.0,1
21462.0,2
34240.0,2
12103.0,4
12903.0,3
16403.0,11
49969.0,2
47461.0,6
24084.0,2
64071.0,3
5315.0,14
3312.0,4
22471.0,2
40705.0,2
49133.0,6
4291.0,20
12646.0,2
46768.0,1
12411.0,8
46617.0,6
3084.0,12
3915.0,30
17176.0,2
62776.0,2
2149.0,9
1759.0,9
18680.0,2
28746.0,2
17166.0,2
19228.0,2
46972.0,1
12955.0,3
39553.0,2
26995.0,3
50464.0,4
45534.0,5
4950.0,31
17178.0,2
47923.0,46
4507.0,31
61190.0,2
24464.0,2
12772.0,2
36600.0,4
25490.0,4
64756.0,2
19084.0,7
47593.0,7
58470.0,2
4553.0,36
47039.0,6
19003.0,2
4864.0,32
17514.0,6
4626.0,34
31084.0,2
4627.0,30
4515.0,31
4721.0,32
37135.0,2
13716.0,2
4836.0,34
61752.0,4
4661.0,31
4659.0,31
30552.0,2
4787.0,35
45431.0,7
4798.0,36
22263.0,4
28952.0,2
4908.0,38
65423.0,2
27594.0,2
26423.0,2
4619.0,24
4932.0,34
39344.0,4
4988.0,29
3573.0,16
4874.0,26
4779.0,28
4708.0,33
4537.0,30
64052.0,2
4713.0,30
55551.0,17
17500.0,7
29647.0,2
4928.0,34
4718.0,35
4755.0,22
22242.0,7
4648.0,36
37381.0,4
4561.0,31
45113.0,2
4504.0,35
4623.0,29
4518.0,31
60351.0,2
4454.0,18
3972.0,24
5180.0,22
4734.0,37
2943.0,9
20712.0,2
4762.0,33
4549.0,17
51156.0,4
57155.0,2
41925.0,2
4835.0,35
4534.0,44
4660.0,35
4672.0,28
4535.0,33
2707.0,9
48767.0,7
22266.0,2
4750.0,33
4670.0,33
40049.0,7
4585.0,35
4788.0,30
4921.0,35
15066.0,7
2192.0,4
61835.0,2
4640.0,31
4557.0,33
4995.0,32
4631.0,34
4707.0,34
39153.0,2
52215.0,2
55181.0,2
4544.0,31
64226.0,2
15895.0,1
4853.0,30
4805.0,31
14842.0,6
20193.0,6
21899.0,2
4732.0,31
20492.0,1
22257.0,2
57831.0,3
55236.0,3
39341.0,2
17376.0,2
17241.0,6
4639.0,36
42614.0,2
22835.0,3
25205.0,3
25829.0,6
55856.0,1
37625.0,2
50811.0,2
4503.0,33
34340.0,2
62972.0,2
20969.0,8
28815.0,2
347.0,2
2981.0,2
4997.0,33
63273.0,2
4568.0,27
65364.0,1
40129.0,2
4717.0,26
16180.0,6
18784.0,2
47587.0,2
18467.0,2
4962.0,27
40359.0,4
1301.0,8
3577.0,19
4914.0,38
2794.0,2
36315.0,2
36885.0,1
16962.0,6
49577.0,6
36497.0,1
36604.0,1
4591.0,39
47961.0,6
4683.0,30
4927.0,33
4844.0,29
4695.0,26
13905.0,7
1734.0,2
4830.0,28
4981.0,32
423.0,2
21472.0,8
4857.0,27
4869.0,33
4963.0,29
20990.0,6
18881.0,2
45484.0,3
63786.0,2
4785.0,32
4611.0,34
20859.0,2
24447.0,2
16842.0,2
3032.0,7
3029.0,7
1368.0,2
41029.0,2
21112.0,6
4652.0,35
557.0,2
20179.0,2
22159.0,3
20865.0,8
58007.0,13
43569.0,6
26998.0,2
53964.0,2
28392.0,10
4669.0,23
34795.0,3
15164.0,4
14596.0,2
36148.0,1
1460.0,4
32428.0,2
64518.0,2
62520.0,2
4083.0,16
31666.0,2
4879.0,30
59748.0,3
64958.0,2
57777.0,7
14614.0,2
3658.0,14
63292.0,2
54391.0,1
63848.0,2
32559.0,2
65295.0,6
4888.0,32
64970.0,3
4630.0,24
1032.0,9
4538.0,32
61887.0,2
4655.0,33
4509.0,35
4574.0,26
18946.0,2
65059.0,3
4986.0,27
4551.0,28
4699.0,35
4807.0,32
4594.0,25
4982.0,34
4903.0,29
4252.0,19
57806.0,6
34808.0,1
34788.0,2
50505.0,7
58376.0,2
16855.0,2
4576.0,28
28701.0,9
50241.0,11
17322.0,8
37500.0,2
36950.0,2
4690.0,33
37225.0,2
4935.0,28
40151.0,4
55647.0,2
18776.0,6
4686.0,28
4868.0,24
4687.0,32
41995.0,2
13347.0,2
45611.0,2
4883.0,23
63291.0,3
4872.0,35
13831.0,6
4952.0,39
26192.0,10
32432.0,2
27728.0,2
4976.0,31
27732.0,2
63240.0,4
22878.0,2
3976.0,19
62108.0,3
63860.0,2
14970.0,2
4613.0,33
36889.0,2
13746.0,1
49615.0,2
41955.0,2
4516.0,31
1699.0,5
4860.0,26
4711.0,33
4913.0,33
63830.0,2
63836.0,2
37277.0,2
45663.0,6
31214.0,2
22658.0,13
4559.0,37
18262.0,4
527.0,2
41091.0,2
4758.0,31
4599.0,29
3513.0,18
3439.0,2
47551.0,7
17348.0,2
35583.0,9
65172.0,2
4642.0,33
37633.0,2
4728.0,27
14752.0,2
4681.0,24
3453.0,8
17344.0,6
4578.0,32
31632.0,7
4776.0,34
12067.0,6
63432.0,2
4966.0,36
4677.0,32
4584.0,34
4925.0,31
43356.0,2
1647.0,10
4771.0,20
12905.0,8
4826.0,33
15510.0,2
41277.0,2
58006.0,12
4959.0,35
4796.0,22
4916.0,32
4685.0,24
4904.0,23
4754.0,36
26141.0,2
34379.0,2
56427.0,3
13891.0,2
22033.0,2
4612.0,30
41823.0,2
51147.0,2
4674.0,35
4665.0,36
57945.0,10
4654.0,31
4818.0,32
37867.0,2
14775.0,2
48960.0,5
4812.0,30
3672.0,17
29542.0,2
57103.0,2
29214.0,8
3601.0,18
4556.0,32
53854.0,2
25717.0,6
32346.0,2
36941.0,1
3615.0,19
4973.0,32
4597.0,33
4709.0,33
42815.0,2
31415.0,2
37675.0,2
42500.0,2
4579.0,32
4742.0,28
4738.0,29
39371.0,4
35575.0,3
26090.0,2
31308.0,8
12568.0,2
4723.0,35
4766.0,32
46693.0,9
4972.0,30
4748.0,32
63420.0,2
41329.0,2
4680.0,14
4749.0,30
60576.0,3
4657.0,24
4607.0,34
4542.0,24
4969.0,29
4694.0,24
4541.0,29
15799.0,1
4931.0,24
4970.0,31
4985.0,28
54451.0,2
4601.0,37
4929.0,36
48839.0,7
4901.0,29
150.0,2
39123.0,2
22138.0,5
4608.0,34
4653.0,31
53671.0,2
4692.0,32
4477.0,23
4861.0,31
4618.0,32
4907.0,30
22862.0,2
4042.0,27
37057.0,2
37619.0,2
4710.0,32
4789.0,39
28867.0,2
4858.0,33
2479.0,5
26215.0,2
4992.0,32
28252.0,2
48487.0,3
4725.0,32
62607.0,2
62701.0,2
62896.0,1
62810.0,1
4714.0,28
3989.0,22
22230.0,2
4536.0,28
4832.0,29
4772.0,32
4514.0,24
25469.0,3
52875.0,6
20148.0,2
4641.0,33
1682.0,8
4923.0,27
2782.0,2
4616.0,25
1798.0,8
54607.0,3
4937.0,30
4523.0,39
4808.0,42
12063.0,2
4676.0,25
4833.0,32
31814.0,4
4978.0,40
15330.0,2
44315.0,1
4980.0,30
21743.0,2
37967.0,4
63202.0,2
4865.0,16
4651.0,31
4691.0,32
4946.0,31
54673.0,2
4621.0,31
1821.0,6
3680.0,18
4820.0,31
19092.0,5
27582.0,12
60601.0,6
37103.0,8
4741.0,36
41791.0,2
61604.0,2
4684.0,32
4751.0,32
4991.0,27
4595.0,32
4726.0,35
4590.0,29
41833.0,2
50581.0,2
16005.0,3
22254.0,2
4955.0,35
4540.0,33
25071.0,3
4637.0,28
47207.0,6
27666.0,2
4964.0,30
4575.0,26
4922.0,31
40503.0,2
4769.0,28
4866.0,23
182.0,2
63468.0,2
4809.0,35
41673.0,8
4871.0,34
17375.0,2
4790.0,26
4525.0,32
4757.0,28
4605.0,32
62682.0,2
3565.0,19
4702.0,24
4862.0,34
62973.0,2
43681.0,2
4795.0,35
4977.0,30
4906.0,33
50909.0,2
12096.0,6
4374.0,12
4519.0,32
4837.0,24
4663.0,28
19146.0,2
4827.0,35
4920.0,28
4622.0,22
21847.0,2
16143.0,6
25196.0,3
892.0,2
28020.0,6
4799.0,33
348.0,2
52267.0,2
4967.0,31
4939.0,31
4867.0,34
4822.0,35
4570.0,31
4552.0,32
4353.0,23
13440.0,8
2752.0,2
4849.0,34
32445.0,7
31322.0,2
25413.0,3
4870.0,33
50822.0,3
41422.0,1
4560.0,18
4673.0,26
4889.0,17
14512.0,2
38128.0,8
52995.0,2
52808.0,2
34514.0,1
4513.0,31
62612.0,4
25379.0,7
51773.0,1
14099.0,2
49910.0,1
4682.0,30
58842.0,1
41908.0,1
43188.0,1
63239.0,4
4582.0,33
4781.0,32
4588.0,28
4983.0,20
4628.0,30
4942.0,42
56219.0,2
28750.0,2
4671.0,29
47917.0,6
18545.0,2
4831.0,31
4819.0,28
44610.0,1
63211.0,6
4958.0,28
4539.0,30
4989.0,32
46753.0,6
4885.0,35
4747.0,28
4745.0,28
43323.0,3
31623.0,2
4909.0,36
4512.0,26
4850.0,33
1715.0,5
4564.0,20
4990.0,30
56287.0,8
4632.0,31
4817.0,29
29855.0,2
35835.0,2
4739.0,30
4891.0,28
4598.0,33
4606.0,28
46909.0,6
4765.0,35
4987.0,38
22354.0,2
4957.0,32
46979.0,7
43565.0,7
4666.0,30
4884.0,25
23284.0,7
4668.0,31
39965.0,2
40328.0,4
4767.0,25
4679.0,30
22627.0,2
4854.0,31
31597.0,6
20394.0,2
58290.0,1
400.0,4
4735.0,33
40641.0,2
735.0,2
4770.0,33
34095.0,10
4698.0,19
4953.0,31
4667.0,32
49946.0,1
39299.0,2
29689.0,8
4924.0,31
2245.0,7
4563.0,37
19602.0,2
25445.0,3
4951.0,31
22232.0,2
4650.0,36
40941.0,2
4675.0,31
63427.0,6
37631.0,2
4880.0,47
49235.0,6
4938.0,31
26371.0,2
43502.0,2
31832.0,5
1346.0,2
58643.0,15
4517.0,23
4736.0,31
49481.0,2
15096.0,2
4547.0,31
4629.0,39
62382.0,2
41239.0,2
4825.0,30
26242.0,6
62236.0,2
22256.0,2
1211.0,5
60535.0,4
23125.0,9
54115.0,6
4930.0,30
23947.0,6
4926.0,33
23589.0,2
1313.0,12
65312.0,1
23734.0,1
14058.0,10
28378.0,2
30869.0,2
62112.0,1
4634.0,30
62098.0,1
4961.0,27
31807.0,4
62301.0,1
17972.0,1
43031.0,1
49921.0,1
62913.0,1
21030.0,1
29515.0,1
4794.0,28
32398.0,6
48857.0,7
4600.0,24
4768.0,24
18277.0,6
22038.0,2
37281.0,10
29669.0,6
25124.0,2
4815.0,33
4689.0,31
12187.0,11
22261.0,2
31675.0,3
18155.0,2
4753.0,30
39037.0,2
4811.0,28
4581.0,33
4801.0,35
12747.0,3
45051.0,2
4956.0,33
4816.0,31
47171.0,3
4394.0,20
4875.0,26
4645.0,30
4615.0,31
26163.0,2
14523.0,7
61346.0,4
4773.0,34
4571.0,34
4638.0,16
41849.0,2
2436.0,5
61318.0,2
2099.0,6
47621.0,6
19638.0,2
40281.0,2
4792.0,23
27777.0,5
42855.0,2
2348.0,2
1490.0,5
24823.0,8
37315.0,5
4609.0,33
4996.0,33
42231.0,2
4625.0,30
18768.0,7
4893.0,33
64967.0,9
4945.0,30
4529.0,32
59443.0,6
4573.0,31
4705.0,33
1114.0,9
3984.0,17
25431.0,3
50915.0,2
46945.0,6
54659.0,2
46375.0,7
4791.0,32
26319.0,2
46297.0,8
61055.0,3
32975.0,2
37335.0,4
1139.0,23
58742.0,2
54547.0,6
22457.0,6
25183.0,3
39111.0,4
4915.0,22
48991.0,6
45819.0,2
26525.0,4
4859.0,30
4974.0,20
4944.0,33
53199.0,10
4636.0,30
4603.0,32
34443.0,4
61159.0,2
116.0,2
4777.0,28
59999.0,2
62331.0,1
4704.0,32
3242.0,6
4979.0,22
37861.0,2
4797.0,30
22085.0,5
4647.0,30
21431.0,2
56448.0,3
35640.0,2
45765.0,1
42893.0,6
47193.0,6
39485.0,2
36038.0,3
4729.0,33
4688.0,32
55355.0,9
4596.0,31
35181.0,2
4882.0,32
4910.0,33
18144.0,2
22030.0,2
61385.0,6
48520.0,1
57084.0,3
300.0,3
4984.0,27
4720.0,32
37455.0,2
55335.0,2
4774.0,32
42447.0,2
4558.0,18
12449.0,8
63083.0,2
1283.0,14
14723.0,3
4851.0,33
31652.0,2
19481.0,2
4802.0,33
26610.0,2
4846.0,30
12936.0,2
41451.0,2
16283.0,2
64660.0,2
35305.0,6
4814.0,33
43573.0,2
14359.0,2
42154.0,2
44329.0,1
2138.0,2
57362.0,3
20252.0,2
28555.0,2
52773.0,2
4716.0,24
4722.0,31
54382.0,2
57688.0,1
4706.0,29
34501.0,1
34511.0,1
56110.0,3
34575.0,1
34583.0,1
34557.0,1
65163.0,2
58089.0,1
4649.0,32
14983.0,2
32980.0,1
47249.0,6
55648.0,4
4878.0,32
4764.0,31
41822.0,2
4501.0,30
49348.0,3
39436.0,6
33061.0,2
43617.0,1
17564.0,2
33535.0,2
589.0,2
65202.0,3
63287.0,7
42601.0,6
45375.0,6
4047.0,18
33873.0,2
62407.0,2
29770.0,2
65374.0,2
4881.0,33
13490.0,2
42984.0,3
25672.0,5
34561.0,2
23869.0,2
56895.0,2
25729.0,6
2792.0,8
25680.0,2
4793.0,29
4733.0,33
4813.0,30
42449.0,1
54681.0,2
36823.0,3
183.0,2
4633.0,33
56458.0,4
4898.0,20
39265.0,2
46887.0,6
31085.0,4
54731.0,11
26990.0,6
49199.0,2
41890.0,2
4806.0,34
4918.0,25
21596.0,4
35159.0,2
46239.0,6
2562.0,6
4756.0,41
25791.0,6
2145.0,3
53411.0,2
4803.0,22
62134.0,2
1808.0,5
12086.0,5
39007.0,5
46871.0,7
29262.0,7
4940.0,30
62032.0,2
19470.0,2
60108.0,1
47087.0,6
200.0,4
37291.0,4
4204.0,14
16046.0,2
20599.0,2
96.0,4
25441.0,4
62948.0,1
28319.0,6
2500.0,1
4887.0,35
24031.0,2
62740.0,2
29786.0,1
4580.0,31
53824.0,1
2451.0,3
16161.0,5
54097.0,2
12998.0,2
40327.0,2
39709.0,2
61006.0,2
31207.0,3
46027.0,3
42491.0,2
61534.0,6
39125.0,2
4508.0,27
49844.0,1
26772.0,2
31366.0,2
40337.0,2
32014.0,2
31520.0,4
35116.0,3
37503.0,2
56061.0,4
56682.0,2
56335.0,6
19200.0,5
58257.0,6
22086.0,5
12491.0,11
46760.0,1
20495.0,2
18502.0,2
60483.0,2
52300.0,1
2385.0,2
37930.0,7
41719.0,2
44048.0,1
61013.0,9
64538.0,10
59235.0,2
15168.0,2
22600.0,6
42473.0,2
13652.0,8
45061.0,6
61003.0,2
27926.0,2
20085.0,10
17687.0,2
36938.0,3
16231.0,2
58305.0,2
34469.0,2
55097.0,4
24187.0,2
46495.0,2
37256.0,3
13832.0,6
48661.0,6
57570.0,4
39729.0,2
57357.0,6
41877.0,4
20911.0,3
19552.0,2
19458.0,27
41981.0,2
60327.0,2
60677.0,6
50746.0,3
41633.0,2
28052.0,2
46073.0,8
47955.0,6
40027.0,2
3675.0,21
3685.0,16
2307.0,3
39819.0,2
19610.0,2
35802.0,1
20325.0,3
39997.0,2
48381.0,2
20832.0,6
2190.0,2
51955.0,2
49940.0,2
4345.0,24
50123.0,2
29242.0,6
49041.0,8
59763.0,1
15862.0,2
27359.0,4
49541.0,1
43879.0,1
61731.0,2
63307.0,1
25168.0,3
15986.0,8
683.0,2
49095.0,7
48296.0,1
41843.0,2
33465.0,12
29100.0,6
15400.0,9
42983.0,2
13602.0,2
2051.0,19
22916.0,2
63555.0,11
63249.0,3
50051.0,2
2050.0,4
2114.0,2
36173.0,2
49251.0,6
36451.0,1
51968.0,2
2228.0,8
45730.0,2
26338.0,2
17572.0,10
19392.0,6
56989.0,1
47969.0,6
27258.0,11
33618.0,3
44881.0,2
59902.0,1
3907.0,21
54587.0,1
51517.0,1
65320.0,2
22286.0,6
35473.0,8
27768.0,6
2815.0,3
32142.0,2
61471.0,3
60623.0,6
33859.0,2
13584.0,2
57163.0,8
57675.0,2
3910.0,27
25274.0,3
1225.0,6
3651.0,18
41149.0,2
25314.0,6
21623.0,6
49004.0,1
62783.0,10
49143.0,6
3623.0,16
29595.0,5
63135.0,2
43656.0,1
60999.0,6
64880.0,2
25787.0,7
47757.0,6
46183.0,2
17835.0,7
24707.0,2
37395.0,3
60743.0,2
63248.0,2
61202.0,10
49090.0,4
37299.0,2
41249.0,2
25383.0,6
37289.0,4
65007.0,3
211.0,6
26924.0,2
39563.0,2
37433.0,2
51173.0,2
3512.0,18
21946.0,2
17583.0,2
50603.0,3
62573.0,2
22760.0,2
54781.0,11
18516.0,7
64515.0,2
21181.0,2
25546.0,2
2111.0,9
22233.0,2
62471.0,2
839.0,2
32403.0,2
48967.0,6
4234.0,19
4174.0,19
44623.0,2
42959.0,2
3496.0,2
40427.0,2
33027.0,2
21171.0,2
22021.0,2
12643.0,2
34067.0,2
16510.0,2
26546.0,2
64288.0,2
54741.0,8
44084.0,2
35745.0,1
37677.0,2
59173.0,2
39963.0,2
48119.0,7
40520.0,8
18999.0,5
24.0,4
13784.0,4
25252.0,2
28346.0,6
19663.0,2
53151.0,2
27307.0,2
25851.0,2
49563.0,2
23979.0,3
40363.0,3
37733.0,2
26302.0,4
1334.0,8
35780.0,2
1307.0,2
37293.0,2
18063.0,4
37322.0,2
42485.0,1
15901.0,4
58507.0,3
64983.0,2
34639.0,2
21691.0,3
62372.0,1
63936.0,4
1843.0,5
34453.0,2
29283.0,1
45929.0,3
24520.0,3
4381.0,19
1980.0,2
23407.0,3
16216.0,2
16999.0,2
39885.0,2
47021.0,2
22679.0,3
44439.0,1
21357.0,4
3452.0,4
63896.0,2
62856.0,2
402.0,2
19983.0,11
53619.0,2
57311.0,3
28780.0,2
29699.0,2
41757.0,2
49711.0,1
53543.0,1
57245.0,1
14088.0,8
55699.0,2
43219.0,2
695.0,2
22991.0,3
56063.0,4
47523.0,2
29203.0,2
49081.0,8
18727.0,2
26866.0,1
29202.0,1
34465.0,2
49353.0,6
54399.0,2
64539.0,3
50598.0,1
52059.0,2
64882.0,2
48784.0,3
62949.0,1
65500.0,2
22202.0,2
34951.0,2
39131.0,2
14600.0,2
220.0,2
36881.0,2
63242.0,2
46543.0,6
1643.0,2
33651.0,2
61939.0,3
64981.0,2
18957.0,2
24050.0,2
51808.0,1
41097.0,2
41881.0,2
18827.0,9
52579.0,2
1743.0,2
64390.0,2
22445.0,6
64379.0,1
1543.0,2
3667.0,12
36673.0,2
27671.0,2
22731.0,3
64486.0,2
13735.0,2
41319.0,3
29089.0,1
51208.0,2
47517.0,6
50017.0,2
47280.0,1
22253.0,2
46517.0,6
1722.0,7
15138.0,1
39631.0,2
46963.0,2
16281.0,2
62563.0,2
22400.0,1
61102.0,12
17866.0,1
50570.0,2
26664.0,1
27088.0,2
51279.0,2
13989.0,1
65281.0,2
34531.0,1
40629.0,1
24493.0,1
29875.0,2
41743.0,2
65267.0,2
34414.0,1
27220.0,1
47119.0,3
52192.0,1
21223.0,3
29959.0,2
29803.0,2
15478.0,2
55890.0,5
64426.0,3
37693.0,2
63018.0,2
18363.0,3
45144.0,1
40885.0,2
13574.0,2
22243.0,4
45059.0,6
1943.0,2
64279.0,2
27614.0,2
17011.0,2
26631.0,2
40991.0,2
22003.0,4
36372.0,4
24246.0,2
57758.0,4
38835.0,2
62043.0,2
53515.0,2
23922.0,2
53359.0,2
30546.0,2
54711.0,2
64364.0,2
2253.0,6
21096.0,2
43867.0,1
39987.0,2
22274.0,3
31290.0,9
31772.0,4
31833.0,5
61734.0,1
29179.0,3
45523.0,2
65531.0,5
17100.0,2
3630.0,19
63241.0,3
16491.0,2
39633.0,1
42219.0,3
28320.0,2
39087.0,2
43427.0,4
3210.0,2
13007.0,2
24244.0,2
23395.0,2
40113.0,3
28785.0,1
17952.0,2
60019.0,2
28763.0,2
63231.0,2
59339.0,3
2427.0,4
13881.0,2
22107.0,4
49183.0,2
50447.0,2
16446.0,4
37906.0,2
56781.0,2
21170.0,2
22227.0,2
41777.0,2
39373.0,2
40435.0,2
930.0,2
28757.0,1
62146.0,2
52273.0,2
3505.0,14
29304.0,2
2636.0,6
37757.0,2
41821.0,2
13410.0,2
51995.0,9
13980.0,2
36095.0,2
12801.0,3
53879.0,2
288.0,2
51071.0,2
4399.0,15
26600.0,2
33113.0,1
33207.0,1
33213.0,1
41481.0,4
55475.0,2
36001.0,2
33343.0,2
226.0,2
23152.0,3
13371.0,3
44465.0,8
41763.0,5
37821.0,7
40675.0,3
41051.0,2
1707.0,3
39735.0,2
22228.0,2
22342.0,2
14931.0,2
32864.0,2
39745.0,2
34422.0,1
64383.0,2
40971.0,3
48693.0,7
40349.0,2
177.0,2
60492.0,2
15782.0,1
39739.0,2
4126.0,17
43687.0,2
29646.0,2
45559.0,2
62028.0,4
22515.0,8
97.0,4
43923.0,1
39657.0,2
21263.0,2
30752.0,2
43843.0,3
53518.0,1
39309.0,2
25065.0,4
39727.0,2
35785.0,3
39749.0,2
34415.0,2
50993.0,5
23134.0,2
35559.0,4
40053.0,3
65468.0,3
59391.0,3
4152.0,20
57571.0,2
3664.0,21
28503.0,2
17416.0,2
39105.0,2
2180.0,2
60899.0,2
44181.0,2
27326.0,2
43635.0,3
40035.0,4
24811.0,2
40947.0,2
19414.0,2
558.0,2
18159.0,5
48908.0,1
2896.0,2
58611.0,3
62250.0,2
2622.0,6
56295.0,8
16894.0,2
35107.0,2
25411.0,3
64850.0,3
17635.0,2
22255.0,2
40769.0,2
22412.0,3
55830.0,2
63008.0,6
47533.0,6
25821.0,1
37251.0,2
21481.0,2
27352.0,2
23942.0,2
55396.0,1
27264.0,2
54693.0,1
50439.0,1
49241.0,6
19892.0,2
40646.0,2
17352.0,4
17362.0,2
29188.0,2
14307.0,2
64487.0,2
20614.0,2
3419.0,4
3598.0,22
3777.0,16
3788.0,21
3469.0,8
15846.0,2
58351.0,2
18218.0,2
12052.0,2
1756.0,2
63516.0,2
20688.0,2
63530.0,2
2929.0,7
35679.0,3
61282.0,1
14047.0,2
46381.0,6
35273.0,2
64902.0,1
62598.0,4
62268.0,2
45500.0,4
55803.0,2
65070.0,2
65074.0,2
39957.0,2
15681.0,2
26264.0,2
26254.0,2
26270.0,2
13714.0,2
65432.0,6
64164.0,2
63822.0,2
14726.0,2
4119.0,27
64684.0,2
24296.0,2
62095.0,3
40515.0,4
40381.0,2
25496.0,3
20169.0,2
64430.0,2
52423.0,3
65215.0,2
41545.0,3
61575.0,2
58073.0,2
17911.0,2
24396.0,4
63094.0,4
24386.0,2
24530.0,2
63120.0,2
63104.0,2
28162.0,4
24372.0,2
39803.0,2
47379.0,2
18119.0,2
18055.0,2
39417.0,2
59915.0,6
22712.0,2
47858.0,1
48783.0,3
28788.0,9
267.0,2
41519.0,2
2558.0,6
41859.0,2
39241.0,2
58819.0,3
44051.0,2
40379.0,2
24646.0,2
18382.0,2
51048.0,1
40763.0,2
35364.0,3
2144.0,2
2243.0,4
12563.0,2
63235.0,2
17158.0,2
35003.0,2
43470.0,1
2280.0,8
53186.0,1
27334.0,3
37789.0,3
49305.0,7
688.0,2
58403.0,2
29352.0,2
2743.0,4
14070.0,2
43311.0,1
37343.0,2
3570.0,23
62615.0,2
20109.0,2
19923.0,2
21329.0,11
42381.0,3
37909.0,2
29032.0,2
47043.0,7
36681.0,2
41557.0,2
12934.0,2
38675.0,2
63236.0,2
61056.0,3
63233.0,2
3532.0,18
243.0,2
51291.0,8
26816.0,2
58490.0,1
33963.0,2
34381.0,2
63967.0,2
59771.0,1
22249.0,3
34081.0,2
33037.0,2
23862.0,1
63460.0,2
63452.0,2
58715.0,2
39275.0,2
15607.0,2
20054.0,2
48409.0,1
36981.0,2
52787.0,2
45877.0,6
24546.0,4
22436.0,2
62085.0,1
19143.0,2
27369.0,3
32247.0,2
56846.0,3
54849.0,1
38153.0,2
2843.0,2
18519.0,3
686.0,2
25428.0,3
19626.0,2
49103.0,6
25491.0,3
2632.0,2
58601.0,5
64007.0,1
39507.0,2
3491.0,3
2414.0,2
63064.0,1
28544.0,1
62620.0,2
2217.0,6
50286.0,2
59101.0,6
14463.0,3
65164.0,1
16496.0,2
25436.0,6
37751.0,2
64569.0,1
65148.0,2
22036.0,2
46818.0,2
54801.0,3
50631.0,1
46371.0,5
29916.0,2
23005.0,2
15825.0,2
63795.0,1
22783.0,2
62794.0,2
53825.0,1
50041.0,1
50049.0,1
61229.0,1
61251.0,1
61257.0,1
53775.0,2
39049.0,2
2203.0,6
59287.0,3
13411.0,7
52887.0,1
12311.0,2
34847.0,2
62033.0,1
41431.0,2
41903.0,2
552.0,2
48055.0,2
3264.0,6
18249.0,2
14203.0,2
63479.0,1
2580.0,6
25730.0,2
63058.0,1
22360.0,2
44571.0,2
64836.0,2
53277.0,1
57371.0,1
53455.0,1
39805.0,3
64875.0,1
54354.0,2
15852.0,2
25227.0,2
61994.0,2
59187.0,1
36875.0,2
39059.0,2
1567.0,2
28083.0,7
31935.0,4
27723.0,3
32871.0,2
13631.0,3
25447.0,3
18109.0,4
33662.0,1
25955.0,2
40577.0,2
21960.0,2
15763.0,2
39863.0,2
31883.0,2
50949.0,1
12981.0,2
20554.0,2
46229.0,6
4076.0,17
1546.0,2
29764.0,1
50145.0,1
51521.0,1
24190.0,4
41884.0,2
22037.0,2
19354.0,2
51283.0,1
65294.0,4
2143.0,2
31704.0,1
1085.0,2
41255.0,2
29335.0,3
12081.0,2
64896.0,2
40512.0,1
65010.0,2
33414.0,3
13372.0,2
12888.0,6
56076.0,4
48847.0,6
39281.0,4
61438.0,2
890.0,2
56547.0,1
51429.0,1
28994.0,2
2777.0,2
64657.0,2
53632.0,2
224.0,2
53759.0,1
56411.0,1
46911.0,2
63190.0,11
55499.0,1
31933.0,3
26179.0,1
61025.0,1
51591.0,2
20582.0,2
20651.0,2
1182.0,2
26027.0,5
64422.0,6
56599.0,1
35353.0,7
24936.0,2
1565.0,6
40411.0,2
63139.0,1
12087.0,6
18282.0,6
58511.0,1
2643.0,2
59081.0,2
20358.0,6
18935.0,3
59279.0,1
62234.0,2
63112.0,2
21760.0,6
25894.0,2
16595.0,2
35573.0,2
51399.0,6
62007.0,1
55049.0,2
3545.0,16
20703.0,2
26118.0,2
36932.0,1
12846.0,2
13362.0,2
35435.0,6
31363.0,3
55384.0,2
16210.0,2
16218.0,2
13787.0,2
2652.0,2
3980.0,22
53099.0,2
14464.0,1
64048.0,1
27160.0,7
21948.0,2
22015.0,2
22277.0,2
64232.0,2
3919.0,26
18484.0,2
18474.0,2
25127.0,3
63462.0,4
55003.0,3
64548.0,1
20706.0,2
22939.0,2
39053.0,2
16335.0,2
62508.0,4
4236.0,18
22582.0,2
16696.0,2
22598.0,2
28912.0,2
57351.0,1
2123.0,5
62504.0,2
48471.0,2
63886.0,1
319.0,2
50753.0,1
16936.0,2
41611.0,3
62459.0,3
62377.0,1
45085.0,6
27746.0,2
48355.0,2
20838.0,3
37683.0,2
2438.0,7
62664.0,3
51733.0,10
12127.0,2
31702.0,2
24702.0,2
24704.0,2
15218.0,2
48159.0,3
15562.0,2
13798.0,2
64806.0,2
64798.0,2
60691.0,2
16886.0,7
2970.0,8
13589.0,2
31398.0,3
26683.0,1
12132.0,3
49303.0,2
14117.0,5
2998.0,3
28030.0,2
48131.0,553
18259.0,1
40501.0,2
48309.0,2
814.0,2
48627.0,2
52005.0,6
42581.0,2
47248.0,1
56999.0,2
3597.0,18
17198.0,2
19842.0,2
64810.0,2
22272.0,3
64582.0,2
29746.0,2
29762.0,2
41465.0,2
42020.0,1
65410.0,2
19866.0,2
4404.0,15
24998.0,2
27099.0,2
22446.0,6
63772.0,2
41857.0,2
19507.0,2
55075.0,3
32803.0,4
31472.0,2
47407.0,7
15206.0,2
37362.0,2
37756.0,2
16324.0,2
30895.0,2
37938.0,2
61506.0,2
56167.0,2
55984.0,1
63232.0,2
37669.0,2
24289.0,2
27260.0,2
62272.0,2
19247.0,2
32010.0,5
22968.0,2
14950.0,2
25878.0,2
53001.0,9
37070.0,1
13581.0,2
25370.0,3
39481.0,3
22283.0,3
17452.0,2
54081.0,2
20262.0,2
22590.0,2
13802.0,2
56757.0,2
47839.0,1
13808.0,2
13816.0,2
20248.0,2
33287.0,4
53723.0,2
3571.0,21
42162.0,1
22754.0,2
23846.0,2
12781.0,2
31949.0,6
35055.0,2
1523.0,4
19195.0,2
62988.0,2
19847.0,6
42699.0,2
50807.0,5
22130.0,2
25337.0,4
33781.0,2
61873.0,2
52007.0,5
62879.0,2
63060.0,1
36003.0,2
23823.0,2
20808.0,2
54347.0,2
20391.0,2
3529.0,16
37995.0,2
18122.0,2
57881.0,2
28659.0,3
19767.0,2
1274.0,2
39983.0,2
32985.0,2
39621.0,2
17271.0,2
24135.0,2
50803.0,5
1846.0,2
46925.0,7
14898.0,2
41041.0,4
58997.0,1
61738.0,2
2629.0,2
16814.0,1
35675.0,1
2954.0,13
24552.0,2
41361.0,2
12071.0,2
63358.0,1
2800.0,6
19444.0,5
47675.0,7
60773.0,2
56416.0,1
41667.0,2
48788.0,1
42323.0,2
41285.0,2
39367.0,2
46755.0,2
20118.0,2
60067.0,4
63247.0,2
39733.0,2
54039.0,6
64851.0,2
65136.0,1
14091.0,5
41830.0,4
22236.0,2
711.0,2
51523.0,5
4361.0,18
53255.0,2
63237.0,2
39061.0,2
55093.0,1
4336.0,14
22660.0,1
16647.0,10
4027.0,17
4146.0,19
25569.0,4
25570.0,4
25563.0,4
25561.0,5
4365.0,18
22740.0,2
4055.0,15
64481.0,2
2125.0,2
37007.0,2
4287.0,15
33311.0,2
41395.0,2
26925.0,7
42647.0,2
4088.0,14
61344.0,2
47845.0,7
63243.0,2
35523.0,2
4231.0,15
63655.0,2
44415.0,2
4113.0,14
20963.0,2
4151.0,17
64604.0,2
33188.0,1
33214.0,1
35887.0,3
4296.0,13
4062.0,12
31948.0,9
12058.0,2
12177.0,2
62228.0,2
28347.0,2
41749.0,2
61016.0,2
22940.0,6
47399.0,6
22908.0,2
45713.0,7
15546.0,2
55300.0,1
57156.0,1
15378.0,6
4393.0,15
19250.0,2
4228.0,17
4425.0,17
4397.0,16
4371.0,13
49823.0,2
15904.0,2
2274.0,2
28085.0,5
4078.0,18
4315.0,17
4380.0,8
61036.0,9
27931.0,2
16978.0,1
39519.0,2
4254.0,17
27151.0,2
4297.0,16
15538.0,2
4177.0,16
2579.0,6
1030.0,5
4339.0,12
21044.0,2
4301.0,19
4223.0,13
57363.0,2
23410.0,2
23412.0,2
62832.0,2
12021.0,7
62932.0,2
58299.0,2
42283.0,2
12432.0,8
4372.0,14
1519.0,6
34481.0,2
47823.0,6
4245.0,18
4198.0,16
4360.0,15
39303.0,2
4163.0,15
4314.0,14
4342.0,17
4459.0,16
20135.0,2
33911.0,2
40819.0,2
4075.0,13
4218.0,20
39339.0,2
22004.0,2
4149.0,17
4349.0,17
25150.0,3
55873.0,2
4340.0,12
4130.0,16
4230.0,18
28451.0,2
15867.0,3
48679.0,2
18778.0,7
4383.0,15
63075.0,2
4171.0,12
4203.0,14
43260.0,3
61679.0,3
4251.0,16
4378.0,12
4048.0,16
4357.0,16
4474.0,12
18792.0,2
4262.0,12
4424.0,14
4280.0,8
22013.0,2
4109.0,18
4158.0,15
33339.0,3
4082.0,11
4354.0,16
4261.0,16
2664.0,2
55464.0,2
36023.0,42
12315.0,4
54773.0,2
39381.0,3
3350.0,5
24911.0,5
4232.0,12
3936.0,12
31443.0,12
25275.0,3
4233.0,15
1208.0,4
4420.0,18
63032.0,2
4283.0,18
34327.0,2
40981.0,2
4367.0,14
57727.0,2
44935.0,2
4375.0,19
823.0,2
4189.0,11
4268.0,16
4294.0,16
487.0,2
48183.0,1
4350.0,19
4317.0,17
63130.0,2
52475.0,2
32752.0,2
23900.0,7
37607.0,3
485.0,3
4069.0,18
4237.0,12
4128.0,14
43063.0,11
34691.0,2
41059.0,3
620.0,4
2919.0,2
29581.0,2
4169.0,16
4178.0,17
4241.0,10
4379.0,15
17112.0,2
4347.0,17
4196.0,12
4239.0,12
3081.0,10
18415.0,2
4030.0,14
4423.0,14
47987.0,6
46881.0,2
17088.0,2
4312.0,12
22126.0,8
14827.0,2
63028.0,2
65111.0,2
4359.0,16
50291.0,2
25187.0,3
4164.0,11
1223.0,6
3800.0,22
36007.0,2
37439.0,2
4387.0,16
29674.0,2
1306.0,7
4193.0,17
62147.0,3
12800.0,4
28.0,2
15815.0,2
4156.0,17
452.0,2
37001.0,1
45715.0,2
60891.0,2
28775.0,6
4049.0,14
4220.0,14
36204.0,1
4167.0,23
2806.0,2
34.0,2
36005.0,2
55973.0,2
4249.0,16
56009.0,2
4111.0,19
49177.0,2
19452.0,2
4056.0,18
41755.0,2
4358.0,19
4185.0,16
1842.0,2
23199.0,2
4166.0,18
52339.0,2
4173.0,17
49643.0,1
4303.0,23
16998.0,2
34667.0,2
27562.0,2
23355.0,2
4253.0,18
23709.0,2
4187.0,11
39369.0,2
3922.0,16
4286.0,15
4068.0,16
4139.0,16
4271.0,15
4325.0,15
4168.0,18
34963.0,2
4209.0,17
4259.0,18
50609.0,6
4386.0,15
33273.0,2
4395.0,14
41325.0,2
21360.0,4
4373.0,16
4161.0,14
25332.0,3
4364.0,14
4094.0,18
4323.0,17
12472.0,11
39671.0,2
21542.0,2
43479.0,3
4421.0,13
4382.0,14
4326.0,15
26583.0,8
4121.0,16
64860.0,2
45767.0,3
2523.0,5
29420.0,2
4079.0,16
891.0,2
64258.0,2
3822.0,23
52401.0,6
4376.0,16
50135.0,3
27255.0,2
27619.0,2
27213.0,2
31354.0,2
3514.0,16
50498.0,1
20107.0,3
4335.0,15
4275.0,17
62562.0,1
4429.0,19
4053.0,8
60927.0,2
4141.0,15
25600.0,3
22800.0,3
4337.0,10
64249.0,7
39651.0,3
21800.0,3
20700.0,3
63343.0,2
4213.0,14
39575.0,2
24760.0,2
2088.0,5
2124.0,7
27197.0,6
19874.0,2
4385.0,14
23293.0,2
4281.0,12
58975.0,2
16127.0,3
4269.0,12
15149.0,6
4272.0,13
4058.0,13
665.0,2
42223.0,2
19606.0,8
31359.0,2
4057.0,16
56087.0,2
65329.0,6
19493.0,2
50863.0,3
62938.0,2
4276.0,17
13546.0,2
4257.0,20
15435.0,1
17457.0,1
35351.0,2
4279.0,14
4270.0,17
4180.0,12
15941.0,2
46035.0,1
62981.0,2
12085.0,5
16704.0,2
43739.0,2
52839.0,3
39317.0,2
12047.0,2
64298.0,2
3099.0,2
4065.0,14
13852.0,4
4260.0,15
49049.0,2
4285.0,14
12689.0,2
3304.0,2
29690.0,2
4309.0,17
40963.0,2
62848.0,2
246.0,3
4308.0,16
1864.0,2
4277.0,17
2381.0,5
36879.0,2
15383.0,2
63881.0,2
18785.0,1
65519.0,1
3336.0,2
4186.0,13
4099.0,24
17406.0,2
20652.0,2
2790.0,2
19693.0,2
53239.0,3
26055.0,8
3359.0,4
20459.0,2
4205.0,10
25467.0,3
4194.0,16
35315.0,2
4191.0,15
4110.0,16
32078.0,2
23484.0,10
44296.0,2
21736.0,2
16697.0,1
46187.0,6
64727.0,10
4182.0,14
14619.0,2
4208.0,15
64632.0,2
606.0,2
12531.0,3
1889.0,6
64400.0,2
55681.0,2
4295.0,16
24232.0,2
22217.0,2
77.0,2
49459.0,2
4391.0,15
24205.0,7
4129.0,19
61325.0,2
15008.0,4
36979.0,2
4206.0,10
4179.0,17
14695.0,2
56973.0,2
15919.0,2
57589.0,2
3563.0,22
39287.0,2
4238.0,15
47786.0,2
39551.0,2
4255.0,14
61416.0,2
4362.0,17
39375.0,2
27491.0,7
51487.0,2
28956.0,2
59719.0,7
63244.0,2
42819.0,2
64035.0,2
25764.0,2
64437.0,2
4207.0,15
20715.0,6
39443.0,4
55907.0,3
37761.0,2
4183.0,17
33177.0,2
4398.0,16
56079.0,2
4384.0,16
39195.0,2
62982.0,2
4216.0,14
49724.0,1
56068.0,3
64590.0,2
24562.0,2
24162.0,1
39213.0,2
58981.0,2
24150.0,1
24176.0,1
2607.0,2
4327.0,16
54982.0,5
28418.0,2
4313.0,12
40485.0,2
4267.0,20
4031.0,12
16543.0,3
4127.0,10
25030.0,3
63234.0,2
42503.0,2
4105.0,15
4215.0,16
19473.0,2
4092.0,16
24478.0,1
63345.0,6
24518.0,1
19896.0,2
50429.0,2
4148.0,15
16810.0,2
4108.0,14
12151.0,3
47711.0,2
25077.0,3
49573.0,2
49655.0,1
62928.0,2
44149.0,1
4278.0,12
3511.0,18
18675.0,2
4061.0,19
26572.0,2
4352.0,18
4290.0,10
57259.0,3
58230.0,2
46891.0,1
60339.0,1
60271.0,2
60311.0,1
60337.0,1
43256.0,1
4034.0,18
57547.0,7
51387.0,1
25401.0,3
4137.0,14
4266.0,19
4116.0,16
60775.0,1
36139.0,1
32611.0,2
41345.0,3
62737.0,6
17280.0,2
27782.0,2
25094.0,4
34587.0,2
63762.0,2
4256.0,17
47795.0,3
20581.0,2
195.0,4
43947.0,3
27398.0,2
18148.0,2
40451.0,2
18162.0,2
61790.0,2
4086.0,19
56099.0,2
63082.0,2
36199.0,2
25983.0,8
64433.0,2
4304.0,12
19701.0,2
51191.0,2
16922.0,2
15626.0,3
4162.0,17
4363.0,19
19112.0,2
33131.0,2
25026.0,3
4452.0,16
19930.0,2
2127.0,2
4097.0,16
20919.0,2
56035.0,2
37923.0,2
61250.0,2
29338.0,2
4351.0,14
25604.0,2
32030.0,2
4131.0,16
22452.0,2
53684.0,1
36923.0,2
4348.0,19
56041.0,2
13452.0,2
4227.0,18
56049.0,2
56037.0,2
48003.0,2
4263.0,20
4114.0,15
56051.0,2
14030.0,2
14044.0,2
14046.0,4
23482.0,2
23492.0,2
23504.0,2
18996.0,2
4310.0,12
23516.0,7
4087.0,19
65114.0,2
49927.0,2
28734.0,2
56047.0,2
62963.0,2
21795.0,2
46527.0,6
59539.0,2
675.0,2
50382.0,1
29301.0,2
28191.0,2
57787.0,2
37561.0,2
17912.0,2
4054.0,21
4107.0,15
3328.0,6
3104.0,2
63041.0,2
62900.0,2
17791.0,2
39119.0,2
64903.0,2
52255.0,1
20250.0,2
27758.0,2
17962.0,2
4175.0,14
65173.0,2
57491.0,8
4199.0,17
59199.0,2
61235.0,2
63059.0,2
65475.0,2
45871.0,2
64142.0,1
64158.0,1
3534.0,20
40563.0,2
44259.0,2
4299.0,12
4074.0,15
53931.0,2
4071.0,12
61245.0,2
45923.0,2
31561.0,5
56013.0,2
56083.0,2
13995.0,2
32943.0,1
36303.0,3
19746.0,2
36243.0,1
47665.0,1
50549.0,1
36397.0,2
26883.0,2
4221.0,23
27016.0,2
57503.0,2
52775.0,1
27354.0,2
63863.0,3
4217.0,15
39509.0,2
58707.0,1
13782.0,2
44981.0,2
4051.0,16
4289.0,18
64591.0,2
62906.0,4
55805.0,2
55702.0,1
4195.0,20
56739.0,2
4292.0,15
19351.0,2
4138.0,17
62343.0,1
61232.0,2
34297.0,1
39247.0,2
31238.0,4
56081.0,2
2867.0,3
44068.0,1
4240.0,14
32865.0,1
22012.0,2
59009.0,12
16077.0,2
3585.0,16
64181.0,2
23994.0,1
42266.0,1
48361.0,2
42108.0,1
47093.0,1
47655.0,1
52385.0,1
36006.0,2
21814.0,2
4140.0,15
59167.0,1
4134.0,14
58713.0,2
4305.0,16
31714.0,1
20183.0,2
2334.0,4
64435.0,5
17829.0,2
55892.0,1
4067.0,13
4302.0,10
45714.0,1
17006.0,1
15423.0,1
56075.0,3
56027.0,2
30656.0,2
34988.0,1
54474.0,1
1507.0,2
35238.0,1
41597.0,2
4226.0,16
60275.0,2
28178.0,4
4355.0,15
3451.0,2
41261.0,2
41885.0,2
54207.0,10
20066.0,2
4319.0,12
1680.0,4
17799.0,2
26560.0,2
20174.0,2
65300.0,2
59807.0,2
4392.0,20
25395.0,3
4135.0,15
46081.0,2
63079.0,2
32455.0,2
48845.0,1
32893.0,1
23579.0,1
2650.0,2
53495.0,1
65139.0,1
1894.0,1
28704.0,2
25050.0,6
4122.0,17
2363.0,4
28669.0,8
37711.0,2
62036.0,2
26616.0,2
4412.0,14
36471.0,2
57981.0,2
4089.0,14
20886.0,2
17381.0,2
14671.0,2
31903.0,5
26669.0,1
19542.0,3
2831.0,2
18346.0,2
25200.0,3
57623.0,2
55420.0,2
58273.0,2
14146.0,2
32548.0,2
41783.0,2
20490.0,2
18021.0,2
63029.0,2
64331.0,2
14838.0,8
58355.0,1
54243.0,2
33235.0,2
62791.0,2
64934.0,2
53765.0,2
16469.0,1
33990.0,1
63759.0,2
44851.0,1
45509.0,2
20400.0,1
24001.0,2
371.0,2
18623.0,3
22203.0,2
2653.0,2
56091.0,2
44998.0,8
19723.0,1
41663.0,2
51383.0,3
40539.0,2
4258.0,16
16527.0,2
63581.0,2
27203.0,2
58309.0,1
41495.0,2
35723.0,1
36647.0,2
51227.0,2
26853.0,2
20731.0,2
12647.0,2
12645.0,2
18798.0,2
64431.0,2
56039.0,2
48073.0,2
63846.0,2
29543.0,2
39043.0,2
28870.0,2
12492.0,2
56142.0,2
45413.0,1
45525.0,1
45689.0,1
32022.0,1
31534.0,4
31965.0,1
32324.0,1
32270.0,1
34899.0,2
31502.0,2
39347.0,2
16189.0,2
31051.0,4
28429.0,6
21025.0,26
56031.0,2
65198.0,2
53443.0,2
64439.0,2
47483.0,3
31996.0,1
60129.0,2
49219.0,2
28048.0,2
35367.0,3
31013.0,8
17071.0,6
61181.0,2
64436.0,2
12813.0,2
62956.0,2
48460.0,2
58061.0,2
44563.0,2
35396.0,1
61211.0,2
22403.0,2
18956.0,2
55439.0,3
56981.0,2
62170.0,3
41365.0,2
65378.0,2
13564.0,2
51668.0,1
33281.0,2
1881.0,2
56761.0,2
29392.0,2
55567.0,2
19611.0,2
40291.0,4
28831.0,2
42431.0,2
58573.0,2
37987.0,2
36667.0,2
63726.0,1
63036.0,2
3599.0,18
41221.0,2
3282.0,2
60479.0,2
61247.0,2
57909.0,1
17007.0,2
22119.0,7
54433.0,3
24271.0,2
22207.0,2
35731.0,2
62621.0,1
12764.0,2
61551.0,1
37911.0,2
22564.0,2
41391.0,2
65301.0,2
60475.0,2
39319.0,2
64434.0,2
62911.0,2
22681.0,1
626.0,4
20796.0,2
31379.0,1
57605.0,2
35531.0,2
59986.0,1
2563.0,2
44381.0,2
59207.0,2
23183.0,1
61781.0,2
56003.0,2
28308.0,2
54019.0,1
24409.0,2
20693.0,2
37527.0,1
32393.0,1
61238.0,3
57989.0,1
20346.0,2
31134.0,5
15636.0,1
23180.0,1
19183.0,1
121.0,2
31098.0,2
32835.0,2
44343.0,2
31272.0,3
2515.0,2
32281.0,2
15968.0,1
31442.0,3
31343.0,2
48912.0,1
31715.0,2
42264.0,1
31063.0,3
31056.0,4
47337.0,7
45675.0,2
41337.0,2
31822.0,2
20197.0,1
31411.0,2
56073.0,2
31525.0,2
41197.0,2
22128.0,2
51419.0,2
61249.0,2
28895.0,2
14481.0,2
47282.0,2
22237.0,2
31817.0,2
1514.0,2
31104.0,2
39679.0,2
31357.0,2
53979.0,1
31590.0,4
31604.0,2
33735.0,1
31458.0,3
62165.0,1
45667.0,2
59001.0,10
53969.0,1
49780.0,1
61137.0,1
29395.0,1
14352.0,2
59007.0,11
61106.0,2
31809.0,4
1148.0,2
31788.0,2
36009.0,2
31470.0,2
27952.0,2
60619.0,1
48745.0,2
55390.0,2
32114.0,2
31204.0,3
31097.0,3
15030.0,2
31674.0,2
55939.0,1
3983.0,16
17095.0,1
61732.0,2
3837.0,14
31198.0,3
63033.0,2
31465.0,3
56005.0,2
3839.0,16
31069.0,2
3949.0,15
41343.0,2
3786.0,18
3945.0,14
31830.0,3
27446.0,2
31226.0,4
31808.0,3
3991.0,17
61244.0,2
1345.0,2
22201.0,1
2435.0,4
16412.0,2
3789.0,16
58135.0,2
26680.0,4
62412.0,2
25493.0,2
3770.0,14
31231.0,2
56067.0,2
31062.0,2
3913.0,14
27104.0,2
55014.0,6
54910.0,1
52911.0,1
25419.0,3
16087.0,4
31723.0,2
22281.0,2
31161.0,3
31232.0,2
29726.0,1
58473.0,2
31997.0,2
3968.0,17
18508.0,2
3769.0,14
58148.0,2
31341.0,2
63644.0,2
49847.0,3
31549.0,3
3709.0,16
15252.0,2
15046.0,2
56991.0,1
31531.0,2
41267.0,2
3829.0,16
57459.0,6
33913.0,1
29481.0,2
42565.0,2
28846.0,2
18197.0,2
25981.0,2
40699.0,2
16539.0,1
41069.0,2
1650.0,2
3792.0,18
31099.0,2
34373.0,2
31610.0,2
31167.0,3
3693.0,19
24727.0,1
38.0,2
26255.0,2
3908.0,17
3809.0,16
31845.0,3
3956.0,16
31377.0,1
3729.0,16
3608.0,16
31137.0,2
3967.0,14
45831.0,9
25946.0,2
37847.0,2
29464.0,2
52853.0,2
3965.0,16
3845.0,14
12094.0,2
3958.0,16
31466.0,2
31565.0,3
3990.0,17
584.0,2
31065.0,2
37954.0,2
22332.0,2
31367.0,1
31979.0,2
31614.0,3
37925.0,2
31718.0,2
22028.0,2
3752.0,17
54403.0,1
29004.0,2
3921.0,19
54581.0,2
25446.0,2
31490.0,2
31558.0,3
3939.0,16
54748.0,2
3993.0,20
3994.0,16
60071.0,2
16621.0,1
3955.0,14
3711.0,14
263.0,2
3849.0,14
3813.0,17
31392.0,2
3805.0,14
37715.0,2
18019.0,2
43279.0,2
1833.0,2
3755.0,16
3987.0,15
47022.0,2
31566.0,3
23110.0,2
20711.0,1
3741.0,16
3832.0,16
41603.0,2
39173.0,2
56085.0,2
3979.0,16
3484.0,6
53403.0,2
53445.0,2
53469.0,2
53497.0,2
53503.0,2
3705.0,16
3707.0,14
31070.0,2
31526.0,3
31976.0,2
3828.0,16
12812.0,2
60704.0,2
14066.0,4
62957.0,2
31197.0,2
31962.0,2
31540.0,3
3712.0,12
61032.0,2
3759.0,16
40357.0,2
31927.0,2
31163.0,2
41189.0,2
56043.0,2
42184.0,1
3923.0,19
3234.0,2
31917.0,3
31753.0,3
31448.0,4
56055.0,2
39437.0,2
3820.0,16
31304.0,3
3760.0,11
3896.0,12
37461.0,2
22213.0,2
1095.0,5
31091.0,4
3891.0,16
1190.0,3
3766.0,16
3912.0,18
20982.0,2
22247.0,2
56019.0,2
3966.0,16
3932.0,18
31909.0,3
31302.0,2
31796.0,2
45481.0,2
25369.0,4
61882.0,2
31126.0,2
3937.0,16
3902.0,17
3925.0,16
31966.0,4
65147.0,2
18696.0,1
31334.0,1
22008.0,2
31030.0,3
22059.0,7
12752.0,3
31431.0,2
31956.0,3
20530.0,2
61173.0,2
31991.0,3
31683.0,2
3895.0,19
31071.0,4
31396.0,2
31425.0,2
16083.0,2
3810.0,16
3981.0,16
63385.0,1
31847.0,2
56093.0,2
60767.0,1
14252.0,2
33721.0,1
56025.0,2
20076.0,3
3117.0,3
3814.0,17
39541.0,2
3825.0,14
41819.0,2
22018.0,2
3719.0,16
3728.0,15
31950.0,2
13462.0,2
55561.0,1
50027.0,2
37881.0,1
3710.0,19
31479.0,3
3537.0,18
15356.0,2
15362.0,2
25614.0,2
1117.0,2
34673.0,2
19588.0,2
19604.0,2
731.0,2
3926.0,17
28073.0,2
3948.0,16
31761.0,2
17945.0,2
31500.0,2
31494.0,3
31413.0,2
34078.0,1
31499.0,2
31143.0,3
20033.0,2
31488.0,3
15392.0,2
31108.0,2
60301.0,2
47817.0,1
53093.0,1
1076.0,2
3961.0,16
31579.0,4
3992.0,16
56069.0,2
3985.0,14
31755.0,2
31378.0,2
3519.0,18
15052.0,2
56029.0,2
32546.0,2
31067.0,3
3742.0,15
31390.0,2
22104.0,2
2893.0,2
63012.0,2
22029.0,3
2709.0,2
2716.0,2
31195.0,2
31224.0,2
3450.0,2
3988.0,15
31201.0,2
31793.0,11
3720.0,19
41411.0,2
31223.0,2
31798.0,2
18716.0,2
154.0,2
727.0,2
46069.0,1
63964.0,3
41847.0,2
37916.0,1
3853.0,16
31251.0,3
13785.0,2
26992.0,2
54515.0,1
31613.0,2
1951.0,2
31092.0,3
37765.0,2
31751.0,2
57689.0,1
56017.0,2
31851.0,2
40823.0,2
37143.0,2
31456.0,4
29252.0,2
136.0,2
31245.0,3
58045.0,8
61237.0,2
3970.0,14
31711.0,4
31139.0,3
39479.0,2
56065.0,2
56970.0,1
30723.0,2
31999.0,2
31767.0,2
30846.0,2
39305.0,2
56095.0,2
62996.0,2
40957.0,2
31889.0,2
22066.0,2
3930.0,14
31672.0,2
31453.0,2
3817.0,16
56015.0,2
52973.0,2
1052.0,2
31742.0,3
41047.0,2
31676.0,4
31421.0,4
2265.0,2
31252.0,3
41279.0,2
31839.0,2
40057.0,2
56105.0,2
3916.0,17
22219.0,2
31220.0,3
3239.0,7
31792.0,2
31216.0,3
28806.0,2
62873.0,2
31121.0,2
53864.0,1
58341.0,2
40877.0,2
65073.0,2
31643.0,3
56691.0,4
31230.0,2
31320.0,2
31812.0,3
31969.0,2
31641.0,4
3736.0,17
40977.0,2
31174.0,3
12648.0,2
3778.0,16
37917.0,2
3893.0,16
39449.0,2
3969.0,16
31594.0,2
31093.0,3
39677.0,2
58674.0,1
31455.0,3
31298.0,3
3744.0,14
31835.0,3
3996.0,17
31153.0,3
17046.0,2
31606.0,2
13974.0,2
51515.0,7
25132.0,4
37833.0,2
39311.0,2
22215.0,2
94.0,2
3963.0,16
14576.0,2
3974.0,17
63034.0,2
3444.0,8
24196.0,2
3818.0,16
3739.0,17
3960.0,15
31257.0,2
15281.0,2
3982.0,18
14500.0,2
1146.0,2
61240.0,2
31964.0,3
13783.0,2
31129.0,4
63980.0,4
63970.0,4
31450.0,2
19148.0,2
2148.0,2
31670.0,2
31816.0,2
31827.0,3
31986.0,2
57495.0,2
3059.0,3
3928.0,16
35311.0,1
31203.0,3
3906.0,16
3851.0,13
31123.0,2
55001.0,2
62492.0,1
3941.0,21
63713.0,1
60545.0,2
31624.0,2
30722.0,2
31781.0,2
31841.0,2
62930.0,3
31279.0,2
31605.0,2
31461.0,2
31182.0,2
31905.0,3
37903.0,2
19554.0,2
31946.0,2
32948.0,1
37425.0,1
20139.0,2
31327.0,2
40031.0,1
31496.0,2
31275.0,4
12291.0,3
56097.0,2
39921.0,2
31473.0,3
42053.0,2
36820.0,1
27597.0,1
63859.0,2
63879.0,2
63885.0,2
63898.0,2
63934.0,2
63913.0,2
63921.0,2
63943.0,2
63949.0,2
63961.0,2
63969.0,2
63977.0,2
3734.0,16
36405.0,1
36170.0,1
63088.0,2
56045.0,2
31870.0,3
41779.0,2
65373.0,2
62433.0,1
54669.0,1
19155.0,1
57961.0,1
25715.0,1
56071.0,2
56023.0,2
59091.0,1
56077.0,2
31911.0,2
61573.0,2
62985.0,2
3107.0,2
2460.0,1
31164.0,2
31775.0,3
2570.0,2
31740.0,2
64292.0,2
16222.0,2
31501.0,2
34049.0,1
31185.0,3
61236.0,2
31158.0,3
16292.0,2
41756.0,1
25048.0,2
25056.0,2
31934.0,2
60933.0,1
39915.0,2
65524.0,1
31281.0,3
21437.0,2
35909.0,3
40693.0,2
31607.0,4
37895.0,2
31892.0,2
31385.0,4
22231.0,2
31800.0,2
31854.0,2
31765.0,2
31150.0,2
52151.0,1
44001.0,7
31646.0,2
44793.0,1
63027.0,2
40685.0,2
31420.0,3
31684.0,2
40139.0,3
31656.0,2
39619.0,2
31292.0,2
31193.0,2
31543.0,3
31036.0,4
31819.0,2
15003.0,2
31730.0,2
31146.0,3
43441.0,1
31929.0,3
40133.0,2
31603.0,3
56881.0,1
39595.0,2
22208.0,2
20234.0,1
20966.0,2
20704.0,2
42089.0,1
39205.0,2
31957.0,2
62281.0,2
55531.0,1
40875.0,2
2373.0,2
31759.0,2
31705.0,3
46661.0,1
59181.0,2
61246.0,2
31118.0,3
15532.0,1
757.0,2
45163.0,1
17026.0,1
51381.0,2
40739.0,1
15988.0,1
44199.0,1
31980.0,3
31007.0,2
13614.0,1
31882.0,3
22250.0,2
320.0,2
22981.0,2
31771.0,2
46973.0,2
52835.0,2
45093.0,1
31746.0,2
31209.0,2
41195.0,2
31637.0,2
31391.0,2
12307.0,6
41231.0,2
25138.0,4
31975.0,3
31115.0,2
62488.0,1
53981.0,2
12555.0,3
16035.0,5
54193.0,2
44565.0,1
31393.0,2
31023.0,2
17954.0,2
61566.0,2
17008.0,2
22269.0,2
50127.0,1
31923.0,2
13636.0,1
27934.0,3
64310.0,1
25593.0,2
12299.0,2
31170.0,4
35335.0,1
15486.0,1
31627.0,2
31141.0,3
58675.0,1
33230.0,1
31464.0,2
31533.0,3
31517.0,3
31105.0,3
31649.0,2
31228.0,2
26022.0,1
31350.0,3
60091.0,2
23892.0,1
55361.0,1
40803.0,2
60867.0,1
1147.0,2
31615.0,2
16781.0,2
64173.0,2
12547.0,2
57016.0,1
46075.0,1
31029.0,3
21881.0,2
29220.0,2
31435.0,3
31498.0,2
31199.0,2
31998.0,3
31111.0,2
31963.0,3
42677.0,2
31655.0,4
31846.0,2
31058.0,4
58159.0,1
44052.0,1
31609.0,2
43369.0,1
18101.0,2
23933.0,2
13729.0,2
31048.0,3
25390.0,3
31109.0,3
31077.0,2
31784.0,3
31736.0,2
57096.0,1
31701.0,3
60473.0,2
31222.0,2
40727.0,2
31626.0,3
31064.0,2
31720.0,3
2512.0,2
42021.0,1
56988.0,2
31315.0,2
22577.0,2
31014.0,3
55235.0,2
55727.0,1
55461.0,1
55621.0,1
31591.0,3
29070.0,2
19284.0,2
31317.0,3
25199.0,3
61233.0,2
12034.0,2
31205.0,2
17382.0,2
41801.0,2
31187.0,3
62273.0,2
1836.0,2
20261.0,2
22957.0,1
31476.0,2
63778.0,2
37417.0,2
25507.0,2
40417.0,2
31580.0,4
37709.0,2
31690.0,3
31621.0,2
63337.0,2
40263.0,2
53157.0,2
33052.0,1
26934.0,2
31509.0,1
