@timestamp,ports
2025-07-24T22:04:53.000Z,"[22.0, 5900.0, 8880.0, 5901.0, 8443.0, 34439.0, 9091.0, 80.0, 8001.0, 3128.0, 4028.0, 4355.0, 33387.0, 443.0, 48649.0, 8554.0, 42572.0, 51128.0, 51142.0, 51112.0, 1135.0, 20086.0, 8164.0, 17000.0, 5748.0, 4330.0, 5060.0, 6629.0, 1433.0, 3716.0, 5909.0, 13559.0, 9200.0, 2113.0, 3389.0, 23.0, 51001.0, 26.0, 1232.0, nan, 3385.0, 11723.0, 51278.0, 9000.0, 36184.0, 7777.0, 16438.0, 50096.0, 5135.0, 27018.0, 21321.0, 54220.0, 54226.0, 4156.0, 8935.0, 54240.0, 54256.0, 89.0, 465.0, 4443.0, 9788.0, 8841.0, 8889.0, 1085.0, 221.0, 13708.0, 14919.0, 8852.0, 390.0, 9322.0, 12559.0, 19410.0, 54790.0, 33984.0, 6660.0, 40087.0, 5555.0, 3155.0, 52912.0, 12100.0, 57892.0, 63565.0, 21517.0, 389.0, 4549.0, 44368.0, 8083.0, 3156.0, 52448.0, 16439.0, 1212.0, 222.0, 9097.0, 10259.0, 1083.0, 46769.0, 8883.0, 5474.0, 52070.0, 52082.0, 2343.0, 6725.0, 65432.0, 6379.0, 25565.0, 14787.0, 40147.0, 12078.0, 7880.0, 9090.0, 2375.0, 14636.0, 60001.0, 5660.0, 41703.0, 11242.0, 42847.0, 83.0, 37848.0, 37850.0, 7899.0, 22824.0, 46943.0, 39098.0, 8728.0, 53631.0, 10248.0, 9704.0, 35628.0, 1443.0, 1080.0, 15037.0, 39472.0, 3518.0, 50501.0, 5269.0, 8230.0, 40668.0, 37398.0, 37412.0, 9299.0, 40656.0, 3390.0, 6036.0, 22844.0, 17102.0, 25.0, 46874.0, 50845.0, 636.0, 3052.0, 9002.0, 10443.0, 9565.0, 8663.0, 50010.0, 1763.0, 44350.0, 28729.0, 9943.0, 52196.0, 52190.0, 52208.0, 52212.0, 57146.0, 7351.0, 50752.0, 8698.0, 8898.0, 1147.0, 873.0, 16430.0, 3629.0, 13715.0, 9088.0, 10001.0, 14343.0, 58194.0, 37.0, 4730.0, 88.0, 5466.0, 24.0, 2376.0, 8030.0, 1222.0, 8026.0, 36714.0, 36684.0, 8321.0, 36702.0, 36696.0, 36728.0, 36726.0, 36738.0, 5985.0, 1025.0, 853.0, 2052.0, 33514.0, 8402.0, 11521.0, 47693.0, 58865.0, 4027.0, 941.0, 42300.0, 555.0, 63198.0, 7741.0, 119.0, 56890.0, 38988.0, 47029.0, 715.0, 20220.0, 9456.0, 8119.0, 1081.0, 5090.0, 8173.0, 9418.0, 28268.0, 8088.0, 63336.0, 38772.0, 38784.0, 38794.0, 38808.0, 38814.0, 38818.0, 8080.0, 39044.0, 4526.0, 37777.0, 25443.0, 51967.0, 58080.0, 591.0, 5353.0, 4360.0, 60022.0, 6662.0, 40045.0, 4896.0, 27302.0, 7547.0, 20201.0, 7549.0, 59804.0, 4359.0, 52640.0, 16431.0, 58112.0, 104.0, 5295.0, 5595.0, 21275.0, 58170.0, 8009.0, 46172.0, 771.0, 42575.0, 6012.0, 60716.0, 21594.0, 49912.0, 3978.0, 9334.0, 44818.0, 2211.0, 2956.0, 7997.0, 20298.0, 48300.0, 38634.0, 38630.0, 9301.0, 38636.0, 38638.0, 35972.0, 50067.0, 1911.0, 47990.0, 12006.0, 41014.0, 52247.0, 33389.0, 2001.0, 2196.0, 9984.0, 81.0, 40209.0, 49431.0, 2751.0, 50580.0, 5000.0, 16432.0, 51684.0, 51686.0, 11434.0, 30005.0, 4100.0, 9030.0, 33578.0, 33592.0, 427.0, 5704.0, 1723.0, 55102.0, 57425.0, 4544.0, 7000.0, 50016.0, 8082.0, 790.0, 28945.0, 63600.0, 9500.0, 513.0, 37215.0, 32908.0, 32902.0, 7999.0, 11610.0, 30918.0, 9509.0, 14353.0, 8015.0, 8025.0, 17001.0, 8024.0, 4696.0, 11037.0, 57003.0, 47533.0, 10019.0, 55537.0, 49404.0, 49786.0, 49418.0, 49778.0, 8008.0, 49800.0, 49266.0, 35780.0, 10966.0, 3621.0, 7363.0, 42640.0, 51443.0, 8115.0, 445.0, 42366.0, 10105.0, 20000.0, 9538.0, 33792.0, 26000.0, 33890.0, 59348.0, 16433.0, 17774.0, 11425.0, 8250.0, 802.0, 10801.0, 42560.0, 42568.0, 47016.0, 47020.0, 47042.0, 47066.0, 47032.0, 2525.0, 47054.0, 47090.0, 39648.0, 39652.0, 47082.0, 52871.0, 57002.0, 1146.0, 1583.0, 57320.0, 17443.0, 46276.0, 46292.0, 46304.0, 52150.0, 46318.0, 32903.0, 4914.0, 8089.0, 11022.0, 20050.0, 4393.0, 55443.0, 367.0, 8087.0, 9443.0, 1004.0, 32894.0, 44436.0, 40218.0, 36002.0, 2205.0, 54968.0, 44354.0, 449.0, 1371.0, 9430.0, 9020.0, 53090.0, 16434.0, 23389.0, 49100.0, 49112.0, 49114.0, 1991.0, 47146.0, 36443.0, 49126.0, 35652.0, 35654.0, 35670.0, 56120.0, 11609.0, 30028.0, 9444.0, 139.0, 53026.0, 41520.0, 3998.0, 45102.0, 995.0, 16425.0, 1111.0, 44798.0, 60826.0, 8873.0, 16839.0, 64719.0, 45239.0, 5986.0, 48284.0, 12500.0, 1883.0, 45343.0, 9306.0, 43276.0, 9298.0, 3783.0, 18080.0, 2000.0, 38393.0, 49041.0, 35625.0, 50001.0, 3388.0, 2762.0, 47198.0, 3699.0, 17112.0, 9633.0, 1024.0, 1740.0, 47683.0, 7800.0, 52442.0, 8333.0, 9627.0, 22022.0, 6443.0, 55712.0, 7070.0, 82.0, 8159.0]"
2025-07-24T22:06:50.000Z,"[8443.0, 22.0, 5901.0, 5900.0, 8004.0, 8880.0, 3768.0, 8159.0, 700.0, 6667.0, 7474.0, 10261.0, 47758.0, 8088.0, 41703.0, 9091.0, 48649.0, 1135.0, 33387.0, 4355.0, 51300.0, 8554.0, 443.0, 45834.0, 27017.0, 80.0, 3128.0, 4028.0, 42572.0, 51128.0, 51142.0, 8001.0, 51112.0, 34439.0, 20086.0, 8164.0, 17000.0, 5748.0, 4330.0, 5060.0, 6629.0, 1433.0, 3716.0, 5909.0, 13559.0, 9200.0, 2113.0, 3389.0, 23.0, 51001.0, 26.0, 1232.0, nan, 16438.0, 3385.0, 11723.0, 51278.0, 9000.0, 36184.0, 7777.0, 50096.0, 5135.0, 465.0, 27018.0, 21321.0, 54220.0, 54226.0, 4156.0, 8935.0, 54240.0, 54256.0, 4443.0, 9788.0, 8841.0, 8889.0, 1085.0, 221.0, 13708.0, 14919.0, 8852.0, 390.0, 89.0, 9322.0, 12559.0, 19410.0, 54790.0, 33984.0, 6660.0, 40087.0, 5555.0, 389.0, 4549.0, 44368.0, 8083.0, 3156.0, 3155.0, 52448.0, 16439.0, 52912.0, 12100.0, 57892.0, 63565.0, 21517.0, 9097.0, 1212.0, 25565.0, 222.0, 10259.0, 1083.0, 46769.0, 8883.0, 5474.0, 52070.0, 52082.0, 2343.0, 6725.0, 65432.0, 14787.0, 40147.0, 6379.0, 7880.0, 9090.0, 2375.0, 14636.0, 12078.0, 60001.0, 5660.0, 11242.0, 42847.0, 83.0, 37848.0, 37850.0, 7899.0, 8728.0, 53631.0, 10248.0, 9704.0, 35628.0, 22824.0, 46943.0, 39098.0, 1443.0, 3390.0, 1080.0, 15037.0, 39472.0, 3518.0, 50501.0, 5269.0, 9002.0, 6036.0, 8230.0, 40668.0, 37398.0, 37412.0, 9299.0, 40656.0, 22844.0, 17102.0, 25.0, 46874.0, 50845.0, 636.0, 3052.0, 50752.0, 9565.0, 8663.0, 50010.0, 1763.0, 10443.0, 14343.0, 9088.0, 8698.0, 8898.0, 1147.0, 44350.0, 28729.0, 9943.0, 52196.0, 52190.0, 52208.0, 52212.0, 57146.0, 7351.0, 873.0, 16430.0, 3629.0, 13715.0, 10001.0, 4730.0, 88.0, 58194.0, 5466.0, 24.0, 37.0, 5985.0, 1025.0, 8026.0, 8030.0, 853.0, 2376.0, 1222.0, 36714.0, 36684.0, 8321.0, 36702.0, 36696.0, 36728.0, 36726.0, 36738.0, 2052.0, 33514.0, 8402.0, 11521.0, 47693.0, 58865.0, 4027.0, 941.0, 42300.0, 555.0, 63198.0, 7741.0, 119.0, 56890.0, 38988.0, 47029.0, 715.0, 20220.0, 9456.0, 8119.0, 1081.0, 5090.0, 38772.0, 38784.0, 38794.0, 38808.0, 38814.0, 38818.0, 8173.0, 9418.0, 28268.0, 63336.0, 60022.0, 8080.0, 39044.0, 4526.0, 37777.0, 25443.0, 51967.0, 58080.0, 591.0, 5353.0, 4360.0, 16431.0, 6662.0, 40045.0, 4896.0, 27302.0, 7547.0, 20201.0, 7549.0, 771.0, 58112.0, 104.0, 5295.0, 5595.0, 59804.0, 4359.0, 52640.0, 21275.0, 42575.0, 58170.0, 8009.0, 46172.0, 6012.0, 60716.0, 21594.0, 49912.0, 9334.0, 3978.0, 44818.0, 2211.0, 2956.0, 7997.0, 20298.0, 48300.0, 38634.0, 38630.0, 9301.0, 38636.0, 38638.0, 35972.0, 50067.0, 1911.0, 47990.0, 12006.0, 41014.0, 2196.0, 2001.0, 9984.0, 81.0, 52247.0, 33389.0, 40209.0, 49431.0, 2751.0, 50580.0, 5000.0, 16432.0, 51684.0, 51686.0, 11434.0, 30005.0, 4100.0, 9030.0, 32908.0, 33578.0, 32902.0, 7999.0, 33592.0, 427.0, 5704.0, 1723.0, 55102.0, 57425.0, 4544.0, 7000.0, 50016.0, 8082.0, 790.0, 11610.0, 30918.0, 9509.0, 28945.0, 63600.0, 9500.0, 513.0, 37215.0, 14353.0, 8015.0, 8025.0, 17001.0, 8024.0, 4696.0, 11037.0, 57003.0, 47533.0, 10019.0, 55537.0, 49404.0, 49786.0, 49418.0, 49778.0, 8008.0, 49800.0, 49266.0, 35780.0, 10966.0, 3621.0, 7363.0, 42640.0, 445.0, 8115.0, 42366.0, 10105.0, 20000.0, 9538.0, 51443.0, 11425.0, 8250.0, 33792.0, 26000.0, 33890.0, 59348.0, 16433.0, 17774.0, 42560.0, 42568.0, 47016.0, 47020.0, 47042.0, 47066.0, 47032.0, 2525.0, 47054.0, 47090.0, 39648.0, 39652.0, 47082.0, 52871.0, 802.0, 10801.0, 17443.0, 46276.0, 46292.0, 46304.0, 52150.0, 46318.0, 32903.0, 57002.0, 1146.0, 1583.0, 57320.0, 4914.0, 8089.0, 11022.0, 20050.0, 4393.0, 55443.0, 367.0, 8087.0, 9443.0, 1004.0, 32894.0, 23389.0, 44436.0, 40218.0, 36002.0, 2205.0, 56120.0, 54968.0, 44354.0, 449.0, 1371.0, 9430.0, 9020.0, 53090.0, 16434.0, 49100.0, 49112.0, 49114.0, 1991.0, 47146.0, 36443.0, 49126.0, 35652.0, 35654.0, 35670.0, 11609.0, 30028.0, 9444.0, 139.0, 53026.0, 41520.0, 3998.0, 48284.0, 45102.0, 995.0, 16425.0, 1111.0, 44798.0, 60826.0, 8873.0, 16839.0, 64719.0, 18080.0, 45239.0, 5986.0, 3699.0, 12500.0, 1883.0, 45343.0, 9306.0, 43276.0, 9298.0, 3783.0, 2000.0, 38393.0, 49041.0, 35625.0, 50001.0, 3388.0, 2762.0, 47198.0, 1830.0, 13262.0, 11027.0, 115.0, 5018.0]"
2025-07-24T22:08:46.000Z,"[5900.0, 1086.0, 22.0, 5901.0, 9999.0, 36376.0, 16024.0, 9000.0, 619.0, 2892.0, 3264.0, 13546.0, 34567.0, 115.0, 7474.0, 789.0, 60001.0, 40039.0, 8443.0, 27017.0, 5555.0, 10261.0, 1830.0, 5018.0, 9322.0, 6667.0, 54464.0, 55216.0, 13262.0, 47758.0, 8080.0, 443.0, 11027.0, 41703.0, 44568.0, 80.0, 8880.0, 8004.0, 9091.0, 3768.0, 8159.0, 700.0, 8088.0, 34439.0, 48649.0, 1135.0, 33387.0, 4355.0, 51300.0, 8554.0, 45834.0, 3128.0, 4028.0, 42572.0, 51128.0, 51142.0, 8001.0, 51112.0, 3389.0, 20086.0, 8164.0, 17000.0, 5748.0, 4330.0, 5060.0, 6629.0, 1433.0, 3716.0, 5909.0, 13559.0, 9200.0, 2113.0, 23.0, 51001.0, 26.0, 1232.0, nan, 7777.0, 16438.0, 3385.0, 11723.0, 51278.0, 36184.0, 8935.0, 50096.0, 5135.0, 465.0, 27018.0, 21321.0, 54220.0, 54226.0, 4156.0, 54240.0, 54256.0, 8889.0, 4443.0, 9788.0, 8841.0, 1085.0, 221.0, 13708.0, 14919.0, 8852.0, 390.0, 89.0, 57892.0, 63565.0, 21517.0, 12559.0, 19410.0, 54790.0, 33984.0, 6660.0, 40087.0, 65432.0, 1083.0, 389.0, 4549.0, 44368.0, 8083.0, 3156.0, 3155.0, 52448.0, 16439.0, 52912.0, 12100.0, 9097.0, 1212.0, 25565.0, 222.0, 10259.0, 46769.0, 8883.0, 5474.0, 52070.0, 52082.0, 2343.0, 6725.0, 12078.0, 14787.0, 40147.0, 6379.0, 7880.0, 7899.0, 9090.0, 2375.0, 14636.0, 5660.0, 11242.0, 42847.0, 83.0, 37848.0, 37850.0, 15037.0, 8728.0, 53631.0, 10248.0, 9704.0, 35628.0, 22824.0, 46943.0, 39098.0, 1443.0, 3390.0, 1080.0, 39472.0, 3518.0, 50501.0, 5269.0, 9002.0, 6036.0, 8230.0, 40668.0, 37398.0, 37412.0, 9299.0, 40656.0, 22844.0, 17102.0, 25.0, 46874.0, 50845.0, 636.0, 3052.0, 7351.0, 50752.0, 9565.0, 8663.0, 50010.0, 1763.0, 10443.0, 8898.0, 9088.0, 10001.0, 14343.0, 8698.0, 1147.0, 44350.0, 28729.0, 9943.0, 52196.0, 52190.0, 52208.0, 52212.0, 57146.0, 873.0, 16430.0, 3629.0, 13715.0, 4730.0, 88.0, 58194.0, 5466.0, 24.0, 37.0, 63198.0, 5985.0, 1025.0, 8026.0, 8030.0, 853.0, 2376.0, 1222.0, 36714.0, 36684.0, 8321.0, 36702.0, 36696.0, 36728.0, 36726.0, 36738.0, 2052.0, 33514.0, 8402.0, 11521.0, 47693.0, 58865.0, 4027.0, 941.0, 42300.0, 555.0, 7741.0, 119.0, 56890.0, 38988.0, 63336.0, 47029.0, 715.0, 20220.0, 9456.0, 8119.0, 1081.0, 5090.0, 38772.0, 38784.0, 38794.0, 38808.0, 38814.0, 38818.0, 8173.0, 9418.0, 28268.0, 7549.0, 60022.0, 39044.0, 4526.0, 37777.0, 25443.0, 51967.0, 58080.0, 591.0, 5353.0, 4360.0, 16431.0, 6662.0, 40045.0, 4896.0, 27302.0, 7547.0, 20201.0, 771.0, 58112.0, 104.0, 5295.0, 5595.0, 59804.0, 4359.0, 52640.0, 21275.0, 42575.0, 58170.0, 8009.0, 46172.0, 6012.0, 60716.0, 35972.0, 21594.0, 49912.0, 44818.0, 9301.0, 9334.0, 3978.0, 2211.0, 2956.0, 7997.0, 20298.0, 48300.0, 38634.0, 38630.0, 38636.0, 38638.0, 52247.0, 50067.0, 1911.0, 47990.0, 12006.0, 41014.0, 9984.0, 2196.0, 2001.0, 81.0, 33389.0, 40209.0, 49431.0, 2751.0, 50580.0, 5000.0, 16432.0, 51684.0, 51686.0, 8082.0, 790.0, 11434.0, 30005.0, 4100.0, 9030.0, 37215.0, 32908.0, 33578.0, 32902.0, 7999.0, 33592.0, 427.0, 5704.0, 1723.0, 55102.0, 57425.0, 4544.0, 7000.0, 50016.0, 11610.0, 30918.0, 9509.0, 28945.0, 63600.0, 9500.0, 513.0, 14353.0, 8015.0, 8025.0, 17001.0, 8024.0, 4696.0, 11037.0, 57003.0, 47533.0, 10019.0, 55537.0, 49404.0, 49786.0, 49418.0, 49778.0, 8008.0, 49800.0, 49266.0, 35780.0, 10966.0, 3621.0, 7363.0, 42640.0, 445.0, 17774.0, 8115.0, 42366.0, 10105.0, 20000.0, 9538.0, 51443.0, 10801.0, 11425.0, 8250.0, 33792.0, 26000.0, 33890.0, 59348.0, 16433.0, 42560.0, 42568.0, 47016.0, 47020.0, 47042.0, 47066.0, 47032.0, 2525.0, 47054.0, 47090.0, 39648.0, 39652.0, 47082.0, 52871.0, 802.0, 8087.0, 17443.0, 46276.0, 46292.0, 46304.0, 52150.0, 46318.0, 32903.0, 57002.0, 1146.0, 1583.0, 57320.0, 4914.0, 8089.0, 11022.0, 20050.0, 4393.0, 55443.0, 367.0, 9443.0, 53090.0, 1004.0, 32894.0, 16434.0, 23389.0, 44436.0, 40218.0, 36002.0, 2205.0, 56120.0, 54968.0, 44354.0, 449.0, 1371.0, 9430.0, 9020.0, 49100.0, 49112.0, 49114.0, 1991.0, 47146.0, 36443.0, 49126.0, 35652.0, 35654.0, 35670.0, 3998.0, 11609.0, 30028.0, 9444.0, 139.0, 53026.0, 41520.0, 48284.0, 45102.0, 995.0, 16425.0, 1111.0, 44798.0, 60826.0, 8873.0, 16839.0, 38393.0, 64719.0, 18080.0, 45239.0, 5986.0, 16437.0, 1708.0, 9273.0, 9043.0, 8477.0]"
2025-07-24T22:10:41.000Z,"[22.0, 17001.0, 5900.0, 8999.0, 5901.0, 8443.0, 20001.0, 5432.0, 1080.0, 12250.0, 8080.0, 8083.0, 38262.0, 9043.0, 5222.0, 16437.0, 9999.0, 8477.0, 23.0, 443.0, 7474.0, 1708.0, 36376.0, 3264.0, 16024.0, 8888.0, 9273.0, 44568.0, 41703.0, 115.0, 789.0, 60001.0, 40039.0, 13546.0, 34567.0, 9000.0, 619.0, 2892.0, 1086.0, 27017.0, 5555.0, 10261.0, 1830.0, 5018.0, 9322.0, 6667.0, 54464.0, 55216.0, 13262.0, 47758.0, 11027.0, 45834.0, 80.0, 8880.0, 8004.0, 9091.0, 3768.0, 8159.0, 700.0, 8088.0, 8001.0, 34439.0, 48649.0, 1135.0, 33387.0, 4355.0, 51300.0, 8554.0, 1433.0, 3128.0, 4028.0, 42572.0, 51128.0, 51142.0, 51112.0, 3389.0, 20086.0, 8164.0, 17000.0, 5748.0, 4330.0, 5060.0, 6629.0, nan, 3716.0, 5909.0, 13559.0, 9200.0, 2113.0, 36184.0, 51001.0, 26.0, 1232.0, 7777.0, 16438.0, 3385.0, 11723.0, 51278.0, 8935.0, 50096.0, 5135.0, 89.0, 465.0, 27018.0, 21321.0, 54220.0, 54226.0, 4156.0, 54240.0, 54256.0, 40087.0, 8889.0, 4443.0, 9788.0, 8841.0, 1085.0, 221.0, 13708.0, 14919.0, 8852.0, 390.0, 52912.0, 12100.0, 57892.0, 63565.0, 21517.0, 12559.0, 19410.0, 54790.0, 33984.0, 6660.0, 2343.0, 6725.0, 65432.0, 1083.0, 389.0, 4549.0, 44368.0, 3156.0, 3155.0, 52448.0, 16439.0, 5474.0, 9097.0, 1212.0, 25565.0, 222.0, 10259.0, 46769.0, 8883.0, 52070.0, 52082.0, 12078.0, 14787.0, 40147.0, 6379.0, 7880.0, 7899.0, 9090.0, 2375.0, 14636.0, 46943.0, 39098.0, 5660.0, 11242.0, 42847.0, 83.0, 37848.0, 37850.0, 50501.0, 5269.0, 15037.0, 8728.0, 53631.0, 10248.0, 9704.0, 35628.0, 22824.0, 1443.0, 3390.0, 39472.0, 3518.0, 9002.0, 6036.0, 8230.0, 40668.0, 37398.0, 37412.0, 9299.0, 40656.0, 22844.0, 17102.0, 25.0, 46874.0, 50845.0, 636.0, 3052.0, 57146.0, 7351.0, 50752.0, 9565.0, 8663.0, 50010.0, 1763.0, 10443.0, 8898.0, 9088.0, 10001.0, 14343.0, 8698.0, 1147.0, 44350.0, 28729.0, 9943.0, 52196.0, 52190.0, 52208.0, 52212.0, 873.0, 16430.0, 3629.0, 13715.0, 36728.0, 36738.0, 5985.0, 2376.0, 4730.0, 88.0, 58194.0, 5466.0, 24.0, 37.0, 555.0, 63198.0, 1025.0, 8026.0, 8030.0, 853.0, 1222.0, 36714.0, 36684.0, 8321.0, 36702.0, 36696.0, 36726.0, 38988.0, 2052.0, 33514.0, 8402.0, 11521.0, 47693.0, 58865.0, 4027.0, 941.0, 42300.0, 7741.0, 119.0, 56890.0, 63336.0, 47029.0, 715.0, 20220.0, 9456.0, 8119.0, 1081.0, 5090.0, 38772.0, 38784.0, 38794.0, 38808.0, 38814.0, 38818.0, 8173.0, 9418.0, 28268.0, 7549.0, 60022.0, 39044.0, 4526.0, 37777.0, 25443.0, 51967.0, 58080.0, 591.0, 5353.0, 4360.0, 52640.0, 16431.0, 6662.0, 40045.0, 4896.0, 27302.0, 7547.0, 20201.0, 771.0, 58112.0, 104.0, 5295.0, 5595.0, 59804.0, 4359.0, 21275.0, 42575.0, 58170.0, 8009.0, 46172.0, 6012.0, 60716.0, 35972.0, 21594.0, 49912.0, 41014.0, 44818.0, 9301.0, 9334.0, 3978.0, 2211.0, 2956.0, 7997.0, 20298.0, 48300.0, 38634.0, 38630.0, 38636.0, 38638.0, 52247.0, 50067.0, 1911.0, 47990.0, 12006.0, 9984.0, 2196.0, 2001.0, 81.0, 33389.0, 51686.0, 40209.0, 49431.0, 2751.0, 50580.0, 5000.0, 16432.0, 51684.0, 50016.0, 7000.0, 8082.0, 790.0, 11434.0, 30005.0, 4100.0, 9030.0, 513.0, 37215.0, 32908.0, 33578.0, 32902.0, 7999.0, 33592.0, 427.0, 5704.0, 1723.0, 55102.0, 57425.0, 4544.0, 10019.0, 11610.0, 30918.0, 9509.0, 28945.0, 63600.0, 9500.0, 42640.0, 14353.0, 8015.0, 8025.0, 8024.0, 4696.0, 11037.0, 57003.0, 47533.0, 7363.0, 55537.0, 49404.0, 49786.0, 49418.0, 49778.0, 8008.0, 49800.0, 49266.0, 35780.0, 10966.0, 3621.0, 16433.0, 445.0, 17774.0, 8115.0, 42366.0, 10105.0, 20000.0, 9538.0, 51443.0, 10801.0, 11425.0, 8250.0, 33792.0, 26000.0, 33890.0, 59348.0, 1583.0, 42560.0, 42568.0, 47016.0, 47020.0, 47042.0, 47066.0, 47032.0, 2525.0, 47054.0, 47090.0, 39648.0, 39652.0, 47082.0, 52871.0, 802.0, 8087.0, 17443.0, 46276.0, 46292.0, 46304.0, 52150.0, 46318.0, 32903.0, 57002.0, 1146.0, 57320.0, 4914.0, 8089.0, 11022.0, 20050.0, 4393.0, 55443.0, 367.0, 36002.0, 9443.0, 9020.0, 53090.0, 1004.0, 32894.0, 16434.0, 23389.0, 44436.0, 40218.0, 9430.0, 2205.0, 56120.0, 54968.0, 44354.0, 449.0, 1371.0, 53026.0, 49100.0, 49112.0, 49114.0, 1991.0, 47146.0, 36443.0, 49126.0, 35652.0, 35654.0, 35670.0, 3998.0, 11609.0, 30028.0, 9444.0, 139.0, 8873.0, 16839.0, 41520.0, 13189.0, 8056.0]"
2025-07-24T22:12:33.000Z,"[5901.0, 5900.0, 22.0, 9100.0, 1433.0, 8080.0, 9044.0, 8056.0, 5300.0, 23.0, 34425.0, 27017.0, 13189.0, 8443.0, 8083.0, 34512.0, 12173.0, 8088.0, 8999.0, 17001.0, 8888.0, 42888.0, 5222.0, 5432.0, 9273.0, 9043.0, 16437.0, 20001.0, 1080.0, 12250.0, 38262.0, 1086.0, 9999.0, 8477.0, 443.0, 7474.0, 1708.0, 36376.0, 3264.0, 16024.0, 11027.0, 41703.0, 44568.0, 115.0, 789.0, 60001.0, 40039.0, 13546.0, 34567.0, 9000.0, 619.0, 2892.0, 5555.0, 10261.0, 1830.0, 5018.0, 9322.0, 6667.0, 54464.0, 55216.0, 13262.0, 47758.0, 45834.0, 80.0, 8880.0, 8004.0, 9091.0, 3768.0, 8159.0, 700.0, 4355.0, 51128.0, 51142.0, 8001.0, 51112.0, 34439.0, 48649.0, 1135.0, 33387.0, 51300.0, 8554.0, 6629.0, 3128.0, 4028.0, 42572.0, 3389.0, 20086.0, 8164.0, 17000.0, 5748.0, 4330.0, 5060.0, nan, 3716.0, 5909.0, 13559.0, 9200.0, 2113.0, 36184.0, 51001.0, 26.0, 1232.0, 7777.0, 16438.0, 3385.0, 11723.0, 51278.0, 5135.0, 54226.0, 4156.0, 8935.0, 54240.0, 54256.0, 50096.0, 465.0, 8852.0, 390.0, 89.0, 27018.0, 21321.0, 54220.0, 6660.0, 40087.0, 8889.0, 4443.0, 9788.0, 8841.0, 1085.0, 221.0, 13708.0, 14919.0, 3155.0, 52912.0, 12100.0, 57892.0, 63565.0, 21517.0, 12559.0, 19410.0, 54790.0, 33984.0, 2343.0, 6725.0, 65432.0, 1083.0, 389.0, 4549.0, 44368.0, 3156.0, 52448.0, 16439.0, 5474.0, 9097.0, 1212.0, 25565.0, 222.0, 10259.0, 46769.0, 8883.0, 52070.0, 52082.0, 12078.0, 14787.0, 40147.0, 6379.0, 7880.0, 7899.0, 9090.0, 2375.0, 14636.0, 46943.0, 39098.0, 5660.0, 11242.0, 42847.0, 83.0, 37848.0, 37850.0, 39472.0, 3518.0, 50501.0, 5269.0, 15037.0, 8728.0, 53631.0, 10248.0, 9704.0, 35628.0, 22824.0, 37398.0, 37412.0, 9299.0, 8230.0, 1443.0, 3390.0, 3052.0, 9002.0, 6036.0, 40668.0, 40656.0, 10443.0, 22844.0, 17102.0, 25.0, 46874.0, 50845.0, 636.0, 52196.0, 52190.0, 52208.0, 52212.0, 57146.0, 7351.0, 50752.0, 9565.0, 8663.0, 50010.0, 1763.0, 8898.0, 9088.0, 10001.0, 14343.0, 8698.0, 1147.0, 44350.0, 28729.0, 9943.0, 873.0, 16430.0, 3629.0, 13715.0, 36714.0, 36684.0, 8321.0, 36702.0, 36696.0, 36728.0, 36726.0, 36738.0, 5985.0, 2376.0, 4730.0, 88.0, 58194.0, 5466.0, 24.0, 37.0, 941.0, 42300.0, 47693.0, 555.0, 63198.0, 1025.0, 8026.0, 8030.0, 853.0, 1222.0, 38988.0, 2052.0, 33514.0, 8402.0, 11521.0, 58865.0, 4027.0, 7741.0, 119.0, 56890.0, 63336.0, 47029.0, 715.0, 20220.0, 9456.0, 8119.0, 1081.0, 5090.0, 4360.0, 38772.0, 38784.0, 38794.0, 38808.0, 38814.0, 38818.0, 8173.0, 9418.0, 28268.0, 20201.0, 7549.0, 60022.0, 39044.0, 4526.0, 37777.0, 25443.0, 51967.0, 58080.0, 591.0, 5353.0, 52640.0, 16431.0, 6662.0, 40045.0, 4896.0, 27302.0, 7547.0, 771.0, 58112.0, 104.0, 5295.0, 5595.0, 59804.0, 4359.0, 60716.0, 21275.0, 42575.0, 58170.0, 8009.0, 46172.0, 6012.0, 38634.0, 9301.0, 38636.0, 38638.0, 35972.0, 21594.0, 49912.0, 41014.0, 44818.0, 9334.0, 3978.0, 2211.0, 2956.0, 7997.0, 20298.0, 48300.0, 38630.0, 52247.0, 33389.0, 50067.0, 1911.0, 47990.0, 12006.0, 9984.0, 2196.0, 2001.0, 81.0, 16432.0, 51684.0, 51686.0, 40209.0, 49431.0, 2751.0, 50580.0, 5000.0, 7000.0, 50016.0, 8082.0, 790.0, 11434.0, 30005.0, 4100.0, 9030.0, 513.0, 37215.0, 32908.0, 33578.0, 32902.0, 7999.0, 33592.0, 427.0, 5704.0, 1723.0, 55102.0, 57425.0, 4544.0, 47533.0, 8024.0, 10019.0, 11610.0, 30918.0, 9509.0, 28945.0, 63600.0, 9500.0, 3621.0, 7363.0, 42640.0, 14353.0, 8015.0, 8025.0, 4696.0, 11037.0, 57003.0, 51443.0, 55537.0, 49404.0, 49786.0, 49418.0, 49778.0, 8008.0, 49800.0, 49266.0, 35780.0, 10966.0, 445.0, 33890.0, 59348.0, 16433.0, 17774.0, 8115.0, 42366.0, 10105.0, 20000.0, 9538.0, 802.0, 10801.0, 11425.0, 8250.0, 33792.0, 26000.0, 1146.0, 1583.0, 57320.0, 42560.0, 42568.0, 47016.0, 47020.0, 47042.0, 47066.0, 47032.0, 2525.0, 47054.0, 47090.0, 39648.0, 39652.0, 47082.0, 52871.0, 8087.0, 17443.0, 46276.0, 46292.0, 46304.0, 52150.0, 46318.0, 32903.0, 57002.0, 4914.0, 8089.0, 11022.0, 20050.0, 4393.0, 55443.0, 367.0, 36002.0, 9443.0, 9430.0, 9020.0, 53090.0, 1004.0, 32894.0, 16434.0, 23389.0, 44436.0, 40218.0, 2205.0, 56120.0, 54968.0, 44354.0, 449.0, 1371.0, 53026.0, 49100.0, 49112.0, 49114.0, 1991.0, 47146.0, 36443.0, 49126.0, 35652.0, 35654.0, 35670.0, 41706.0, 46307.0]"
2025-07-24T22:14:27.000Z,"[5900.0, 5901.0, 22.0, 9913.0, 8443.0, 9100.0, 3745.0, 8159.0, 54321.0, 23.0, 5235.0, 32968.0, 1087.0, 41706.0, 32980.0, 32996.0, 8908.0, 2375.0, 32962.0, 13189.0, 34512.0, 12173.0, 34425.0, 51390.0, 46307.0, 51394.0, 51408.0, 51416.0, 51418.0, 1433.0, 8083.0, 8088.0, 27017.0, 8056.0, 5300.0, 8080.0, 9044.0, 8999.0, 17001.0, 8888.0, 42888.0, 5222.0, 5432.0, 9273.0, 9043.0, 16437.0, 20001.0, 1080.0, 12250.0, 38262.0, 9000.0, 36376.0, 1086.0, 9999.0, 8477.0, 443.0, 7474.0, 1708.0, 3264.0, 16024.0, 47758.0, 11027.0, 41703.0, 44568.0, 115.0, 789.0, 60001.0, 40039.0, 13546.0, 34567.0, 619.0, 2892.0, 5555.0, 10261.0, 1830.0, 5018.0, 9322.0, 6667.0, 54464.0, 55216.0, 13262.0, 8554.0, 45834.0, 80.0, 8880.0, 8004.0, 9091.0, 3768.0, 700.0, 42572.0, 4355.0, 51128.0, 51142.0, 8001.0, 51112.0, 34439.0, 48649.0, 1135.0, 33387.0, 51300.0, 6629.0, 3128.0, 4028.0, 9200.0, 2113.0, 3389.0, 20086.0, 8164.0, 17000.0, 5748.0, 4330.0, 5060.0, 1232.0, nan, 3716.0, 5909.0, 13559.0, 36184.0, 51001.0, 26.0, 7777.0, 16438.0, 3385.0, 11723.0, 51278.0, 5135.0, 54220.0, 54226.0, 4156.0, 8935.0, 54240.0, 54256.0, 50096.0, 465.0, 14919.0, 8852.0, 390.0, 89.0, 27018.0, 21321.0, 12559.0, 6660.0, 40087.0, 8889.0, 4443.0, 9788.0, 8841.0, 1085.0, 221.0, 13708.0, 3155.0, 52912.0, 12100.0, 57892.0, 63565.0, 21517.0, 19410.0, 54790.0, 33984.0, 5474.0, 52070.0, 52082.0, 2343.0, 6725.0, 65432.0, 1083.0, 389.0, 4549.0, 44368.0, 3156.0, 52448.0, 16439.0, 6379.0, 10259.0, 9097.0, 1212.0, 25565.0, 222.0, 46769.0, 8883.0, 12078.0, 14787.0, 40147.0, 37848.0, 37850.0, 7880.0, 7899.0, 9090.0, 14636.0, 22824.0, 46943.0, 39098.0, 5660.0, 11242.0, 42847.0, 83.0, 39472.0, 3518.0, 50501.0, 5269.0, 15037.0, 8728.0, 53631.0, 10248.0, 9704.0, 35628.0, 40668.0, 37398.0, 37412.0, 9299.0, 40656.0, 8230.0, 1443.0, 3390.0, 3052.0, 9002.0, 6036.0, 10443.0, 22844.0, 17102.0, 25.0, 46874.0, 50845.0, 636.0, 9943.0, 52196.0, 52190.0, 52208.0, 52212.0, 57146.0, 7351.0, 50752.0, 9565.0, 8663.0, 50010.0, 1763.0, 8898.0, 9088.0, 10001.0, 14343.0, 8698.0, 1147.0, 44350.0, 28729.0, 37.0, 873.0, 16430.0, 3629.0, 13715.0, 8030.0, 1222.0, 8026.0, 36714.0, 36684.0, 8321.0, 36702.0, 36696.0, 36728.0, 36726.0, 36738.0, 5985.0, 2376.0, 4730.0, 88.0, 58194.0, 5466.0, 24.0, 47693.0, 58865.0, 4027.0, 941.0, 42300.0, 555.0, 63198.0, 1025.0, 853.0, 38988.0, 2052.0, 33514.0, 8402.0, 11521.0, 5090.0, 8119.0, 7741.0, 119.0, 56890.0, 28268.0, 63336.0, 47029.0, 715.0, 20220.0, 9456.0, 1081.0, 5353.0, 4360.0, 38772.0, 38784.0, 38794.0, 38808.0, 38814.0, 38818.0, 8173.0, 9418.0, 20201.0, 7549.0, 60022.0, 39044.0, 4526.0, 37777.0, 25443.0, 51967.0, 58080.0, 591.0, 4359.0, 52640.0, 16431.0, 6662.0, 40045.0, 4896.0, 27302.0, 7547.0, 46172.0, 771.0, 58112.0, 104.0, 5295.0, 5595.0, 59804.0, 60716.0, 21275.0, 42575.0, 58170.0, 8009.0, 6012.0, 48300.0, 38634.0, 38630.0, 9301.0, 38636.0, 38638.0, 35972.0, 21594.0, 49912.0, 12006.0, 41014.0, 44818.0, 9334.0, 3978.0, 2211.0, 2956.0, 7997.0, 20298.0, 52247.0, 33389.0, 50067.0, 1911.0, 47990.0, 9984.0, 2196.0, 2001.0, 81.0, 50580.0, 16432.0, 51684.0, 51686.0, 40209.0, 49431.0, 2751.0, 4100.0, 5000.0, 7000.0, 50016.0, 8082.0, 790.0, 11434.0, 30005.0, 9030.0, 513.0, 37215.0, 32908.0, 33578.0, 32902.0, 7999.0, 33592.0, 427.0, 5704.0, 1723.0, 55102.0, 57425.0, 4544.0, 57003.0, 47533.0, 8024.0, 10019.0, 11610.0, 30918.0, 9509.0, 28945.0, 63600.0, 9500.0, 10966.0, 3621.0, 7363.0, 42640.0, 14353.0, 8015.0, 8025.0, 4696.0, 11037.0, 51443.0, 55537.0, 49404.0, 49786.0, 49418.0, 49778.0, 8008.0, 49800.0, 49266.0, 35780.0, 445.0, 33890.0, 59348.0, 16433.0, 17774.0, 8115.0, 42366.0, 10105.0, 20000.0, 9538.0, 802.0, 10801.0, 11425.0, 8250.0, 33792.0, 26000.0, 57002.0, 52871.0, 1146.0, 1583.0, 57320.0, 42560.0, 42568.0, 47016.0, 47020.0, 47042.0, 47066.0, 47032.0, 2525.0, 47054.0, 47090.0, 39648.0, 39652.0, 47082.0, 4393.0, 367.0, 8087.0, 17443.0, 46276.0, 46292.0, 46304.0, 52150.0, 46318.0, 32903.0, 4914.0, 8089.0, 11022.0, 20050.0, 55443.0, 36002.0, 9443.0, 9430.0, 9020.0, 53090.0, 1004.0, 32894.0, 16434.0, 23389.0, 44436.0, 40218.0, 5800.0, 10250.0, 25001.0, 214.0, 5037.0, 20122.0, 85.0]"
2025-07-24T22:16:24.000Z,"[5900.0, 5901.0, 22.0, 14443.0, 3289.0, 8031.0, 20122.0, 2380.0, 45283.0, 68.0, 5800.0, 57008.0, 54738.0, 1080.0, 23443.0, 60443.0, 8004.0, 3745.0, 3768.0, 7956.0, 11684.0, 8443.0, 85.0, 1433.0, 25001.0, 5037.0, 6629.0, 214.0, 8159.0, 10250.0, 8080.0, 50528.0, 46307.0, 1087.0, 5235.0, 9100.0, 23.0, 54321.0, 9913.0, 32962.0, 32968.0, 41706.0, 32980.0, 32996.0, 8908.0, 2375.0, 13189.0, 34512.0, 12173.0, 34425.0, 51390.0, 51394.0, 51408.0, 51416.0, 51418.0, 8083.0, 8088.0, 27017.0, 8056.0, 5300.0, 9044.0, 8999.0, 17001.0, 8888.0, 42888.0, 5222.0, 5432.0, 36376.0, 9273.0, 9043.0, 16437.0, 20001.0, 12250.0, 38262.0, 16024.0, 9000.0, 1086.0, 9999.0, 8477.0, 443.0, 7474.0, 1708.0, 3264.0, 13262.0, 47758.0, 11027.0, 41703.0, 44568.0, 115.0, 789.0, 60001.0, 40039.0, 13546.0, 34567.0, 619.0, 2892.0, 5555.0, 10261.0, 1830.0, 5018.0, 9322.0, 6667.0, 54464.0, 55216.0, 8554.0, 45834.0, 80.0, 8880.0, 9091.0, 700.0, 42572.0, 4355.0, 51128.0, 51142.0, 8001.0, 51112.0, 34439.0, 48649.0, 1135.0, 33387.0, 51300.0, 3128.0, 4028.0, 9200.0, 2113.0, 3389.0, 20086.0, 8164.0, 17000.0, 5748.0, 4330.0, 5060.0, 1232.0, nan, 3716.0, 5909.0, 13559.0, 36184.0, 51001.0, 26.0, 7777.0, 16438.0, 3385.0, 11723.0, 51278.0, 27018.0, 21321.0, 5135.0, 54220.0, 54226.0, 4156.0, 8935.0, 54240.0, 54256.0, 50096.0, 465.0, 14919.0, 8852.0, 390.0, 89.0, 12559.0, 6660.0, 40087.0, 8889.0, 4443.0, 9788.0, 8841.0, 1085.0, 221.0, 13708.0, 16439.0, 3155.0, 52912.0, 12100.0, 57892.0, 63565.0, 21517.0, 19410.0, 54790.0, 33984.0, 1083.0, 5474.0, 52070.0, 52082.0, 2343.0, 6725.0, 65432.0, 389.0, 4549.0, 44368.0, 3156.0, 52448.0, 40147.0, 6379.0, 10259.0, 9097.0, 1212.0, 25565.0, 222.0, 46769.0, 8883.0, 12078.0, 14787.0, 83.0, 37848.0, 37850.0, 7880.0, 7899.0, 9090.0, 14636.0, 22824.0, 46943.0, 39098.0, 5660.0, 11242.0, 42847.0, 39472.0, 3518.0, 50501.0, 5269.0, 15037.0, 8728.0, 53631.0, 10248.0, 9704.0, 35628.0, 8230.0, 40668.0, 37398.0, 37412.0, 9299.0, 40656.0, 1443.0, 3390.0, 3052.0, 9002.0, 6036.0, 1763.0, 10443.0, 22844.0, 17102.0, 25.0, 46874.0, 50845.0, 636.0, 9943.0, 52196.0, 52190.0, 52208.0, 52212.0, 57146.0, 7351.0, 50752.0, 9565.0, 8663.0, 50010.0, 8898.0, 9088.0, 10001.0, 14343.0, 8698.0, 1147.0, 44350.0, 28729.0, 24.0, 58194.0, 37.0, 873.0, 16430.0, 3629.0, 13715.0, 8030.0, 1222.0, 8026.0, 36714.0, 36684.0, 8321.0, 36702.0, 36696.0, 36728.0, 36726.0, 36738.0, 5985.0, 2376.0, 4730.0, 88.0, 5466.0, 11521.0, 47693.0, 58865.0, 4027.0, 941.0, 42300.0, 555.0, 63198.0, 1025.0, 853.0, 38988.0, 2052.0, 33514.0, 8402.0, 5090.0, 8119.0, 7741.0, 119.0, 56890.0, 28268.0, 63336.0, 47029.0, 715.0, 20220.0, 9456.0, 1081.0, 5353.0, 4360.0, 38772.0, 38784.0, 38794.0, 38808.0, 38814.0, 38818.0, 8173.0, 9418.0, 27302.0, 7547.0, 20201.0, 7549.0, 60022.0, 39044.0, 4526.0, 37777.0, 25443.0, 51967.0, 58080.0, 591.0, 4359.0, 52640.0, 16431.0, 6662.0, 40045.0, 4896.0, 46172.0, 771.0, 58112.0, 104.0, 5295.0, 5595.0, 59804.0, 6012.0, 60716.0, 21275.0, 42575.0, 58170.0, 8009.0, 20298.0, 48300.0, 38634.0, 38630.0, 9301.0, 38636.0, 38638.0, 35972.0, 21594.0, 49912.0, 12006.0, 41014.0, 44818.0, 9334.0, 3978.0, 2211.0, 2956.0, 7997.0, 52247.0, 33389.0, 50067.0, 1911.0, 47990.0, 9984.0, 2196.0, 2001.0, 81.0, 50580.0, 16432.0, 51684.0, 51686.0, 40209.0, 49431.0, 2751.0, 9030.0, 4100.0, 5000.0, 57425.0, 7000.0, 50016.0, 8082.0, 790.0, 11434.0, 30005.0, 9500.0, 513.0, 37215.0, 32908.0, 33578.0, 32902.0, 7999.0, 33592.0, 427.0, 5704.0, 1723.0, 55102.0, 4544.0, 11037.0, 57003.0, 47533.0, 8024.0, 10019.0, 11610.0, 30918.0, 9509.0, 28945.0, 63600.0, 55537.0, 10966.0, 3621.0, 7363.0, 42640.0, 14353.0, 8015.0, 8025.0, 4696.0, 51443.0, 49404.0, 49786.0, 49418.0, 49778.0, 8008.0, 49800.0, 49266.0, 35780.0, 445.0, 26000.0, 33890.0, 59348.0, 16433.0, 17774.0, 8115.0, 42366.0, 10105.0, 20000.0, 9538.0, 802.0, 10801.0, 11425.0, 8250.0, 33792.0, 57002.0, 52871.0, 1146.0, 1583.0, 57320.0, 42560.0, 42568.0, 47016.0, 47020.0, 47042.0, 47066.0, 47032.0, 2525.0, 47054.0, 47090.0, 39648.0, 39652.0, 47082.0, 55443.0, 4393.0, 367.0, 8087.0, 17443.0, 46276.0, 46292.0, 46304.0, 52150.0, 46318.0, 32903.0, 4914.0, 8089.0, 11022.0, 20050.0, 16436.0, 7609.0, 6666.0, 29015.0, 10738.0, 3422.0]"
2025-07-24T22:18:18.000Z,"[22.0, 6036.0, 80.0, 5900.0, 47108.0, 50294.0, 50306.0, 9000.0, 5901.0, 45283.0, 2247.0, 45584.0, 5399.0, 639.0, 8443.0, 4302.0, 1433.0, 8180.0, 2078.0, 11434.0, 50270.0, 50284.0, 50278.0, 29015.0, 14443.0, 3289.0, 59516.0, 6666.0, 16436.0, 25.0, 2380.0, 60443.0, 10738.0, 3422.0, 7609.0, 8080.0, 37758.0, 37762.0, 7956.0, 11684.0, 20122.0, 8031.0, 85.0, 68.0, 5800.0, 57008.0, 54738.0, 1080.0, 23443.0, 8004.0, 3745.0, 3768.0, 50528.0, 25001.0, 5037.0, 6629.0, 214.0, 8159.0, 10250.0, 9913.0, 46307.0, 1087.0, 5235.0, 9100.0, 23.0, 54321.0, 32962.0, 32968.0, 41706.0, 32980.0, 32996.0, 8908.0, 2375.0, 51394.0, 51408.0, 51416.0, 51418.0, 13189.0, 34512.0, 12173.0, 34425.0, 51390.0, 8056.0, 5300.0, 9044.0, 8083.0, 8088.0, 27017.0, 38262.0, 8999.0, 17001.0, 8888.0, 42888.0, 5222.0, 5432.0, 36376.0, 3264.0, 16024.0, 9273.0, 9043.0, 16437.0, 20001.0, 12250.0, 619.0, 2892.0, 1086.0, 9999.0, 8477.0, 443.0, 7474.0, 1708.0, 10261.0, 13262.0, 47758.0, 11027.0, 41703.0, 44568.0, 115.0, 789.0, 60001.0, 40039.0, 13546.0, 34567.0, 5555.0, 1830.0, 5018.0, 9322.0, 6667.0, 54464.0, 55216.0, 51300.0, 48649.0, 8554.0, 45834.0, 8880.0, 9091.0, 700.0, 42572.0, 4355.0, 51128.0, 51142.0, 8001.0, 51112.0, 34439.0, 1135.0, 33387.0, 4330.0, 5060.0, 3128.0, 4028.0, 9200.0, 2113.0, 3389.0, 20086.0, 8164.0, 17000.0, 5748.0, 51001.0, 26.0, 1232.0, nan, 3716.0, 5909.0, 13559.0, 51278.0, 36184.0, 11723.0, 7777.0, 16438.0, 3385.0, 27018.0, 21321.0, 5135.0, 54220.0, 54226.0, 4156.0, 8935.0, 54240.0, 54256.0, 50096.0, 1085.0, 13708.0, 465.0, 14919.0, 8852.0, 390.0, 89.0, 54790.0, 12559.0, 6660.0, 40087.0, 8889.0, 4443.0, 9788.0, 8841.0, 221.0, 3156.0, 3155.0, 52448.0, 16439.0, 52912.0, 12100.0, 57892.0, 63565.0, 21517.0, 19410.0, 33984.0, 10259.0, 1083.0, 46769.0, 8883.0, 5474.0, 52070.0, 52082.0, 2343.0, 6725.0, 65432.0, 389.0, 4549.0, 44368.0, 40147.0, 6379.0, 9097.0, 1212.0, 25565.0, 222.0, 12078.0, 14787.0, 83.0, 37848.0, 37850.0, 7880.0, 7899.0, 9090.0, 14636.0, 9704.0, 35628.0, 22824.0, 46943.0, 39098.0, 5660.0, 11242.0, 42847.0, 15037.0, 39472.0, 3518.0, 50501.0, 5269.0, 8728.0, 53631.0, 10248.0, 8230.0, 40668.0, 37398.0, 37412.0, 9299.0, 40656.0, 1443.0, 3390.0, 50845.0, 636.0, 3052.0, 9002.0, 8663.0, 1763.0, 10443.0, 22844.0, 17102.0, 46874.0, 44350.0, 28729.0, 9943.0, 52196.0, 52190.0, 52208.0, 52212.0, 57146.0, 7351.0, 50752.0, 9565.0, 50010.0, 13715.0, 8898.0, 9088.0, 10001.0, 14343.0, 8698.0, 1147.0, 24.0, 58194.0, 37.0, 873.0, 16430.0, 3629.0, 2376.0, 8030.0, 1222.0, 8026.0, 36714.0, 36684.0, 8321.0, 36702.0, 36696.0, 36728.0, 36726.0, 36738.0, 5985.0, 4730.0, 88.0, 5466.0, 8402.0, 11521.0, 47693.0, 58865.0, 4027.0, 941.0, 42300.0, 555.0, 63198.0, 1025.0, 853.0, 56890.0, 38988.0, 2052.0, 33514.0, 1081.0, 5090.0, 8119.0, 7741.0, 119.0, 8173.0, 9418.0, 28268.0, 63336.0, 47029.0, 715.0, 20220.0, 9456.0, 5353.0, 58080.0, 4360.0, 38772.0, 38784.0, 38794.0, 38808.0, 38814.0, 38818.0, 4896.0, 27302.0, 7547.0, 20201.0, 7549.0, 60022.0, 39044.0, 4526.0, 37777.0, 25443.0, 51967.0, 591.0, 59804.0, 4359.0, 52640.0, 16431.0, 6662.0, 40045.0, 46172.0, 771.0, 58112.0, 104.0, 5295.0, 5595.0, 6012.0, 60716.0, 21275.0, 42575.0, 58170.0, 8009.0, 20298.0, 48300.0, 38634.0, 38630.0, 9301.0, 38636.0, 38638.0, 35972.0, 21594.0, 49912.0, 47990.0, 12006.0, 41014.0, 44818.0, 9334.0, 3978.0, 2211.0, 2956.0, 7997.0, 81.0, 52247.0, 33389.0, 50067.0, 1911.0, 50580.0, 9984.0, 2196.0, 2001.0, 16432.0, 51684.0, 51686.0, 40209.0, 49431.0, 2751.0, 9030.0, 4100.0, 5000.0, 55102.0, 1723.0, 57425.0, 4544.0, 7000.0, 50016.0, 8082.0, 790.0, 30005.0, 9500.0, 513.0, 37215.0, 32908.0, 33578.0, 32902.0, 7999.0, 33592.0, 427.0, 5704.0, 8024.0, 4696.0, 8025.0, 11037.0, 57003.0, 47533.0, 10019.0, 11610.0, 30918.0, 9509.0, 28945.0, 63600.0, 55537.0, 10966.0, 3621.0, 7363.0, 42640.0, 14353.0, 8015.0, 445.0, 9538.0, 51443.0, 49404.0, 49786.0, 49418.0, 49778.0, 8008.0, 49800.0, 49266.0, 35780.0, 20000.0, 33792.0, 26000.0, 33890.0, 59348.0, 16433.0, 17774.0, 8115.0, 42366.0, 10105.0, 52871.0, 802.0, 10801.0, 11425.0, 8250.0, 57002.0, 1146.0, 1583.0, 57320.0, 42560.0, 42568.0, 47016.0, 47020.0, 47042.0, 47066.0, 47032.0, 2525.0, 47054.0, 47090.0, 39648.0, 39652.0, 47082.0, 8138.0, 111.0, 10729.0, 34800.0]"
2025-07-24T22:20:14.000Z,"[5900.0, 22.0, 52158.0, 5901.0, 8477.0, 52200.0, 52222.0, 1201.0, 4300.0, 1080.0, 45100.0, 45102.0, 45118.0, 6036.0, 8443.0, 8138.0, 34800.0, 5800.0, 8180.0, 45058.0, 45070.0, 1054.0, 45086.0, 80.0, 45584.0, 1433.0, 111.0, 8852.0, 2078.0, 9000.0, 29015.0, 25.0, 10729.0, 56460.0, 11434.0, 50270.0, 50284.0, 50278.0, 47108.0, 50294.0, 50306.0, 45283.0, 2247.0, 5399.0, 639.0, 4302.0, 14443.0, 10738.0, 60443.0, 3289.0, 59516.0, 6666.0, 16436.0, 2380.0, 8031.0, 20122.0, 3422.0, 7609.0, 8080.0, 37758.0, 37762.0, 7956.0, 11684.0, 85.0, 68.0, 57008.0, 54738.0, 23443.0, 8004.0, 3745.0, 3768.0, 50528.0, 25001.0, 5037.0, 6629.0, 214.0, 8159.0, 10250.0, 9913.0, 46307.0, 1087.0, 5235.0, 9100.0, 23.0, 54321.0, 32962.0, 32968.0, 41706.0, 32980.0, 32996.0, 8908.0, 2375.0, 51390.0, 51394.0, 51408.0, 51416.0, 51418.0, 13189.0, 34512.0, 12173.0, 34425.0, 8056.0, 5300.0, 9044.0, 8083.0, 8088.0, 27017.0, 38262.0, 8999.0, 17001.0, 8888.0, 42888.0, 5222.0, 5432.0, 36376.0, 3264.0, 16024.0, 9273.0, 9043.0, 16437.0, 20001.0, 12250.0, 619.0, 2892.0, 1086.0, 9999.0, 443.0, 7474.0, 1708.0, 10261.0, 9322.0, 54464.0, 55216.0, 13262.0, 47758.0, 11027.0, 41703.0, 44568.0, 115.0, 789.0, 60001.0, 40039.0, 13546.0, 34567.0, 5555.0, 1830.0, 5018.0, 6667.0, 51300.0, 48649.0, 8554.0, 45834.0, 8880.0, 9091.0, 700.0, 42572.0, 4355.0, 51128.0, 51142.0, 8001.0, 51112.0, 34439.0, 1135.0, 33387.0, 17000.0, 5748.0, 4330.0, 5060.0, 3128.0, 4028.0, 9200.0, 2113.0, 3389.0, 20086.0, 8164.0, 51001.0, 26.0, 1232.0, nan, 3716.0, 5909.0, 13559.0, 11723.0, 51278.0, 36184.0, 7777.0, 16438.0, 3385.0, 27018.0, 21321.0, 5135.0, 54220.0, 54226.0, 4156.0, 8935.0, 54240.0, 54256.0, 50096.0, 1085.0, 465.0, 13708.0, 14919.0, 390.0, 89.0, 19410.0, 54790.0, 33984.0, 12559.0, 6660.0, 40087.0, 8889.0, 4443.0, 9788.0, 8841.0, 221.0, 3156.0, 3155.0, 52448.0, 16439.0, 52912.0, 12100.0, 57892.0, 63565.0, 21517.0, 9097.0, 10259.0, 1083.0, 46769.0, 8883.0, 5474.0, 52070.0, 52082.0, 2343.0, 6725.0, 65432.0, 389.0, 4549.0, 44368.0, 40147.0, 6379.0, 1212.0, 25565.0, 222.0, 14636.0, 12078.0, 14787.0, 83.0, 37848.0, 37850.0, 7880.0, 7899.0, 9090.0, 9704.0, 35628.0, 22824.0, 46943.0, 39098.0, 5660.0, 11242.0, 42847.0, 15037.0, 39472.0, 3518.0, 50501.0, 5269.0, 8728.0, 53631.0, 10248.0, 8230.0, 40668.0, 37398.0, 37412.0, 9299.0, 40656.0, 1443.0, 3390.0, 46874.0, 50845.0, 636.0, 3052.0, 9002.0, 8663.0, 1763.0, 10443.0, 22844.0, 17102.0, 44350.0, 28729.0, 9943.0, 52196.0, 52190.0, 52208.0, 52212.0, 57146.0, 7351.0, 50752.0, 9565.0, 50010.0, 3629.0, 1147.0, 13715.0, 8898.0, 9088.0, 10001.0, 14343.0, 8698.0, 58194.0, 5466.0, 24.0, 37.0, 873.0, 16430.0, 2376.0, 8030.0, 1222.0, 8026.0, 36714.0, 36684.0, 8321.0, 36702.0, 36696.0, 36728.0, 36726.0, 36738.0, 5985.0, 4730.0, 88.0, 33514.0, 8402.0, 11521.0, 47693.0, 58865.0, 4027.0, 941.0, 42300.0, 555.0, 63198.0, 1025.0, 853.0, 119.0, 56890.0, 38988.0, 2052.0, 1081.0, 5090.0, 8119.0, 7741.0, 8173.0, 9418.0, 28268.0, 63336.0, 47029.0, 715.0, 20220.0, 9456.0, 58080.0, 5353.0, 4360.0, 38772.0, 38784.0, 38794.0, 38808.0, 38814.0, 38818.0, 4896.0, 27302.0, 7547.0, 20201.0, 7549.0, 60022.0, 39044.0, 4526.0, 37777.0, 25443.0, 51967.0, 591.0, 59804.0, 4359.0, 52640.0, 16431.0, 6662.0, 40045.0, 46172.0, 771.0, 58112.0, 104.0, 5295.0, 5595.0, 6012.0, 60716.0, 21275.0, 42575.0, 58170.0, 8009.0, 21594.0, 2211.0, 20298.0, 48300.0, 38634.0, 38630.0, 9301.0, 38636.0, 38638.0, 35972.0, 49912.0, 47990.0, 12006.0, 41014.0, 44818.0, 9334.0, 3978.0, 2956.0, 7997.0, 81.0, 52247.0, 33389.0, 50067.0, 1911.0, 50580.0, 9984.0, 2196.0, 2001.0, 16432.0, 51684.0, 51686.0, 40209.0, 49431.0, 2751.0, 9030.0, 4100.0, 5000.0, 5704.0, 1723.0, 55102.0, 57425.0, 4544.0, 7000.0, 50016.0, 8082.0, 790.0, 30005.0, 63600.0, 9500.0, 513.0, 37215.0, 32908.0, 33578.0, 32902.0, 7999.0, 33592.0, 427.0, 8025.0, 8024.0, 4696.0, 11037.0, 57003.0, 47533.0, 10019.0, 11610.0, 30918.0, 9509.0, 28945.0, 55537.0, 10966.0, 3621.0, 7363.0, 42640.0, 14353.0, 8015.0, 445.0, 9538.0, 51443.0, 49404.0, 49786.0, 49418.0, 49778.0, 8008.0, 49800.0, 49266.0, 35780.0, 20000.0, 33792.0, 26000.0, 33890.0, 59348.0, 16433.0, 17774.0, 8115.0, 42366.0, 10105.0, 36.0, 49167.0]"
2025-07-24T22:22:07.000Z,"[22.0, 5901.0, 5900.0, 771.0, 11102.0, 9916.0, 8180.0, 49167.0, 6379.0, 8163.0, 8443.0, 80.0, 22000.0, 61616.0, 1201.0, 4300.0, 43142.0, 52200.0, 52222.0, 36.0, 8477.0, 38406.0, 45086.0, 45100.0, 45102.0, 45118.0, 1080.0, 52158.0, 6036.0, 8138.0, 34800.0, 5800.0, 45058.0, 45070.0, 1054.0, 2078.0, 45584.0, 1433.0, 111.0, 8852.0, 9000.0, 47108.0, 50294.0, 50306.0, 29015.0, 25.0, 10729.0, 56460.0, 11434.0, 50270.0, 50284.0, 50278.0, 45283.0, 2247.0, 5399.0, 639.0, 4302.0, 2380.0, 60443.0, 14443.0, 10738.0, 3289.0, 59516.0, 6666.0, 16436.0, 20122.0, 8031.0, 3422.0, 7609.0, 8080.0, 37758.0, 37762.0, 7956.0, 11684.0, 85.0, 68.0, 57008.0, 54738.0, 23443.0, 8004.0, 3745.0, 3768.0, 8159.0, 10250.0, 50528.0, 25001.0, 5037.0, 6629.0, 214.0, 9100.0, 9913.0, 46307.0, 1087.0, 5235.0, 23.0, 54321.0, 32962.0, 32968.0, 41706.0, 32980.0, 32996.0, 8908.0, 2375.0, 34425.0, 51390.0, 51394.0, 51408.0, 51416.0, 51418.0, 13189.0, 34512.0, 12173.0, 8056.0, 5300.0, 9044.0, 5432.0, 8083.0, 8088.0, 27017.0, 12250.0, 38262.0, 8999.0, 17001.0, 8888.0, 42888.0, 5222.0, 1708.0, 36376.0, 3264.0, 16024.0, 9273.0, 9043.0, 16437.0, 20001.0, 13546.0, 34567.0, 619.0, 2892.0, 1086.0, 9999.0, 443.0, 7474.0, 10261.0, 9322.0, 6667.0, 54464.0, 55216.0, 13262.0, 47758.0, 11027.0, 41703.0, 44568.0, 115.0, 789.0, 60001.0, 40039.0, 5555.0, 1830.0, 5018.0, 51300.0, 48649.0, 8554.0, 45834.0, 8880.0, 9091.0, 700.0, 42572.0, 4355.0, 51128.0, 51142.0, 8001.0, 51112.0, 34439.0, 1135.0, 33387.0, 17000.0, 5748.0, 4330.0, 5060.0, 3128.0, 4028.0, 5909.0, 13559.0, 9200.0, 2113.0, 3389.0, 20086.0, 8164.0, 51001.0, 26.0, 1232.0, nan, 3716.0, 3385.0, 11723.0, 51278.0, 36184.0, 5135.0, 7777.0, 16438.0, 27018.0, 21321.0, 54220.0, 54226.0, 4156.0, 8935.0, 54240.0, 54256.0, 50096.0, 8889.0, 1085.0, 221.0, 465.0, 13708.0, 14919.0, 390.0, 89.0, 12559.0, 19410.0, 54790.0, 33984.0, 6660.0, 40087.0, 4443.0, 9788.0, 8841.0, 3156.0, 3155.0, 52448.0, 16439.0, 52912.0, 12100.0, 57892.0, 63565.0, 21517.0, 9097.0, 10259.0, 1083.0, 46769.0, 8883.0, 5474.0, 52070.0, 52082.0, 2343.0, 6725.0, 65432.0, 389.0, 4549.0, 44368.0, 14787.0, 40147.0, 1212.0, 25565.0, 222.0, 9090.0, 14636.0, 12078.0, 5660.0, 11242.0, 42847.0, 83.0, 37848.0, 37850.0, 7880.0, 7899.0, 53631.0, 10248.0, 9704.0, 35628.0, 22824.0, 46943.0, 39098.0, 1443.0, 15037.0, 39472.0, 3518.0, 50501.0, 5269.0, 8728.0, 8230.0, 40668.0, 37398.0, 37412.0, 9299.0, 40656.0, 3390.0, 46874.0, 50845.0, 636.0, 3052.0, 9002.0, 8663.0, 50010.0, 1763.0, 10443.0, 22844.0, 17102.0, 8898.0, 44350.0, 28729.0, 9943.0, 52196.0, 52190.0, 52208.0, 52212.0, 57146.0, 7351.0, 50752.0, 9565.0, 16430.0, 3629.0, 1147.0, 13715.0, 9088.0, 10001.0, 14343.0, 8698.0, 88.0, 58194.0, 5466.0, 24.0, 37.0, 873.0, 8030.0, 853.0, 2376.0, 1222.0, 8026.0, 36714.0, 36684.0, 8321.0, 36702.0, 36696.0, 36728.0, 36726.0, 36738.0, 5985.0, 4730.0, 33514.0, 8402.0, 11521.0, 47693.0, 58865.0, 4027.0, 941.0, 42300.0, 555.0, 63198.0, 1025.0, 119.0, 56890.0, 38988.0, 2052.0, 8119.0, 1081.0, 5090.0, 7741.0, 38814.0, 38818.0, 8173.0, 9418.0, 28268.0, 63336.0, 47029.0, 715.0, 20220.0, 9456.0, 58080.0, 591.0, 5353.0, 4360.0, 38772.0, 38784.0, 38794.0, 38808.0, 4896.0, 27302.0, 7547.0, 20201.0, 7549.0, 60022.0, 39044.0, 4526.0, 37777.0, 25443.0, 51967.0, 5295.0, 5595.0, 59804.0, 4359.0, 52640.0, 16431.0, 6662.0, 40045.0, 8009.0, 58170.0, 21275.0, 46172.0, 58112.0, 104.0, 6012.0, 60716.0, 42575.0, 21594.0, 49912.0, 2211.0, 7997.0, 9334.0, 20298.0, 48300.0, 38634.0, 38630.0, 9301.0, 38636.0, 38638.0, 35972.0, 50067.0, 47990.0, 12006.0, 41014.0, 44818.0, 3978.0, 2956.0, 1911.0, 2196.0, 81.0, 52247.0, 33389.0, 50580.0, 9984.0, 2001.0, 16432.0, 51684.0, 51686.0, 40209.0, 49431.0, 2751.0, 4100.0, 9030.0, 5000.0, 5704.0, 1723.0, 55102.0, 57425.0, 4544.0, 7000.0, 50016.0, 8082.0, 790.0, 30005.0, 28945.0, 63600.0, 9500.0, 513.0, 37215.0, 32908.0, 33578.0, 32902.0, 7999.0, 33592.0, 427.0, 8015.0, 8025.0, 8024.0, 4696.0, 11037.0, 57003.0, 47533.0, 10019.0, 11610.0, 30918.0, 9509.0, 8008.0, 49266.0, 35780.0, 55537.0, 10966.0, 3621.0, 7363.0, 42640.0, 14353.0, 593.0, 28888.0, 12194.0, 32500.0]"
2025-07-24T22:23:59.000Z,"[5901.0, 5900.0, 22.0, 28888.0, 4000.0, 1599.0, 1355.0, 8443.0, 8913.0, 52222.0, 58722.0, 47988.0, 5038.0, 443.0, 5222.0, 2375.0, 32500.0, 8180.0, 27606.0, 2026.0, 8728.0, 58694.0, 58710.0, 58708.0, 12194.0, 11102.0, 23.0, 6379.0, 8163.0, 80.0, 593.0, 9916.0, 5707.0, 771.0, 49167.0, 1201.0, 4300.0, 22000.0, 61616.0, 43142.0, 8477.0, 52200.0, 52158.0, 36.0, 38406.0, 45086.0, 45100.0, 45102.0, 45118.0, 1080.0, 6036.0, 8138.0, 34800.0, 5800.0, 45058.0, 45070.0, 1054.0, 8852.0, 2078.0, 45584.0, 1433.0, 111.0, 11434.0, 50270.0, 50284.0, 50278.0, 9000.0, 47108.0, 50294.0, 50306.0, 29015.0, 25.0, 10729.0, 56460.0, 45283.0, 2247.0, 5399.0, 639.0, 4302.0, 14443.0, 2380.0, 60443.0, 10738.0, 3289.0, 59516.0, 6666.0, 16436.0, 7956.0, 11684.0, 20122.0, 8031.0, 3422.0, 7609.0, 8080.0, 37758.0, 37762.0, 85.0, 68.0, 57008.0, 54738.0, 23443.0, 8004.0, 3745.0, 3768.0, 8159.0, 10250.0, 50528.0, 25001.0, 5037.0, 6629.0, 214.0, 54321.0, 9100.0, 9913.0, 46307.0, 1087.0, 5235.0, 32962.0, 32968.0, 41706.0, 32980.0, 32996.0, 8908.0, 34425.0, 51390.0, 51394.0, 51408.0, 51416.0, 51418.0, 13189.0, 34512.0, 12173.0, 27017.0, 8056.0, 5300.0, 9044.0, 5432.0, 8083.0, 8088.0, 20001.0, 12250.0, 38262.0, 8999.0, 17001.0, 8888.0, 42888.0, 7474.0, 1708.0, 36376.0, 3264.0, 16024.0, 9273.0, 9043.0, 16437.0, 13546.0, 34567.0, 619.0, 2892.0, 1086.0, 9999.0, 10261.0, 1830.0, 5018.0, 9322.0, 6667.0, 54464.0, 55216.0, 13262.0, 47758.0, 11027.0, 41703.0, 44568.0, 115.0, 789.0, 60001.0, 40039.0, 5555.0, 8880.0, 700.0, 1135.0, 33387.0, 4355.0, 51300.0, 48649.0, 8554.0, 45834.0, 9091.0, 3128.0, 42572.0, 51128.0, 51142.0, 8001.0, 51112.0, 34439.0, 8164.0, 17000.0, 5748.0, 4330.0, 5060.0, 4028.0, 5909.0, 13559.0, 9200.0, 2113.0, 3389.0, 20086.0, 51001.0, 26.0, 1232.0, nan, 3716.0, 3385.0, 11723.0, 51278.0, 36184.0, 5135.0, 7777.0, 16438.0, 27018.0, 21321.0, 54220.0, 54226.0, 4156.0, 8935.0, 54240.0, 54256.0, 50096.0, 9788.0, 8841.0, 8889.0, 1085.0, 221.0, 465.0, 13708.0, 14919.0, 390.0, 89.0, 12559.0, 19410.0, 54790.0, 33984.0, 6660.0, 40087.0, 4443.0, 389.0, 4549.0, 44368.0, 3156.0, 3155.0, 52448.0, 16439.0, 52912.0, 12100.0, 57892.0, 63565.0, 21517.0, 9097.0, 10259.0, 1083.0, 46769.0, 8883.0, 5474.0, 52070.0, 52082.0, 2343.0, 6725.0, 65432.0, 14787.0, 40147.0, 1212.0, 25565.0, 222.0, 9090.0, 14636.0, 12078.0, 5660.0, 11242.0, 42847.0, 83.0, 37848.0, 37850.0, 7880.0, 7899.0, 53631.0, 10248.0, 9704.0, 35628.0, 22824.0, 46943.0, 39098.0, 1443.0, 15037.0, 39472.0, 3518.0, 50501.0, 5269.0, 8230.0, 40668.0, 37398.0, 37412.0, 9299.0, 40656.0, 3390.0, 46874.0, 50845.0, 636.0, 3052.0, 9002.0, 9565.0, 8663.0, 50010.0, 1763.0, 10443.0, 22844.0, 17102.0, 8698.0, 8898.0, 1147.0, 44350.0, 28729.0, 9943.0, 52196.0, 52190.0, 52208.0, 52212.0, 57146.0, 7351.0, 50752.0, 16430.0, 3629.0, 13715.0, 9088.0, 10001.0, 14343.0, 4730.0, 88.0, 58194.0, 5466.0, 24.0, 37.0, 873.0, 1025.0, 8026.0, 8030.0, 853.0, 2376.0, 1222.0, 36714.0, 36684.0, 8321.0, 36702.0, 36696.0, 36728.0, 36726.0, 36738.0, 5985.0, 2052.0, 33514.0, 8402.0, 11521.0, 47693.0, 58865.0, 4027.0, 941.0, 42300.0, 555.0, 63198.0, 7741.0, 119.0, 56890.0, 38988.0, 20220.0, 9456.0, 8119.0, 1081.0, 5090.0, 38772.0, 38784.0, 38794.0, 38808.0, 38814.0, 38818.0, 8173.0, 9418.0, 28268.0, 63336.0, 47029.0, 715.0, 37777.0, 25443.0, 51967.0, 58080.0, 591.0, 5353.0, 4360.0, 4896.0, 27302.0, 7547.0, 20201.0, 7549.0, 60022.0, 39044.0, 4526.0, 104.0, 5295.0, 5595.0, 59804.0, 4359.0, 52640.0, 16431.0, 6662.0, 40045.0, 21275.0, 58170.0, 8009.0, 46172.0, 58112.0, 6012.0, 60716.0, 42575.0, 21594.0, 49912.0, 2211.0, 44818.0, 2956.0, 9334.0, 7997.0, 20298.0, 48300.0, 38634.0, 38630.0, 9301.0, 38636.0, 38638.0, 35972.0, 50067.0, 1911.0, 47990.0, 12006.0, 41014.0, 3978.0, 2196.0, 81.0, 52247.0, 33389.0, 40209.0, 49431.0, 2751.0, 50580.0, 9984.0, 2001.0, 16432.0, 51684.0, 51686.0, 30005.0, 4100.0, 9030.0, 5000.0, 5704.0, 1723.0, 55102.0, 57425.0, 4544.0, 7000.0, 50016.0, 8082.0, 790.0, 28945.0, 63600.0, 9500.0, 513.0, 37215.0, 32908.0, 33578.0, 32902.0, 7999.0, 33592.0, 427.0, 8250.0, 2118.0, 3395.0, 4369.0]"
2025-07-24T22:25:51.000Z,"[54108.0, 22.0, 5901.0, 5900.0, 2628.0, 6350.0, 34984.0, 1128.0, 8443.0, 443.0, 6022.0, 4965.0, 10022.0, 8250.0, 3276.0, 8180.0, 4369.0, 8907.0, 2026.0, 27606.0, 10682.0, 52222.0, 28888.0, 1355.0, 8913.0, 4000.0, 2118.0, 5707.0, 3395.0, 47988.0, 1599.0, 58722.0, 5038.0, 5222.0, 2375.0, 32500.0, 8728.0, 11102.0, 58694.0, 58710.0, 58708.0, 12194.0, 23.0, 6379.0, 8163.0, 80.0, 593.0, 9916.0, 771.0, 49167.0, 1201.0, 4300.0, 22000.0, 61616.0, 43142.0, 45102.0, 45118.0, 1080.0, 8477.0, 52200.0, 52158.0, 36.0, 38406.0, 45086.0, 45100.0, 6036.0, 8138.0, 34800.0, 5800.0, 45058.0, 45070.0, 1054.0, 1433.0, 111.0, 8852.0, 2078.0, 45584.0, 11434.0, 50270.0, 50284.0, 50278.0, 9000.0, 47108.0, 50294.0, 50306.0, 29015.0, 25.0, 10729.0, 56460.0, 45283.0, 2247.0, 5399.0, 639.0, 4302.0, 14443.0, 2380.0, 60443.0, 10738.0, 3289.0, 59516.0, 6666.0, 16436.0, 7956.0, 11684.0, 20122.0, 8031.0, 3422.0, 7609.0, 8080.0, 37758.0, 37762.0, 8004.0, 3745.0, 3768.0, 85.0, 68.0, 57008.0, 54738.0, 23443.0, 6629.0, 214.0, 8159.0, 10250.0, 50528.0, 25001.0, 5037.0, 5235.0, 9100.0, 54321.0, 9913.0, 46307.0, 1087.0, 32962.0, 32968.0, 41706.0, 32980.0, 32996.0, 8908.0, 12173.0, 34425.0, 51390.0, 51394.0, 51408.0, 51416.0, 51418.0, 13189.0, 34512.0, 8088.0, 27017.0, 8056.0, 5300.0, 9044.0, 17001.0, 5432.0, 8083.0, 16437.0, 20001.0, 12250.0, 38262.0, 8999.0, 8888.0, 42888.0, 7474.0, 1708.0, 36376.0, 3264.0, 16024.0, 9273.0, 9043.0, 789.0, 60001.0, 40039.0, 13546.0, 34567.0, 619.0, 2892.0, 1086.0, 9999.0, 5555.0, 10261.0, 1830.0, 5018.0, 9322.0, 6667.0, 54464.0, 55216.0, 13262.0, 47758.0, 11027.0, 41703.0, 44568.0, 115.0, 8880.0, 700.0, 9091.0, 48649.0, 1135.0, 33387.0, 4355.0, 51300.0, 8554.0, 45834.0, 3128.0, 4028.0, 42572.0, 51128.0, 51142.0, 8001.0, 51112.0, 34439.0, 20086.0, 8164.0, 17000.0, 5748.0, 4330.0, 5060.0, 3716.0, 5909.0, 13559.0, 9200.0, 2113.0, 3389.0, 51001.0, 26.0, 1232.0, nan, 16438.0, 3385.0, 11723.0, 51278.0, 36184.0, 50096.0, 5135.0, 7777.0, 27018.0, 21321.0, 54220.0, 54226.0, 4156.0, 8935.0, 54240.0, 54256.0, 4443.0, 9788.0, 8841.0, 8889.0, 1085.0, 221.0, 465.0, 13708.0, 14919.0, 390.0, 89.0, 12559.0, 19410.0, 54790.0, 33984.0, 6660.0, 40087.0, 389.0, 4549.0, 44368.0, 3156.0, 3155.0, 52448.0, 16439.0, 52912.0, 12100.0, 57892.0, 63565.0, 21517.0, 9097.0, 1212.0, 25565.0, 222.0, 10259.0, 1083.0, 46769.0, 8883.0, 5474.0, 52070.0, 52082.0, 2343.0, 6725.0, 65432.0, 14787.0, 40147.0, 7880.0, 9090.0, 14636.0, 12078.0, 5660.0, 11242.0, 42847.0, 83.0, 37848.0, 37850.0, 7899.0, 53631.0, 10248.0, 9704.0, 35628.0, 22824.0, 46943.0, 39098.0, 1443.0, 3390.0, 15037.0, 39472.0, 3518.0, 50501.0, 5269.0, 9002.0, 8230.0, 40668.0, 37398.0, 37412.0, 9299.0, 40656.0, 22844.0, 17102.0, 46874.0, 50845.0, 636.0, 3052.0, 50752.0, 9565.0, 8663.0, 50010.0, 1763.0, 10443.0, 14343.0, 9088.0, 8698.0, 8898.0, 1147.0, 44350.0, 28729.0, 9943.0, 52196.0, 52190.0, 52208.0, 52212.0, 57146.0, 7351.0, 873.0, 16430.0, 3629.0, 13715.0, 10001.0, 4730.0, 88.0, 58194.0, 5466.0, 24.0, 37.0, 5985.0, 1025.0, 8026.0, 8030.0, 853.0, 2376.0, 1222.0, 36714.0, 36684.0, 8321.0, 36702.0, 36696.0, 36728.0, 36726.0, 36738.0, 2052.0, 33514.0, 8402.0, 11521.0, 47693.0, 58865.0, 4027.0, 941.0, 42300.0, 555.0, 63198.0, 7741.0, 119.0, 56890.0, 38988.0, 47029.0, 715.0, 20220.0, 9456.0, 8119.0, 1081.0, 5090.0, 38772.0, 38784.0, 38794.0, 38808.0, 38814.0, 38818.0, 8173.0, 9418.0, 28268.0, 63336.0, 39044.0, 4526.0, 37777.0, 25443.0, 51967.0, 58080.0, 591.0, 5353.0, 4360.0, 6662.0, 40045.0, 4896.0, 27302.0, 7547.0, 20201.0, 7549.0, 60022.0, 58112.0, 104.0, 5295.0, 5595.0, 59804.0, 4359.0, 52640.0, 16431.0, 21275.0, 42575.0, 58170.0, 8009.0, 46172.0, 6012.0, 60716.0, 21594.0, 49912.0, 9334.0, 3978.0, 44818.0, 2211.0, 2956.0, 7997.0, 20298.0, 48300.0, 38634.0, 38630.0, 9301.0, 38636.0, 38638.0, 35972.0, 50067.0, 1911.0, 47990.0, 12006.0, 41014.0, 2196.0, 2001.0, 9984.0, 81.0, 52247.0, 33389.0, 40209.0, 49431.0, 2751.0, 50580.0, 5000.0, 16432.0, 51684.0, 51686.0, 30005.0, 4100.0, 9030.0, 8052.0, 3306.0, 9829.0, 8837.0, 2087.0, 2474.0, 58305.0, 59566.0]"
2025-07-24T22:27:44.000Z,"[22.0, 5901.0, 5900.0, 34681.0, 2247.0, 2628.0, 49431.0, 8837.0, 5001.0, 9042.0, 17756.0, 8200.0, 9043.0, 9829.0, 8443.0, 16435.0, 8052.0, 25565.0, 8180.0, 2452.0, 41256.0, 2087.0, 1128.0, 6350.0, 443.0, 6022.0, 58305.0, 10022.0, 4965.0, 2474.0, 59566.0, 34407.0, 9044.0, 10682.0, 3306.0, 36496.0, 41244.0, 54108.0, 34984.0, 8250.0, 3276.0, 52222.0, 4369.0, 8907.0, 2026.0, 27606.0, 28888.0, 1599.0, 1355.0, 8913.0, 4000.0, 2118.0, 5707.0, 3395.0, 47988.0, 58722.0, 5038.0, 5222.0, 2375.0, 32500.0, 8728.0, 9916.0, 11102.0, 58694.0, 58710.0, 58708.0, 12194.0, 23.0, 6379.0, 8163.0, 80.0, 593.0, 49167.0, 771.0, 1201.0, 4300.0, 22000.0, 61616.0, 43142.0, 45086.0, 45100.0, 45102.0, 45118.0, 1080.0, 8477.0, 52200.0, 52158.0, 36.0, 38406.0, 45058.0, 45070.0, 1054.0, 6036.0, 8138.0, 34800.0, 5800.0, 1433.0, 111.0, 8852.0, 2078.0, 45584.0, 11434.0, 50270.0, 50284.0, 50278.0, 9000.0, 47108.0, 50294.0, 50306.0, 29015.0, 25.0, 10729.0, 56460.0, 45283.0, 5399.0, 639.0, 4302.0, 6666.0, 16436.0, 14443.0, 2380.0, 60443.0, 10738.0, 3289.0, 59516.0, 7956.0, 11684.0, 20122.0, 8031.0, 3422.0, 7609.0, 8080.0, 37758.0, 37762.0, 23443.0, 8004.0, 3745.0, 3768.0, 85.0, 68.0, 57008.0, 54738.0, 5037.0, 6629.0, 214.0, 8159.0, 10250.0, 50528.0, 25001.0, 5235.0, 9100.0, 54321.0, 9913.0, 46307.0, 1087.0, 32962.0, 32968.0, 41706.0, 32980.0, 32996.0, 8908.0, 34512.0, 12173.0, 34425.0, 51390.0, 51394.0, 51408.0, 51416.0, 51418.0, 13189.0, 8088.0, 27017.0, 8056.0, 5300.0, 8888.0, 17001.0, 5432.0, 8083.0, 16437.0, 20001.0, 12250.0, 38262.0, 8999.0, 42888.0, 7474.0, 1708.0, 36376.0, 3264.0, 16024.0, 9273.0, 115.0, 789.0, 60001.0, 40039.0, 13546.0, 34567.0, 619.0, 2892.0, 1086.0, 9999.0, 5555.0, 10261.0, 1830.0, 5018.0, 9322.0, 6667.0, 54464.0, 55216.0, 13262.0, 47758.0, 11027.0, 41703.0, 44568.0, 8880.0, 9091.0, 700.0, 34439.0, 48649.0, 1135.0, 33387.0, 4355.0, 51300.0, 8554.0, 45834.0, 3128.0, 4028.0, 42572.0, 51128.0, 51142.0, 8001.0, 51112.0, 3389.0, 20086.0, 8164.0, 17000.0, 5748.0, 4330.0, 5060.0, 3716.0, 5909.0, 13559.0, 9200.0, 2113.0, 51001.0, 26.0, 1232.0, nan, 7777.0, 16438.0, 3385.0, 11723.0, 51278.0, 36184.0, 8935.0, 50096.0, 5135.0, 465.0, 27018.0, 21321.0, 54220.0, 54226.0, 4156.0, 54240.0, 54256.0, 8889.0, 4443.0, 9788.0, 8841.0, 1085.0, 221.0, 13708.0, 14919.0, 390.0, 89.0, 57892.0, 63565.0, 21517.0, 12559.0, 19410.0, 54790.0, 33984.0, 6660.0, 40087.0, 65432.0, 1083.0, 389.0, 4549.0, 44368.0, 3156.0, 3155.0, 52448.0, 16439.0, 52912.0, 12100.0, 9097.0, 1212.0, 222.0, 10259.0, 46769.0, 8883.0, 5474.0, 52070.0, 52082.0, 2343.0, 6725.0, 12078.0, 14787.0, 40147.0, 7880.0, 7899.0, 9090.0, 14636.0, 5660.0, 11242.0, 42847.0, 83.0, 37848.0, 37850.0, 50501.0, 5269.0, 15037.0, 53631.0, 10248.0, 9704.0, 35628.0, 22824.0, 46943.0, 39098.0, 1443.0, 3390.0, 39472.0, 3518.0, 9002.0, 8230.0, 40668.0, 37398.0, 37412.0, 9299.0, 40656.0, 22844.0, 17102.0, 46874.0, 50845.0, 636.0, 3052.0, 7351.0, 50752.0, 9565.0, 8663.0, 50010.0, 1763.0, 10443.0, 8898.0, 9088.0, 10001.0, 14343.0, 8698.0, 1147.0, 44350.0, 28729.0, 9943.0, 52196.0, 52190.0, 52208.0, 52212.0, 57146.0, 873.0, 16430.0, 3629.0, 13715.0, 5985.0, 2376.0, 4730.0, 88.0, 58194.0, 5466.0, 24.0, 37.0, 555.0, 63198.0, 1025.0, 8026.0, 8030.0, 853.0, 1222.0, 36714.0, 36684.0, 8321.0, 36702.0, 36696.0, 36728.0, 36726.0, 36738.0, 2052.0, 33514.0, 8402.0, 11521.0, 47693.0, 58865.0, 4027.0, 941.0, 42300.0, 7741.0, 119.0, 56890.0, 38988.0, 63336.0, 47029.0, 715.0, 20220.0, 9456.0, 8119.0, 1081.0, 5090.0, 38772.0, 38784.0, 38794.0, 38808.0, 38814.0, 38818.0, 8173.0, 9418.0, 28268.0, 7549.0, 60022.0, 39044.0, 4526.0, 37777.0, 25443.0, 51967.0, 58080.0, 591.0, 5353.0, 4360.0, 16431.0, 6662.0, 40045.0, 4896.0, 27302.0, 7547.0, 20201.0, 58112.0, 104.0, 5295.0, 5595.0, 59804.0, 4359.0, 52640.0, 21275.0, 42575.0, 58170.0, 8009.0, 46172.0, 6012.0, 60716.0, 35972.0, 21594.0, 49912.0, 44818.0, 9301.0, 9334.0, 3978.0, 2211.0, 2956.0, 7997.0, 20298.0, 48300.0, 38634.0, 38630.0, 38636.0, 38638.0, 52247.0, 50067.0, 1911.0, 47990.0, 12006.0, 41014.0, 9984.0, 2196.0, 2001.0, 81.0, 33389.0, 40209.0, 2751.0, 50580.0, 16442.0, 3816.0, 82.0, 11605.0, 8718.0]"
2025-07-24T22:29:36.000Z,"[22.0, 5901.0, 5900.0, 3389.0, 8443.0, 9273.0, 8088.0, 15475.0, 41706.0, 3816.0, 1909.0, 5060.0, 56818.0, 56822.0, 4988.0, 56830.0, 33766.0, 61745.0, 8718.0, 49501.0, 82.0, 3276.0, 16442.0, 25565.0, 8728.0, 443.0, 10221.0, 34407.0, 11605.0, 9044.0, 49431.0, 2247.0, 34681.0, 2628.0, 8837.0, 5001.0, 9042.0, 17756.0, 8200.0, 9043.0, 9829.0, 16435.0, 8052.0, 8180.0, 2452.0, 41256.0, 2087.0, 1128.0, 6350.0, 6022.0, 58305.0, 10022.0, 4965.0, 2474.0, 59566.0, 54108.0, 10682.0, 3306.0, 36496.0, 41244.0, 34984.0, 8250.0, 2026.0, 27606.0, 52222.0, 4369.0, 8907.0, 28888.0, 1599.0, 1355.0, 8913.0, 4000.0, 2118.0, 5707.0, 3395.0, 47988.0, 58722.0, 5038.0, 5222.0, 2375.0, 32500.0, 12194.0, 11102.0, 23.0, 6379.0, 8163.0, 80.0, 593.0, 9916.0, 58694.0, 58710.0, 58708.0, 49167.0, 771.0, 61616.0, 1201.0, 4300.0, 22000.0, 43142.0, 45086.0, 45100.0, 45102.0, 45118.0, 1080.0, 8477.0, 52200.0, 52158.0, 36.0, 38406.0, 5800.0, 6036.0, 45058.0, 45070.0, 1054.0, 8138.0, 34800.0, 45584.0, 1433.0, 111.0, 8852.0, 2078.0, 56460.0, 11434.0, 50270.0, 50284.0, 50278.0, 9000.0, 47108.0, 50294.0, 50306.0, 29015.0, 25.0, 10729.0, 4302.0, 45283.0, 5399.0, 639.0, 59516.0, 6666.0, 16436.0, 14443.0, 2380.0, 60443.0, 10738.0, 3289.0, 37758.0, 37762.0, 7956.0, 11684.0, 20122.0, 8031.0, 3422.0, 7609.0, 8080.0, 57008.0, 54738.0, 23443.0, 8004.0, 3745.0, 3768.0, 85.0, 68.0, 25001.0, 5037.0, 6629.0, 214.0, 8159.0, 10250.0, 50528.0, 5235.0, 9100.0, 54321.0, 9913.0, 46307.0, 1087.0, 32962.0, 32968.0, 32980.0, 32996.0, 8908.0, 13189.0, 34512.0, 12173.0, 34425.0, 51390.0, 51394.0, 51408.0, 51416.0, 51418.0, 8083.0, 27017.0, 8056.0, 5300.0, 17001.0, 8888.0, 8999.0, 42888.0, 5432.0, 16437.0, 20001.0, 12250.0, 38262.0, 1086.0, 9999.0, 7474.0, 1708.0, 36376.0, 3264.0, 16024.0, 41703.0, 44568.0, 115.0, 789.0, 60001.0, 40039.0, 13546.0, 34567.0, 619.0, 2892.0, 5555.0, 10261.0, 1830.0, 5018.0, 9322.0, 6667.0, 54464.0, 55216.0, 13262.0, 47758.0, 11027.0, 45834.0, 8880.0, 9091.0, 700.0, 51142.0, 8001.0, 34439.0, 48649.0, 1135.0, 33387.0, 4355.0, 51300.0, 8554.0, 3128.0, 4028.0, 42572.0, 51128.0, 51112.0, 20086.0, 8164.0, 17000.0, 5748.0, 4330.0, nan, 3716.0, 5909.0, 13559.0, 9200.0, 2113.0, 36184.0, 51001.0, 26.0, 1232.0, 7777.0, 16438.0, 3385.0, 11723.0, 51278.0, 4156.0, 8935.0, 54240.0, 54256.0, 50096.0, 5135.0, 390.0, 89.0, 465.0, 27018.0, 21321.0, 54220.0, 54226.0, 40087.0, 8889.0, 4443.0, 9788.0, 8841.0, 1085.0, 221.0, 13708.0, 14919.0, 3155.0, 52912.0, 12100.0, 57892.0, 63565.0, 21517.0, 12559.0, 19410.0, 54790.0, 33984.0, 6660.0, 2343.0, 6725.0, 65432.0, 1083.0, 389.0, 4549.0, 44368.0, 3156.0, 52448.0, 16439.0, 5474.0, 9097.0, 1212.0, 222.0, 10259.0, 46769.0, 8883.0, 52070.0, 52082.0, 12078.0, 14787.0, 40147.0, 7880.0, 7899.0, 9090.0, 14636.0, 46943.0, 39098.0, 5660.0, 11242.0, 42847.0, 83.0, 37848.0, 37850.0, 39472.0, 3518.0, 50501.0, 5269.0, 15037.0, 53631.0, 10248.0, 9704.0, 35628.0, 22824.0, 8230.0, 1443.0, 3390.0, 3052.0, 9002.0, 40668.0, 37398.0, 37412.0, 9299.0, 40656.0, 10443.0, 22844.0, 17102.0, 46874.0, 50845.0, 636.0, 52208.0, 52212.0, 57146.0, 7351.0, 50752.0, 9565.0, 8663.0, 50010.0, 1763.0, 8898.0, 9088.0, 10001.0, 14343.0, 8698.0, 1147.0, 44350.0, 28729.0, 9943.0, 52196.0, 52190.0, 873.0, 16430.0, 3629.0, 13715.0, 36714.0, 8321.0, 36702.0, 36728.0, 36726.0, 36738.0, 5985.0, 2376.0, 4730.0, 88.0, 58194.0, 5466.0, 24.0, 37.0, 47693.0, 555.0, 63198.0, 1025.0, 8026.0, 8030.0, 853.0, 1222.0, 36684.0, 36696.0, 38988.0, 2052.0, 33514.0, 8402.0, 11521.0, 58865.0, 4027.0, 941.0, 42300.0, 7741.0, 119.0, 56890.0, 63336.0, 47029.0, 715.0, 20220.0, 9456.0, 8119.0, 1081.0, 5090.0, 4360.0, 38772.0, 38784.0, 38794.0, 38808.0, 38814.0, 38818.0, 8173.0, 9418.0, 28268.0, 20201.0, 7549.0, 60022.0, 39044.0, 4526.0, 37777.0, 25443.0, 51967.0, 58080.0, 591.0, 5353.0, 52640.0, 16431.0, 6662.0, 40045.0, 4896.0, 27302.0, 7547.0, 58112.0, 104.0, 5295.0, 5595.0, 59804.0, 4359.0, 60716.0, 21275.0, 42575.0, 58170.0, 8009.0, 46172.0, 6012.0, 38636.0, 38638.0, 35972.0, 21594.0, 49912.0, 41014.0, 44818.0, 9301.0, 9334.0, 3978.0, 2211.0, 2956.0, 7997.0, 20298.0, 48300.0, 38634.0, 38630.0, 52247.0, 50067.0, 1911.0, 47990.0, 12006.0, 10353.0]"
2025-07-24T22:31:28.000Z,"[5901.0, 7031.0, 17000.0, 5900.0, 22.0, 5914.0, 23.0, 7777.0, 587.0, 7072.0, 8443.0, 4988.0, 37962.0, 61745.0, 25976.0, 33766.0, 10250.0, 1054.0, 10754.0, 873.0, 10353.0, 1909.0, 58428.0, 443.0, nan, 5707.0, 56830.0, 49501.0, 3389.0, 9273.0, 8088.0, 15475.0, 41706.0, 3816.0, 5060.0, 56818.0, 56822.0, 25565.0, 8728.0, 8718.0, 82.0, 3276.0, 16442.0, 2247.0, 34681.0, 10221.0, 34407.0, 11605.0, 9044.0, 49431.0, 2628.0, 8837.0, 5001.0, 9042.0, 17756.0, 8200.0, 9043.0, 9829.0, 16435.0, 8052.0, 10022.0, 4965.0, 2474.0, 59566.0, 8180.0, 2452.0, 41256.0, 2087.0, 1128.0, 6350.0, 6022.0, 58305.0, 54108.0, 10682.0, 3306.0, 36496.0, 41244.0, 8250.0, 34984.0, 2026.0, 27606.0, 52222.0, 4369.0, 8907.0, 28888.0, 1599.0, 1355.0, 8913.0, 4000.0, 2118.0, 3395.0, 47988.0, 2375.0, 32500.0, 58722.0, 5038.0, 5222.0, 12194.0, 11102.0, 6379.0, 8163.0, 80.0, 593.0, 9916.0, 58694.0, 58710.0, 58708.0, 49167.0, 771.0, 61616.0, 1201.0, 4300.0, 22000.0, 43142.0, 45086.0, 45100.0, 45102.0, 45118.0, 1080.0, 8477.0, 52200.0, 52158.0, 36.0, 38406.0, 6036.0, 8138.0, 5800.0, 45058.0, 45070.0, 34800.0, 45584.0, 1433.0, 111.0, 8852.0, 2078.0, 10729.0, 56460.0, 11434.0, 50270.0, 50284.0, 50278.0, 9000.0, 47108.0, 50294.0, 50306.0, 29015.0, 25.0, 5399.0, 639.0, 4302.0, 45283.0, 59516.0, 6666.0, 16436.0, 14443.0, 2380.0, 60443.0, 10738.0, 3289.0, 8080.0, 37758.0, 37762.0, 7956.0, 11684.0, 20122.0, 8031.0, 3422.0, 7609.0, 68.0, 57008.0, 54738.0, 23443.0, 8004.0, 3745.0, 3768.0, 85.0, 25001.0, 5037.0, 6629.0, 214.0, 8159.0, 50528.0, 46307.0, 1087.0, 5235.0, 9100.0, 54321.0, 9913.0, 32968.0, 32980.0, 32996.0, 8908.0, 32962.0, 13189.0, 34512.0, 12173.0, 34425.0, 51390.0, 51394.0, 51408.0, 51416.0, 51418.0, 8083.0, 27017.0, 8056.0, 5300.0, 8999.0, 17001.0, 8888.0, 42888.0, 5432.0, 16437.0, 20001.0, 12250.0, 38262.0, 36376.0, 1086.0, 9999.0, 7474.0, 1708.0, 3264.0, 16024.0, 47758.0, 11027.0, 41703.0, 44568.0, 115.0, 789.0, 60001.0, 40039.0, 13546.0, 34567.0, 619.0, 2892.0, 5555.0, 10261.0, 1830.0, 5018.0, 9322.0, 6667.0, 54464.0, 55216.0, 13262.0, 45834.0, 8880.0, 9091.0, 700.0, 42572.0, 4355.0, 51128.0, 51142.0, 8001.0, 51112.0, 34439.0, 48649.0, 1135.0, 33387.0, 51300.0, 8554.0, 3128.0, 4028.0, 9200.0, 2113.0, 20086.0, 8164.0, 5748.0, 4330.0, 1232.0, 3716.0, 5909.0, 13559.0, 36184.0, 51001.0, 26.0, 16438.0, 3385.0, 11723.0, 51278.0, 5135.0, 54220.0, 54226.0, 4156.0, 8935.0, 54240.0, 54256.0, 50096.0, 465.0, 14919.0, 390.0, 89.0, 27018.0, 21321.0, 12559.0, 6660.0, 40087.0, 8889.0, 4443.0, 9788.0, 8841.0, 1085.0, 221.0, 13708.0, 3155.0, 52912.0, 12100.0, 57892.0, 63565.0, 21517.0, 19410.0, 54790.0, 33984.0, 5474.0, 52070.0, 52082.0, 2343.0, 6725.0, 65432.0, 1083.0, 389.0, 4549.0, 44368.0, 3156.0, 52448.0, 16439.0, 10259.0, 9097.0, 1212.0, 222.0, 46769.0, 8883.0, 12078.0, 14787.0, 40147.0, 37848.0, 37850.0, 7880.0, 7899.0, 9090.0, 14636.0, 22824.0, 46943.0, 39098.0, 5660.0, 11242.0, 42847.0, 83.0, 39472.0, 3518.0, 50501.0, 5269.0, 15037.0, 53631.0, 10248.0, 9704.0, 35628.0, 40668.0, 37398.0, 37412.0, 9299.0, 40656.0, 8230.0, 1443.0, 3390.0, 3052.0, 9002.0, 10443.0, 22844.0, 17102.0, 46874.0, 50845.0, 636.0, 52196.0, 52190.0, 52208.0, 52212.0, 57146.0, 7351.0, 50752.0, 9565.0, 8663.0, 50010.0, 1763.0, 8898.0, 9088.0, 10001.0, 14343.0, 8698.0, 1147.0, 44350.0, 28729.0, 9943.0, 37.0, 16430.0, 3629.0, 13715.0, 1222.0, 8026.0, 36714.0, 36684.0, 8321.0, 36702.0, 36696.0, 36728.0, 36726.0, 36738.0, 5985.0, 2376.0, 4730.0, 88.0, 58194.0, 5466.0, 24.0, 47693.0, 58865.0, 4027.0, 941.0, 42300.0, 555.0, 63198.0, 1025.0, 8030.0, 853.0, 38988.0, 2052.0, 33514.0, 8402.0, 11521.0, 8119.0, 7741.0, 119.0, 56890.0, 28268.0, 63336.0, 47029.0, 715.0, 20220.0, 9456.0, 1081.0, 5090.0, 5353.0, 4360.0, 38772.0, 38784.0, 38794.0, 38808.0, 38814.0, 38818.0, 8173.0, 9418.0, 20201.0, 7549.0, 60022.0, 39044.0, 4526.0, 37777.0, 25443.0, 51967.0, 58080.0, 591.0, 4359.0, 52640.0, 16431.0, 6662.0, 40045.0, 4896.0, 27302.0, 7547.0, 46172.0, 58112.0, 104.0, 5295.0, 5595.0, 59804.0, 60716.0, 21275.0, 42575.0, 58170.0, 8009.0, 6012.0, 48300.0, 38634.0, 38630.0, 9301.0, 38636.0, 38638.0, 35972.0, 21594.0, 49912.0, 4575.0, 8010.0]"
2025-07-24T22:33:19.000Z,"[5901.0, 5900.0, 22.0, 1112.0, 8010.0, 1443.0, 5707.0, 6106.0, 8443.0, 8080.0, 9092.0, 32800.0, 80.0, 57.0, 5914.0, 23.0, 587.0, 7031.0, 17000.0, 7777.0, 4575.0, 443.0, 25976.0, nan, 873.0, 4988.0, 37962.0, 61745.0, 33766.0, 10250.0, 1054.0, 10754.0, 7072.0, 41706.0, 56818.0, 56822.0, 56830.0, 49501.0, 3389.0, 10353.0, 1909.0, 58428.0, 3276.0, 16442.0, 25565.0, 8728.0, 8718.0, 9273.0, 8088.0, 15475.0, 3816.0, 5060.0, 9829.0, 16435.0, 8052.0, 2247.0, 34681.0, 10221.0, 34407.0, 11605.0, 9044.0, 49431.0, 82.0, 1128.0, 6022.0, 58305.0, 10022.0, 2628.0, 4965.0, 2474.0, 59566.0, 8180.0, 9042.0, 2452.0, 8837.0, 5001.0, 17756.0, 8200.0, 9043.0, 8250.0, 54108.0, 10682.0, 3306.0, 36496.0, 41244.0, 41256.0, 2087.0, 6350.0, 47988.0, 2026.0, 27606.0, 52222.0, 4369.0, 8907.0, 34984.0, 5222.0, 2375.0, 32500.0, 28888.0, 1599.0, 1355.0, 8913.0, 4000.0, 2118.0, 3395.0, 8163.0, 12194.0, 11102.0, 6379.0, 593.0, 9916.0, 58694.0, 58710.0, 58708.0, 58722.0, 5038.0, 49167.0, 22000.0, 61616.0, 771.0, 52200.0, 38406.0, 43142.0, 1201.0, 4300.0, 6036.0, 8138.0, 34800.0, 5800.0, 45058.0, 45070.0, 45086.0, 45100.0, 45102.0, 45118.0, 1080.0, 8477.0, 52158.0, 36.0, 29015.0, 25.0, 10729.0, 45584.0, 56460.0, 1433.0, 111.0, 8852.0, 2078.0, 14443.0, 3289.0, 45283.0, 5399.0, 639.0, 4302.0, 11434.0, 50270.0, 50284.0, 50278.0, 9000.0, 47108.0, 50294.0, 50306.0, 3422.0, 7609.0, 37758.0, 37762.0, 59516.0, 6666.0, 16436.0, 2380.0, 60443.0, 10738.0, 85.0, 68.0, 57008.0, 54738.0, 23443.0, 8004.0, 3745.0, 3768.0, 7956.0, 11684.0, 20122.0, 8031.0, 9913.0, 46307.0, 1087.0, 25001.0, 5037.0, 6629.0, 214.0, 8159.0, 50528.0, 51408.0, 51416.0, 51418.0, 32962.0, 32968.0, 32980.0, 32996.0, 8908.0, 9100.0, 5235.0, 54321.0, 8056.0, 5300.0, 13189.0, 34512.0, 12173.0, 34425.0, 51390.0, 51394.0, 8083.0, 27017.0, 38262.0, 8999.0, 17001.0, 8888.0, 42888.0, 5432.0, 36376.0, 3264.0, 16024.0, 16437.0, 20001.0, 12250.0, 619.0, 2892.0, 1086.0, 9999.0, 7474.0, 1708.0, 10261.0, 13262.0, 47758.0, 11027.0, 41703.0, 44568.0, 115.0, 789.0, 60001.0, 40039.0, 13546.0, 34567.0, 5555.0, 1830.0, 5018.0, 9322.0, 6667.0, 54464.0, 55216.0, 48649.0, 8554.0, 45834.0, 8880.0, 9091.0, 700.0, 42572.0, 4355.0, 51128.0, 51142.0, 8001.0, 51112.0, 34439.0, 1135.0, 33387.0, 51300.0, 4330.0, 3128.0, 4028.0, 9200.0, 2113.0, 20086.0, 8164.0, 5748.0, 51001.0, 26.0, 1232.0, 3716.0, 5909.0, 13559.0, 51278.0, 36184.0, 11723.0, 16438.0, 3385.0, 27018.0, 21321.0, 5135.0, 54220.0, 54226.0, 4156.0, 8935.0, 54240.0, 54256.0, 50096.0, 13708.0, 465.0, 14919.0, 390.0, 89.0, 54790.0, 12559.0, 6660.0, 40087.0, 8889.0, 4443.0, 9788.0, 8841.0, 1085.0, 221.0, 52448.0, 16439.0, 3155.0, 52912.0, 12100.0, 57892.0, 63565.0, 21517.0, 19410.0, 33984.0, 10259.0, 1083.0, 46769.0, 8883.0, 5474.0, 52070.0, 52082.0, 2343.0, 6725.0, 65432.0, 389.0, 4549.0, 44368.0, 3156.0, 40147.0, 9097.0, 1212.0, 222.0, 12078.0, 14787.0, 83.0, 37848.0, 37850.0, 7880.0, 7899.0, 9090.0, 14636.0, 9704.0, 22824.0, 46943.0, 39098.0, 5660.0, 11242.0, 42847.0, 15037.0, 39472.0, 3518.0, 50501.0, 5269.0, 53631.0, 10248.0, 35628.0, 8230.0, 40668.0, 37398.0, 37412.0, 9299.0, 40656.0, 3390.0, 636.0, 3052.0, 9002.0, 1763.0, 10443.0, 22844.0, 17102.0, 46874.0, 50845.0, 28729.0, 9943.0, 52196.0, 52190.0, 52208.0, 52212.0, 57146.0, 7351.0, 50752.0, 9565.0, 8663.0, 50010.0, 13715.0, 8898.0, 9088.0, 10001.0, 14343.0, 8698.0, 1147.0, 44350.0, 24.0, 58194.0, 37.0, 16430.0, 3629.0, 2376.0, 8030.0, 1222.0, 8026.0, 36714.0, 36684.0, 8321.0, 36702.0, 36696.0, 36728.0, 36726.0, 36738.0, 5985.0, 4730.0, 88.0, 5466.0, 8402.0, 11521.0, 47693.0, 58865.0, 4027.0, 941.0, 42300.0, 555.0, 63198.0, 1025.0, 853.0, 56890.0, 38988.0, 2052.0, 33514.0, 1081.0, 5090.0, 8119.0, 7741.0, 119.0, 8173.0, 9418.0, 28268.0, 63336.0, 47029.0, 715.0, 20220.0, 9456.0, 5353.0, 4360.0, 38772.0, 38784.0, 38794.0, 38808.0, 38814.0, 38818.0, 4896.0, 27302.0, 7547.0, 20201.0, 7549.0, 60022.0, 39044.0, 4526.0, 37777.0, 25443.0, 51967.0, 58080.0, 591.0, 59804.0, 4359.0, 52640.0, 16431.0, 6662.0, 40045.0, 46172.0, 58112.0, 104.0, 5295.0, 5595.0, 6012.0, 60716.0, 21275.0, 42575.0, 58170.0, 8009.0, 6699.0, 16441.0, 2455.0]"
2025-07-24T22:35:14.000Z,"[5900.0, 5901.0, 22.0, 6234.0, 5567.0, 1782.0, 8443.0, 6699.0, 7956.0, 2455.0, 30010.0, 5138.0, 29015.0, 501.0, 10754.0, 30007.0, 80.0, 8010.0, 36598.0, 36600.0, 36614.0, 40994.0, 40998.0, 1112.0, 16441.0, 9092.0, 6106.0, 1599.0, 2931.0, 1883.0, 5914.0, 1443.0, 5707.0, 8080.0, 32800.0, 57.0, 23.0, 7777.0, 587.0, 7031.0, 17000.0, 4575.0, 443.0, 25976.0, 61745.0, 58428.0, nan, 873.0, 4988.0, 37962.0, 33766.0, 10250.0, 1054.0, 7072.0, 41706.0, 5060.0, 1909.0, 56818.0, 56822.0, 56830.0, 49501.0, 3389.0, 10353.0, 3276.0, 16442.0, 25565.0, 8728.0, 8718.0, 9273.0, 8088.0, 15475.0, 3816.0, 9043.0, 9829.0, 16435.0, 8052.0, 2247.0, 34681.0, 10221.0, 34407.0, 11605.0, 9044.0, 49431.0, 82.0, 41256.0, 2087.0, 1128.0, 6350.0, 6022.0, 58305.0, 10022.0, 2628.0, 4965.0, 2474.0, 59566.0, 8180.0, 9042.0, 2452.0, 8837.0, 5001.0, 17756.0, 8200.0, 34984.0, 8250.0, 54108.0, 10682.0, 3306.0, 36496.0, 41244.0, 3395.0, 47988.0, 2026.0, 27606.0, 52222.0, 4369.0, 8907.0, 5038.0, 5222.0, 2375.0, 32500.0, 28888.0, 1355.0, 8913.0, 4000.0, 2118.0, 11102.0, 8163.0, 12194.0, 6379.0, 593.0, 9916.0, 58694.0, 58710.0, 58708.0, 58722.0, 49167.0, 22000.0, 61616.0, 771.0, 52200.0, 38406.0, 43142.0, 1201.0, 4300.0, 6036.0, 8138.0, 34800.0, 5800.0, 45058.0, 45070.0, 45086.0, 45100.0, 45102.0, 45118.0, 1080.0, 8477.0, 52158.0, 36.0, 9000.0, 25.0, 10729.0, 45584.0, 56460.0, 1433.0, 111.0, 8852.0, 2078.0, 14443.0, 10738.0, 60443.0, 3289.0, 45283.0, 5399.0, 639.0, 4302.0, 11434.0, 50270.0, 50284.0, 50278.0, 47108.0, 50294.0, 50306.0, 8031.0, 20122.0, 2380.0, 3422.0, 7609.0, 37758.0, 37762.0, 59516.0, 6666.0, 16436.0, 50528.0, 85.0, 68.0, 57008.0, 54738.0, 23443.0, 8004.0, 3745.0, 3768.0, 11684.0, 9913.0, 46307.0, 1087.0, 25001.0, 5037.0, 6629.0, 214.0, 8159.0, 51390.0, 51394.0, 51408.0, 51416.0, 51418.0, 32962.0, 32968.0, 32980.0, 32996.0, 8908.0, 9100.0, 5235.0, 54321.0, 8056.0, 5300.0, 13189.0, 34512.0, 12173.0, 34425.0, 8083.0, 27017.0, 38262.0, 8999.0, 17001.0, 8888.0, 42888.0, 5432.0, 36376.0, 3264.0, 16024.0, 16437.0, 20001.0, 12250.0, 619.0, 2892.0, 1086.0, 9999.0, 7474.0, 1708.0, 10261.0, 9322.0, 54464.0, 55216.0, 13262.0, 47758.0, 11027.0, 41703.0, 44568.0, 115.0, 789.0, 60001.0, 40039.0, 13546.0, 34567.0, 5555.0, 1830.0, 5018.0, 6667.0, 51300.0, 48649.0, 8554.0, 45834.0, 8880.0, 9091.0, 700.0, 42572.0, 4355.0, 51128.0, 51142.0, 8001.0, 51112.0, 34439.0, 1135.0, 33387.0, 5748.0, 4330.0, 3128.0, 4028.0, 9200.0, 2113.0, 20086.0, 8164.0, 51001.0, 26.0, 1232.0, 3716.0, 5909.0, 13559.0, 11723.0, 51278.0, 36184.0, 16438.0, 3385.0, 27018.0, 21321.0, 5135.0, 54220.0, 54226.0, 4156.0, 8935.0, 54240.0, 54256.0, 50096.0, 1085.0, 465.0, 13708.0, 14919.0, 390.0, 89.0, 19410.0, 54790.0, 33984.0, 12559.0, 6660.0, 40087.0, 8889.0, 4443.0, 9788.0, 8841.0, 221.0, 3156.0, 3155.0, 52448.0, 16439.0, 52912.0, 12100.0, 57892.0, 63565.0, 21517.0, 9097.0, 10259.0, 1083.0, 46769.0, 8883.0, 5474.0, 52070.0, 52082.0, 2343.0, 6725.0, 65432.0, 389.0, 4549.0, 44368.0, 40147.0, 1212.0, 222.0, 14636.0, 12078.0, 14787.0, 83.0, 37848.0, 37850.0, 7880.0, 7899.0, 9090.0, 9704.0, 35628.0, 22824.0, 46943.0, 39098.0, 5660.0, 11242.0, 42847.0, 15037.0, 39472.0, 3518.0, 50501.0, 5269.0, 53631.0, 10248.0, 8230.0, 40668.0, 37398.0, 37412.0, 9299.0, 40656.0, 3390.0, 46874.0, 50845.0, 636.0, 3052.0, 9002.0, 8663.0, 1763.0, 10443.0, 22844.0, 17102.0, 44350.0, 28729.0, 9943.0, 52196.0, 52190.0, 52208.0, 52212.0, 57146.0, 7351.0, 50752.0, 9565.0, 50010.0, 3629.0, 1147.0, 13715.0, 8898.0, 9088.0, 10001.0, 14343.0, 8698.0, 58194.0, 5466.0, 24.0, 37.0, 16430.0, 2376.0, 8030.0, 1222.0, 8026.0, 36714.0, 36684.0, 8321.0, 36702.0, 36696.0, 36728.0, 36726.0, 36738.0, 5985.0, 4730.0, 88.0, 33514.0, 8402.0, 11521.0, 47693.0, 58865.0, 4027.0, 941.0, 42300.0, 555.0, 63198.0, 1025.0, 853.0, 119.0, 56890.0, 38988.0, 2052.0, 1081.0, 5090.0, 8119.0, 7741.0, 8173.0, 9418.0, 28268.0, 63336.0, 47029.0, 715.0, 20220.0, 9456.0, 58080.0, 5353.0, 4360.0, 38772.0, 38784.0, 38794.0, 38808.0, 38814.0, 38818.0, 4896.0, 27302.0, 7547.0, 20201.0, 7549.0, 60022.0, 39044.0, 4526.0, 37777.0, 25443.0, 51967.0, 591.0, 59804.0, 4359.0, 52640.0, 16431.0, 6662.0, 40045.0, 8079.0, 161.0, 3451.0, 5061.0, 50574.0]"
2025-07-24T22:37:06.000Z,"[5900.0, 5901.0, 22.0, 347.0, 8443.0, 8333.0, 55333.0, 1782.0, 5567.0, 5060.0, 5555.0, nan, 1433.0, 6234.0, 50574.0, 1883.0, 5061.0, 59544.0, 5914.0, 80.0, 30010.0, 2455.0, 8079.0, 51284.0, 3451.0, 5138.0, 161.0, 2404.0, 30007.0, 7956.0, 29015.0, 501.0, 10754.0, 6699.0, 8010.0, 36598.0, 36600.0, 36614.0, 40994.0, 40998.0, 1112.0, 16441.0, 9092.0, 6106.0, 1599.0, 2931.0, 1443.0, 5707.0, 8080.0, 32800.0, 57.0, 23.0, 7072.0, 7777.0, 587.0, 7031.0, 17000.0, 4575.0, 443.0, 25976.0, 10353.0, 1909.0, 61745.0, 58428.0, 873.0, 4988.0, 37962.0, 33766.0, 10250.0, 1054.0, 41706.0, 3816.0, 56818.0, 56822.0, 56830.0, 49501.0, 3389.0, 82.0, 3276.0, 16442.0, 25565.0, 8728.0, 8718.0, 9273.0, 8088.0, 15475.0, 9042.0, 17756.0, 8200.0, 9043.0, 9829.0, 16435.0, 8052.0, 2247.0, 34681.0, 10221.0, 34407.0, 11605.0, 9044.0, 49431.0, 36496.0, 41244.0, 41256.0, 2087.0, 1128.0, 6350.0, 6022.0, 58305.0, 10022.0, 2628.0, 4965.0, 2474.0, 59566.0, 8180.0, 2452.0, 8837.0, 5001.0, 8907.0, 34984.0, 8250.0, 54108.0, 10682.0, 3306.0, 2118.0, 3395.0, 47988.0, 2026.0, 27606.0, 52222.0, 4369.0, 58710.0, 58708.0, 58722.0, 5038.0, 5222.0, 2375.0, 32500.0, 28888.0, 1355.0, 8913.0, 4000.0, 8163.0, 11102.0, 12194.0, 6379.0, 593.0, 9916.0, 58694.0, 49167.0, 22000.0, 61616.0, 771.0, 8477.0, 52200.0, 36.0, 38406.0, 43142.0, 1201.0, 4300.0, 2078.0, 6036.0, 8138.0, 34800.0, 5800.0, 45058.0, 45070.0, 45086.0, 45100.0, 45102.0, 45118.0, 1080.0, 52158.0, 9000.0, 47108.0, 50294.0, 50306.0, 25.0, 10729.0, 45584.0, 56460.0, 111.0, 8852.0, 14443.0, 2380.0, 60443.0, 10738.0, 3289.0, 45283.0, 5399.0, 639.0, 4302.0, 11434.0, 50270.0, 50284.0, 50278.0, 11684.0, 20122.0, 8031.0, 3422.0, 7609.0, 37758.0, 37762.0, 59516.0, 6666.0, 16436.0, 8159.0, 50528.0, 85.0, 68.0, 57008.0, 54738.0, 23443.0, 8004.0, 3745.0, 3768.0, 9100.0, 9913.0, 46307.0, 1087.0, 25001.0, 5037.0, 6629.0, 214.0, 34425.0, 51390.0, 51394.0, 51408.0, 51416.0, 51418.0, 32962.0, 32968.0, 32980.0, 32996.0, 8908.0, 5235.0, 54321.0, 8056.0, 5300.0, 13189.0, 34512.0, 12173.0, 5432.0, 8083.0, 27017.0, 20001.0, 12250.0, 38262.0, 8999.0, 17001.0, 8888.0, 42888.0, 1708.0, 36376.0, 3264.0, 16024.0, 16437.0, 13546.0, 34567.0, 619.0, 2892.0, 1086.0, 9999.0, 7474.0, 10261.0, 9322.0, 6667.0, 54464.0, 55216.0, 13262.0, 47758.0, 11027.0, 41703.0, 44568.0, 115.0, 789.0, 60001.0, 40039.0, 1830.0, 5018.0, 51300.0, 48649.0, 8554.0, 45834.0, 8880.0, 9091.0, 700.0, 42572.0, 4355.0, 51128.0, 51142.0, 8001.0, 51112.0, 34439.0, 1135.0, 33387.0, 5748.0, 4330.0, 3128.0, 4028.0, 5909.0, 13559.0, 9200.0, 2113.0, 20086.0, 8164.0, 51001.0, 26.0, 1232.0, 3716.0, 3385.0, 11723.0, 51278.0, 36184.0, 5135.0, 16438.0, 27018.0, 21321.0, 54220.0, 54226.0, 4156.0, 8935.0, 54240.0, 54256.0, 50096.0, 8889.0, 1085.0, 221.0, 465.0, 13708.0, 14919.0, 390.0, 89.0, 9788.0, 12559.0, 19410.0, 54790.0, 33984.0, 6660.0, 40087.0, 4443.0, 8841.0, 3156.0, 3155.0, 52448.0, 16439.0, 52912.0, 12100.0, 57892.0, 63565.0, 21517.0, 9097.0, 10259.0, 1083.0, 46769.0, 8883.0, 5474.0, 52070.0, 52082.0, 2343.0, 6725.0, 65432.0, 389.0, 4549.0, 44368.0, 14787.0, 40147.0, 1212.0, 222.0, 9090.0, 14636.0, 12078.0, 5660.0, 11242.0, 42847.0, 83.0, 37848.0, 37850.0, 7880.0, 7899.0, 53631.0, 10248.0, 9704.0, 35628.0, 22824.0, 46943.0, 39098.0, 15037.0, 39472.0, 3518.0, 50501.0, 5269.0, 8230.0, 40668.0, 37398.0, 37412.0, 9299.0, 40656.0, 3390.0, 46874.0, 50845.0, 636.0, 3052.0, 9002.0, 8663.0, 50010.0, 1763.0, 10443.0, 22844.0, 17102.0, 8898.0, 1147.0, 44350.0, 28729.0, 9943.0, 52196.0, 52190.0, 52208.0, 52212.0, 57146.0, 7351.0, 50752.0, 9565.0, 16430.0, 3629.0, 13715.0, 9088.0, 10001.0, 14343.0, 8698.0, 88.0, 58194.0, 5466.0, 24.0, 37.0, 8026.0, 8030.0, 853.0, 2376.0, 1222.0, 36714.0, 36684.0, 8321.0, 36702.0, 36696.0, 36728.0, 36726.0, 36738.0, 5985.0, 4730.0, 33514.0, 8402.0, 11521.0, 47693.0, 58865.0, 4027.0, 941.0, 42300.0, 555.0, 63198.0, 1025.0, 7741.0, 119.0, 56890.0, 38988.0, 2052.0, 8119.0, 1081.0, 5090.0, 9456.0, 38814.0, 38818.0, 8173.0, 9418.0, 28268.0, 63336.0, 47029.0, 715.0, 20220.0, 51967.0, 58080.0, 591.0, 5353.0, 4360.0, 38772.0, 38784.0, 38794.0, 38808.0, 49241.0, 16440.0, 52999.0, 56886.0, 30001.0, 53300.0, 9765.0, 10075.0]"
2025-07-24T22:39:01.000Z,"[5900.0, 5901.0, 22.0, 8443.0, 1194.0, 9765.0, 12443.0, 12505.0, 5003.0, 10443.0, 4343.0, 56886.0, 53300.0, 16440.0, 52999.0, 55333.0, 5555.0, 2404.0, 10075.0, 23.0, nan, 443.0, 80.0, 30001.0, 1433.0, 8888.0, 8333.0, 10221.0, 49241.0, 347.0, 1782.0, 30007.0, 5567.0, 5060.0, 6699.0, 6234.0, 50574.0, 1883.0, 5061.0, 59544.0, 5914.0, 30010.0, 2455.0, 8079.0, 51284.0, 3451.0, 5138.0, 161.0, 7956.0, 29015.0, 501.0, 10754.0, 8010.0, 36598.0, 36600.0, 36614.0, 40994.0, 40998.0, 1112.0, 16441.0, 9092.0, 6106.0, 1599.0, 2931.0, 1443.0, 5707.0, 8080.0, 32800.0, 57.0, 25976.0, 10250.0, 7072.0, 7777.0, 587.0, 7031.0, 17000.0, 4575.0, 10353.0, 1909.0, 61745.0, 58428.0, 873.0, 4988.0, 37962.0, 33766.0, 1054.0, 9273.0, 8088.0, 15475.0, 41706.0, 3816.0, 56818.0, 56822.0, 56830.0, 49501.0, 3389.0, 82.0, 3276.0, 16442.0, 25565.0, 8728.0, 8718.0, 5001.0, 9042.0, 17756.0, 8200.0, 9043.0, 9829.0, 16435.0, 8052.0, 2247.0, 34681.0, 34407.0, 11605.0, 9044.0, 49431.0, 36496.0, 41244.0, 41256.0, 2087.0, 1128.0, 6350.0, 6022.0, 58305.0, 10022.0, 2628.0, 4965.0, 2474.0, 59566.0, 8180.0, 2452.0, 8837.0, 8907.0, 34984.0, 8250.0, 54108.0, 10682.0, 3306.0, 2118.0, 3395.0, 47988.0, 2026.0, 27606.0, 52222.0, 4369.0, 58694.0, 58710.0, 58708.0, 58722.0, 5038.0, 5222.0, 2375.0, 32500.0, 28888.0, 1355.0, 8913.0, 4000.0, 771.0, 8163.0, 11102.0, 12194.0, 6379.0, 593.0, 9916.0, 1201.0, 4300.0, 49167.0, 22000.0, 61616.0, 8477.0, 52200.0, 52158.0, 36.0, 38406.0, 43142.0, 2078.0, 6036.0, 8138.0, 34800.0, 5800.0, 45058.0, 45070.0, 45086.0, 45100.0, 45102.0, 45118.0, 1080.0, 11434.0, 50270.0, 50284.0, 50278.0, 9000.0, 47108.0, 50294.0, 50306.0, 25.0, 10729.0, 45584.0, 56460.0, 111.0, 8852.0, 14443.0, 2380.0, 60443.0, 10738.0, 3289.0, 45283.0, 5399.0, 639.0, 4302.0, 11684.0, 20122.0, 8031.0, 3422.0, 7609.0, 37758.0, 37762.0, 59516.0, 6666.0, 16436.0, 8159.0, 50528.0, 85.0, 68.0, 57008.0, 54738.0, 23443.0, 8004.0, 3745.0, 3768.0, 54321.0, 9100.0, 9913.0, 46307.0, 1087.0, 25001.0, 5037.0, 6629.0, 214.0, 34425.0, 51390.0, 51394.0, 51408.0, 51416.0, 51418.0, 32962.0, 32968.0, 32980.0, 32996.0, 8908.0, 5235.0, 27017.0, 8056.0, 5300.0, 13189.0, 34512.0, 12173.0, 5432.0, 8083.0, 20001.0, 12250.0, 38262.0, 8999.0, 17001.0, 42888.0, 7474.0, 1708.0, 36376.0, 3264.0, 16024.0, 16437.0, 13546.0, 34567.0, 619.0, 2892.0, 1086.0, 9999.0, 5018.0, 10261.0, 9322.0, 6667.0, 54464.0, 55216.0, 13262.0, 47758.0, 11027.0, 41703.0, 44568.0, 115.0, 789.0, 60001.0, 40039.0, 1830.0, 8880.0, 700.0, 1135.0, 4355.0, 51300.0, 48649.0, 8554.0, 45834.0, 9091.0, 42572.0, 51128.0, 51142.0, 8001.0, 51112.0, 34439.0, 33387.0, 5748.0, 4330.0, 3128.0, 4028.0, 5909.0, 13559.0, 9200.0, 2113.0, 20086.0, 8164.0, 51001.0, 26.0, 1232.0, 3716.0, 3385.0, 11723.0, 51278.0, 36184.0, 5135.0, 16438.0, 27018.0, 21321.0, 54220.0, 54226.0, 4156.0, 8935.0, 54240.0, 54256.0, 50096.0, 9788.0, 8841.0, 8889.0, 1085.0, 221.0, 465.0, 13708.0, 14919.0, 390.0, 89.0, 12559.0, 19410.0, 54790.0, 33984.0, 6660.0, 40087.0, 4443.0, 4549.0, 44368.0, 3156.0, 3155.0, 52448.0, 16439.0, 52912.0, 12100.0, 57892.0, 63565.0, 21517.0, 9097.0, 10259.0, 1083.0, 46769.0, 8883.0, 5474.0, 52070.0, 52082.0, 2343.0, 6725.0, 65432.0, 389.0, 14787.0, 40147.0, 1212.0, 222.0, 9090.0, 14636.0, 12078.0, 5660.0, 11242.0, 42847.0, 83.0, 37848.0, 37850.0, 7880.0, 7899.0, 53631.0, 10248.0, 9704.0, 35628.0, 22824.0, 46943.0, 39098.0, 15037.0, 39472.0, 3518.0, 50501.0, 5269.0, 8230.0, 40668.0, 37398.0, 37412.0, 9299.0, 40656.0, 3390.0, 46874.0, 50845.0, 636.0, 3052.0, 9002.0, 9565.0, 8663.0, 50010.0, 1763.0, 22844.0, 17102.0, 8698.0, 8898.0, 1147.0, 44350.0, 28729.0, 9943.0, 52196.0, 52190.0, 52208.0, 52212.0, 57146.0, 7351.0, 50752.0, 16430.0, 3629.0, 13715.0, 9088.0, 10001.0, 14343.0, 88.0, 58194.0, 5466.0, 24.0, 37.0, 8026.0, 8030.0, 853.0, 2376.0, 1222.0, 36714.0, 36684.0, 8321.0, 36702.0, 36696.0, 36728.0, 36726.0, 36738.0, 5985.0, 4730.0, 2052.0, 33514.0, 8402.0, 11521.0, 47693.0, 58865.0, 4027.0, 941.0, 42300.0, 555.0, 63198.0, 1025.0, 7741.0, 119.0, 56890.0, 38988.0, 20220.0, 8119.0, 1081.0, 5090.0, 21238.0, 58615.0]"
2025-07-24T22:41:13.000Z,"[22.0, 80.0, 5914.0, 5901.0, 5900.0, 1311.0, 2375.0, 1433.0, 30001.0, 41286.0, 8443.0, 9090.0, 11026.0, 12154.0, 43884.0, 9200.0, 5003.0, 51726.0, 51728.0, 10443.0, 9091.0, 3389.0, 1194.0, 111.0, 34436.0, 34426.0, 34434.0, 48228.0, 4343.0, 48244.0, 48268.0, 48260.0, 58615.0, 53300.0, 12505.0, 56886.0, 12443.0, 9765.0, 49241.0, 21238.0, 16440.0, 52999.0, 443.0, 5555.0, 8888.0, 23.0, 8333.0, 10221.0, 55333.0, 347.0, 2404.0, 10075.0, nan, 1782.0, 5060.0, 50574.0, 1883.0, 5567.0, 5061.0, 59544.0, 30010.0, 2455.0, 8079.0, 51284.0, 3451.0, 5138.0, 161.0, 30007.0, 7956.0, 29015.0, 501.0, 10754.0, 6699.0, 6234.0, 8010.0, 36598.0, 36600.0, 36614.0, 40994.0, 40998.0, 1112.0, 16441.0, 9092.0, 6106.0, 1599.0, 2931.0, 1443.0, 5707.0, 8080.0, 32800.0, 57.0, 7777.0, 587.0, 7031.0, 17000.0, 4575.0, 25976.0, 1909.0, 61745.0, 58428.0, 873.0, 4988.0, 37962.0, 33766.0, 10250.0, 1054.0, 7072.0, 41706.0, 56818.0, 56822.0, 56830.0, 49501.0, 10353.0, 3276.0, 16442.0, 25565.0, 8728.0, 8718.0, 9273.0, 8088.0, 15475.0, 3816.0, 9043.0, 9829.0, 16435.0, 8052.0, 2247.0, 34681.0, 34407.0, 11605.0, 9044.0, 49431.0, 82.0, 41256.0, 2087.0, 1128.0, 6350.0, 6022.0, 58305.0, 10022.0, 2628.0, 4965.0, 2474.0, 59566.0, 8180.0, 9042.0, 2452.0, 8837.0, 5001.0, 17756.0, 8200.0, 34984.0, 8250.0, 54108.0, 10682.0, 3306.0, 36496.0, 41244.0, 3395.0, 47988.0, 2026.0, 27606.0, 52222.0, 4369.0, 8907.0, 5038.0, 5222.0, 32500.0, 28888.0, 1355.0, 8913.0, 4000.0, 2118.0, 8163.0, 11102.0, 12194.0, 6379.0, 593.0, 9916.0, 58694.0, 58710.0, 58708.0, 58722.0, 49167.0, 22000.0, 61616.0, 771.0, 52200.0, 38406.0, 43142.0, 1201.0, 4300.0, 6036.0, 8138.0, 34800.0, 5800.0, 45058.0, 45070.0, 45086.0, 45100.0, 45102.0, 45118.0, 1080.0, 8477.0, 52158.0, 36.0, 9000.0, 25.0, 10729.0, 45584.0, 56460.0, 8852.0, 2078.0, 60443.0, 14443.0, 10738.0, 3289.0, 45283.0, 5399.0, 639.0, 4302.0, 11434.0, 50270.0, 50284.0, 50278.0, 47108.0, 50294.0, 50306.0, 8031.0, 20122.0, 2380.0, 3422.0, 7609.0, 37758.0, 37762.0, 59516.0, 6666.0, 16436.0, 50528.0, 85.0, 68.0, 57008.0, 54738.0, 23443.0, 8004.0, 3745.0, 3768.0, 11684.0, 9913.0, 46307.0, 1087.0, 25001.0, 5037.0, 6629.0, 214.0, 8159.0, 51390.0, 51394.0, 51408.0, 51416.0, 51418.0, 32962.0, 32968.0, 32980.0, 32996.0, 8908.0, 9100.0, 5235.0, 54321.0, 8056.0, 5300.0, 13189.0, 34512.0, 12173.0, 34425.0, 8083.0, 27017.0, 38262.0, 8999.0, 17001.0, 42888.0, 5432.0, 1708.0, 36376.0, 3264.0, 16024.0, 16437.0, 20001.0, 12250.0, 619.0, 2892.0, 1086.0, 9999.0, 7474.0, 10261.0, 9322.0, 54464.0, 55216.0, 13262.0, 47758.0, 11027.0, 41703.0, 44568.0, 115.0, 789.0, 60001.0, 40039.0, 13546.0, 34567.0, 1830.0, 5018.0, 6667.0, 51300.0, 48649.0, 8554.0, 45834.0, 8880.0, 700.0, 42572.0, 4355.0, 51128.0, 51142.0, 8001.0, 51112.0, 34439.0, 1135.0, 33387.0, 5748.0, 4330.0, 3128.0, 4028.0, 13559.0, 2113.0, 20086.0, 8164.0, 51001.0, 26.0, 1232.0, 3716.0, 5909.0, 11723.0, 51278.0, 36184.0, 5135.0, 16438.0, 3385.0, 27018.0, 21321.0, 54220.0, 54226.0, 4156.0, 8935.0, 54240.0, 54256.0, 50096.0, 221.0, 1085.0, 465.0, 13708.0, 14919.0, 390.0, 89.0, 19410.0, 54790.0, 33984.0, 12559.0, 6660.0, 40087.0, 8889.0, 4443.0, 9788.0, 8841.0, 3156.0, 3155.0, 52448.0, 16439.0, 52912.0, 12100.0, 57892.0, 63565.0, 21517.0, 9097.0, 10259.0, 1083.0, 46769.0, 8883.0, 5474.0, 52070.0, 52082.0, 2343.0, 6725.0, 65432.0, 389.0, 4549.0, 44368.0, 40147.0, 1212.0, 222.0, 14636.0, 12078.0, 14787.0, 83.0, 37848.0, 37850.0, 7880.0, 7899.0, 9704.0, 35628.0, 22824.0, 46943.0, 39098.0, 5660.0, 11242.0, 42847.0, 15037.0, 39472.0, 3518.0, 50501.0, 5269.0, 53631.0, 10248.0, 8230.0, 40668.0, 37398.0, 37412.0, 9299.0, 40656.0, 3390.0, 46874.0, 50845.0, 636.0, 3052.0, 9002.0, 8663.0, 50010.0, 1763.0, 22844.0, 17102.0, 44350.0, 28729.0, 9943.0, 52196.0, 52190.0, 52208.0, 52212.0, 57146.0, 7351.0, 50752.0, 9565.0, 3629.0, 1147.0, 13715.0, 8898.0, 9088.0, 10001.0, 14343.0, 8698.0, 58194.0, 5466.0, 24.0, 37.0, 16430.0, 853.0, 2376.0, 8030.0, 1222.0, 8026.0, 36714.0, 36684.0, 8321.0, 36702.0, 36696.0, 36728.0, 36726.0, 36738.0, 5985.0, 4730.0, 88.0, 33514.0, 8402.0, 11521.0, 47693.0, 58865.0, 4027.0, 941.0, 42300.0, 555.0, 63198.0, 1025.0, 8884.0, 4899.0, 6060.0]"
2025-07-24T22:43:02.000Z,"[5901.0, 8443.0, 22.0, 49153.0, 5900.0, 5914.0, 9200.0, 4343.0, 27015.0, 23.0, 10984.0, 222.0, 4899.0, 8884.0, 9999.0, 179.0, 9000.0, 80.0, 2375.0, 6060.0, 7031.0, 82.0, 7443.0, 51726.0, 51728.0, 10443.0, 9091.0, 1433.0, 30001.0, 41286.0, 1311.0, 9090.0, 11026.0, 12154.0, 43884.0, 5003.0, 1194.0, 49241.0, 3389.0, 111.0, 34436.0, 34426.0, 34434.0, 48228.0, 48244.0, 48268.0, 48260.0, 58615.0, 16440.0, 52999.0, 53300.0, 12505.0, 56886.0, 12443.0, 9765.0, 21238.0, 55333.0, 5555.0, 2404.0, 10075.0, nan, 443.0, 8888.0, 8333.0, 10221.0, 347.0, 1782.0, 30007.0, 5567.0, 5060.0, 6234.0, 50574.0, 1883.0, 5061.0, 59544.0, 30010.0, 2455.0, 8079.0, 51284.0, 3451.0, 5138.0, 161.0, 7956.0, 29015.0, 501.0, 10754.0, 6699.0, 8010.0, 36598.0, 36600.0, 36614.0, 40994.0, 40998.0, 1112.0, 16441.0, 9092.0, 6106.0, 1599.0, 2931.0, 1443.0, 5707.0, 8080.0, 32800.0, 57.0, 10250.0, 7072.0, 7777.0, 587.0, 17000.0, 4575.0, 25976.0, 10353.0, 1909.0, 61745.0, 58428.0, 873.0, 4988.0, 37962.0, 33766.0, 1054.0, 9273.0, 8088.0, 41706.0, 3816.0, 56818.0, 56822.0, 56830.0, 49501.0, 3276.0, 16442.0, 25565.0, 8728.0, 8718.0, 15475.0, 5001.0, 9042.0, 17756.0, 8200.0, 9043.0, 9829.0, 16435.0, 8052.0, 2247.0, 34681.0, 34407.0, 11605.0, 9044.0, 49431.0, 36496.0, 41244.0, 41256.0, 2087.0, 1128.0, 6350.0, 6022.0, 58305.0, 10022.0, 2628.0, 4965.0, 2474.0, 59566.0, 8180.0, 2452.0, 8837.0, 8907.0, 34984.0, 8250.0, 54108.0, 10682.0, 3306.0, 2118.0, 3395.0, 47988.0, 2026.0, 27606.0, 52222.0, 4369.0, 58694.0, 58710.0, 58708.0, 58722.0, 5038.0, 5222.0, 32500.0, 28888.0, 1355.0, 8913.0, 4000.0, 771.0, 8163.0, 11102.0, 12194.0, 6379.0, 593.0, 9916.0, 1201.0, 4300.0, 49167.0, 22000.0, 61616.0, 8477.0, 52200.0, 52158.0, 36.0, 38406.0, 43142.0, 2078.0, 6036.0, 8138.0, 34800.0, 5800.0, 45058.0, 45070.0, 45086.0, 45100.0, 45102.0, 45118.0, 1080.0, 11434.0, 50270.0, 50284.0, 50278.0, 47108.0, 50294.0, 50306.0, 25.0, 10729.0, 45584.0, 56460.0, 8852.0, 14443.0, 2380.0, 60443.0, 10738.0, 3289.0, 45283.0, 5399.0, 639.0, 4302.0, 11684.0, 20122.0, 8031.0, 3422.0, 7609.0, 37758.0, 37762.0, 59516.0, 6666.0, 16436.0, 8159.0, 50528.0, 85.0, 68.0, 57008.0, 54738.0, 23443.0, 8004.0, 3745.0, 3768.0, 9100.0, 9913.0, 46307.0, 1087.0, 25001.0, 5037.0, 6629.0, 214.0, 34425.0, 51390.0, 51394.0, 51408.0, 51416.0, 51418.0, 32962.0, 32968.0, 32980.0, 32996.0, 8908.0, 5235.0, 54321.0, 27017.0, 8056.0, 5300.0, 13189.0, 34512.0, 12173.0, 5432.0, 8083.0, 20001.0, 12250.0, 38262.0, 8999.0, 17001.0, 42888.0, 1708.0, 36376.0, 3264.0, 16024.0, 16437.0, 13546.0, 34567.0, 619.0, 2892.0, 1086.0, 7474.0, 5018.0, 10261.0, 9322.0, 6667.0, 54464.0, 55216.0, 13262.0, 47758.0, 11027.0, 41703.0, 44568.0, 115.0, 789.0, 60001.0, 40039.0, 1830.0, 700.0, 4355.0, 51300.0, 48649.0, 8554.0, 45834.0, 8880.0, 42572.0, 51128.0, 51142.0, 8001.0, 51112.0, 34439.0, 1135.0, 33387.0, 5748.0, 4330.0, 3128.0, 4028.0, 5909.0, 13559.0, 2113.0, 20086.0, 8164.0, 51001.0, 26.0, 1232.0, 3716.0, 3385.0, 11723.0, 51278.0, 36184.0, 5135.0, 16438.0, 27018.0, 21321.0, 54220.0, 54226.0, 4156.0, 8935.0, 54240.0, 54256.0, 50096.0, 9788.0, 8841.0, 8889.0, 1085.0, 221.0, 465.0, 13708.0, 14919.0, 390.0, 89.0, 12559.0, 19410.0, 54790.0, 33984.0, 6660.0, 40087.0, 4443.0, 44368.0, 3156.0, 3155.0, 52448.0, 16439.0, 52912.0, 12100.0, 57892.0, 63565.0, 21517.0, 9097.0, 10259.0, 1083.0, 46769.0, 8883.0, 5474.0, 52070.0, 52082.0, 2343.0, 6725.0, 65432.0, 389.0, 4549.0, 14787.0, 40147.0, 1212.0, 14636.0, 12078.0, 5660.0, 11242.0, 42847.0, 83.0, 37848.0, 37850.0, 7880.0, 7899.0, 53631.0, 10248.0, 9704.0, 35628.0, 22824.0, 46943.0, 39098.0, 15037.0, 39472.0, 3518.0, 50501.0, 5269.0, 8230.0, 40668.0, 37398.0, 37412.0, 9299.0, 40656.0, 3390.0, 46874.0, 50845.0, 636.0, 3052.0, 9002.0, 9565.0, 8663.0, 50010.0, 1763.0, 22844.0, 17102.0, 8698.0, 8898.0, 1147.0, 44350.0, 28729.0, 9943.0, 52196.0, 52190.0, 52208.0, 52212.0, 57146.0, 7351.0, 50752.0, 16430.0, 3629.0, 13715.0, 9088.0, 10001.0, 14343.0, 88.0, 58194.0, 5466.0, 24.0, 37.0, 777.0, 17926.0, 44360.0]"
2025-07-24T22:44:52.000Z,"[5901.0, 5900.0, 22.0, 9023.0, 2181.0, 49153.0, 8443.0, 4343.0, 9200.0, 27015.0, 17926.0, 25415.0, 44336.0, 5914.0, 44360.0, 7443.0, 23.0, 777.0, 4899.0, 9000.0, 8884.0, 179.0, 9999.0, 10984.0, 222.0, 2375.0, 80.0, 6060.0, 7031.0, 82.0, 5003.0, 51726.0, 51728.0, 10443.0, 9091.0, 1433.0, 30001.0, 41286.0, 1311.0, 9090.0, 11026.0, 12154.0, 43884.0, 58615.0, 1194.0, 9765.0, 49241.0, 12505.0, 21238.0, 3389.0, 111.0, 34436.0, 34426.0, 34434.0, 48228.0, 48244.0, 48268.0, 48260.0, 16440.0, 52999.0, 53300.0, 56886.0, 12443.0, 55333.0, 5555.0, 2404.0, 10075.0, nan, 443.0, 8888.0, 8333.0, 10221.0, 347.0, 161.0, 1782.0, 30007.0, 5567.0, 5060.0, 6699.0, 6234.0, 50574.0, 1883.0, 5061.0, 59544.0, 30010.0, 2455.0, 8079.0, 51284.0, 3451.0, 5138.0, 7956.0, 29015.0, 501.0, 10754.0, 1599.0, 2931.0, 8010.0, 36598.0, 36600.0, 36614.0, 40994.0, 40998.0, 1112.0, 57.0, 16441.0, 9092.0, 6106.0, 1443.0, 5707.0, 8080.0, 32800.0, 25976.0, 10250.0, 33766.0, 1054.0, 7072.0, 7777.0, 587.0, 17000.0, 4575.0, 10353.0, 1909.0, 61745.0, 58428.0, 873.0, 4988.0, 37962.0, 9273.0, 8088.0, 15475.0, 41706.0, 3816.0, 56818.0, 56822.0, 56830.0, 49501.0, 49431.0, 3276.0, 16442.0, 25565.0, 8728.0, 8718.0, 2452.0, 2628.0, 8837.0, 5001.0, 9042.0, 17756.0, 8200.0, 9043.0, 9829.0, 16435.0, 8052.0, 2247.0, 34681.0, 34407.0, 11605.0, 9044.0, 3306.0, 36496.0, 41244.0, 41256.0, 2087.0, 1128.0, 6350.0, 6022.0, 58305.0, 10022.0, 4965.0, 2474.0, 59566.0, 8180.0, 4369.0, 8907.0, 34984.0, 8250.0, 54108.0, 10682.0, 28888.0, 4000.0, 2118.0, 3395.0, 47988.0, 2026.0, 27606.0, 52222.0, 11102.0, 58694.0, 58710.0, 58708.0, 58722.0, 5038.0, 5222.0, 32500.0, 1355.0, 8913.0, 771.0, 8163.0, 12194.0, 6379.0, 593.0, 9916.0, 1201.0, 4300.0, 49167.0, 22000.0, 61616.0, 45118.0, 1080.0, 8477.0, 52200.0, 52158.0, 36.0, 38406.0, 43142.0, 8852.0, 2078.0, 6036.0, 8138.0, 34800.0, 5800.0, 45058.0, 45070.0, 45086.0, 45100.0, 45102.0, 11434.0, 50270.0, 50284.0, 50278.0, 47108.0, 50294.0, 50306.0, 25.0, 10729.0, 45584.0, 56460.0, 14443.0, 2380.0, 60443.0, 10738.0, 3289.0, 45283.0, 5399.0, 639.0, 4302.0, 8004.0, 3745.0, 3768.0, 11684.0, 20122.0, 8031.0, 3422.0, 7609.0, 37758.0, 37762.0, 59516.0, 6666.0, 16436.0, 6629.0, 214.0, 8159.0, 50528.0, 85.0, 68.0, 57008.0, 54738.0, 23443.0, 9100.0, 5235.0, 54321.0, 9913.0, 46307.0, 1087.0, 25001.0, 5037.0, 12173.0, 34425.0, 51390.0, 51394.0, 51408.0, 51416.0, 51418.0, 32962.0, 32968.0, 32980.0, 32996.0, 8908.0, 34512.0, 27017.0, 8056.0, 5300.0, 13189.0, 17001.0, 5432.0, 8083.0, 16437.0, 20001.0, 12250.0, 38262.0, 8999.0, 42888.0, 7474.0, 1708.0, 36376.0, 3264.0, 16024.0, 789.0, 60001.0, 40039.0, 13546.0, 34567.0, 619.0, 2892.0, 1086.0, 10261.0, 1830.0, 5018.0, 9322.0, 6667.0, 54464.0, 55216.0, 13262.0, 47758.0, 11027.0, 41703.0, 44568.0, 115.0, 8880.0, 700.0, 48649.0, 1135.0, 33387.0, 4355.0, 51300.0, 8554.0, 45834.0, 3128.0, 4028.0, 42572.0, 51128.0, 51142.0, 8001.0, 51112.0, 34439.0, 20086.0, 8164.0, 5748.0, 4330.0, 3716.0, 5909.0, 13559.0, 2113.0, 51001.0, 26.0, 1232.0, 16438.0, 3385.0, 11723.0, 51278.0, 36184.0, 50096.0, 5135.0, 27018.0, 21321.0, 54220.0, 54226.0, 4156.0, 8935.0, 54240.0, 54256.0, 4443.0, 9788.0, 8841.0, 8889.0, 1085.0, 221.0, 465.0, 13708.0, 14919.0, 390.0, 89.0, 12559.0, 19410.0, 54790.0, 33984.0, 6660.0, 40087.0, 389.0, 4549.0, 44368.0, 3156.0, 3155.0, 52448.0, 16439.0, 52912.0, 12100.0, 57892.0, 63565.0, 21517.0, 1212.0, 9097.0, 10259.0, 1083.0, 46769.0, 8883.0, 5474.0, 52070.0, 52082.0, 2343.0, 6725.0, 65432.0, 14787.0, 40147.0, 7880.0, 14636.0, 12078.0, 5660.0, 11242.0, 42847.0, 83.0, 37848.0, 37850.0, 7899.0, 53631.0, 10248.0, 9704.0, 35628.0, 22824.0, 46943.0, 39098.0, 15037.0, 39472.0, 3518.0, 50501.0, 5269.0, 9002.0, 8230.0, 40668.0, 37398.0, 37412.0, 9299.0, 40656.0, 3390.0, 22844.0, 17102.0, 46874.0, 50845.0, 636.0, 3052.0, 9565.0, 8663.0, 50010.0, 1763.0, 14343.0, 9088.0, 8698.0, 8898.0, 1147.0, 44350.0, 28729.0, 9943.0, 52196.0, 52190.0, 52208.0, 52212.0, 57146.0, 7351.0, 50752.0, 4660.0, 20257.0, 2222.0]"
2025-07-24T22:46:41.000Z,"[22.0, 5901.0, 8443.0, 4449.0, 45871.0, 5900.0, 6936.0, 8015.0, 8765.0, 2222.0, 1214.0, 25.0, 2181.0, 20257.0, 10754.0, 23.0, 4308.0, 4660.0, 36422.0, 36426.0, 9200.0, 36436.0, 36448.0, 2695.0, 34398.0, 10895.0, 34414.0, 41334.0, 5914.0, 9023.0, 6026.0, 2931.0, 25415.0, 51750.0, 49153.0, 4343.0, 27015.0, 17926.0, 44336.0, 10984.0, 222.0, 44360.0, 7443.0, 777.0, 4899.0, 9000.0, 8884.0, 179.0, 9999.0, 82.0, 43884.0, 1311.0, 2375.0, 80.0, 6060.0, 7031.0, 5003.0, 51726.0, 51728.0, 10443.0, 9091.0, 1433.0, 30001.0, 41286.0, 9090.0, 11026.0, 12154.0, 48228.0, 48244.0, 48268.0, 48260.0, 58615.0, 12443.0, 12505.0, 1194.0, 9765.0, 49241.0, 21238.0, 3389.0, 111.0, 34436.0, 34426.0, 34434.0, 16440.0, 52999.0, 53300.0, 56886.0, 10221.0, 55333.0, 5555.0, 2404.0, 10075.0, nan, 443.0, 8888.0, 8333.0, 347.0, 51284.0, 3451.0, 5138.0, 161.0, 1782.0, 30007.0, 5567.0, 5060.0, 29015.0, 501.0, 6699.0, 6234.0, 50574.0, 1883.0, 5061.0, 59544.0, 30010.0, 2455.0, 8079.0, 7956.0, 6106.0, 1599.0, 8010.0, 36598.0, 36600.0, 36614.0, 40994.0, 40998.0, 8080.0, 9092.0, 32800.0, 1112.0, 57.0, 16441.0, 1443.0, 5707.0, 17000.0, 25976.0, 37962.0, 61745.0, 587.0, 33766.0, 10250.0, 1054.0, 7072.0, 7777.0, 4575.0, 49501.0, 10353.0, 1909.0, 58428.0, 873.0, 4988.0, 9273.0, 8088.0, 15475.0, 41706.0, 3816.0, 56818.0, 56822.0, 56830.0, 34407.0, 11605.0, 9044.0, 49431.0, 3276.0, 16442.0, 25565.0, 8728.0, 8718.0, 8180.0, 2628.0, 9042.0, 2452.0, 8837.0, 5001.0, 17756.0, 8200.0, 9043.0, 9829.0, 16435.0, 8052.0, 2247.0, 34681.0, 54108.0, 10682.0, 3306.0, 36496.0, 41244.0, 41256.0, 2087.0, 1128.0, 6350.0, 6022.0, 58305.0, 10022.0, 4965.0, 2474.0, 59566.0, 52222.0, 4369.0, 8907.0, 34984.0, 8250.0, 28888.0, 1355.0, 8913.0, 4000.0, 2118.0, 3395.0, 47988.0, 2026.0, 27606.0, 8163.0, 593.0, 9916.0, 11102.0, 58694.0, 58710.0, 58708.0, 58722.0, 5038.0, 5222.0, 32500.0, 61616.0, 49167.0, 771.0, 12194.0, 6379.0, 43142.0, 1201.0, 4300.0, 22000.0, 45058.0, 45070.0, 45086.0, 45100.0, 45102.0, 45118.0, 1080.0, 8477.0, 52200.0, 52158.0, 36.0, 38406.0, 56460.0, 45584.0, 8852.0, 2078.0, 6036.0, 8138.0, 34800.0, 5800.0, 4302.0, 11434.0, 50270.0, 50284.0, 50278.0, 47108.0, 50294.0, 50306.0, 10729.0, 59516.0, 6666.0, 16436.0, 14443.0, 2380.0, 60443.0, 10738.0, 3289.0, 45283.0, 5399.0, 639.0, 54738.0, 57008.0, 23443.0, 8004.0, 3745.0, 3768.0, 11684.0, 20122.0, 8031.0, 3422.0, 7609.0, 37758.0, 37762.0, 25001.0, 5037.0, 6629.0, 214.0, 8159.0, 50528.0, 85.0, 68.0, 5235.0, 9100.0, 54321.0, 9913.0, 46307.0, 1087.0, 13189.0, 34512.0, 12173.0, 34425.0, 51390.0, 51394.0, 51408.0, 51416.0, 51418.0, 32962.0, 32968.0, 32980.0, 32996.0, 8908.0, 8083.0, 27017.0, 8056.0, 5300.0, 42888.0, 17001.0, 5432.0, 16437.0, 20001.0, 12250.0, 38262.0, 8999.0, 7474.0, 1708.0, 36376.0, 3264.0, 16024.0, 44568.0, 41703.0, 115.0, 789.0, 60001.0, 40039.0, 13546.0, 34567.0, 619.0, 2892.0, 1086.0, 10261.0, 1830.0, 5018.0, 9322.0, 6667.0, 54464.0, 55216.0, 13262.0, 47758.0, 11027.0, 45834.0, 8880.0, 700.0, 8001.0, 34439.0, 48649.0, 1135.0, 33387.0, 4355.0, 51300.0, 8554.0, 3128.0, 4028.0, 42572.0, 51128.0, 51142.0, 51112.0, 20086.0, 8164.0, 5748.0, 4330.0, 3716.0, 5909.0, 13559.0, 2113.0, 36184.0, 51001.0, 26.0, 1232.0, 16438.0, 3385.0, 11723.0, 51278.0, 8935.0, 50096.0, 5135.0, 89.0, 465.0, 27018.0, 21321.0, 54220.0, 54226.0, 4156.0, 54240.0, 54256.0, 40087.0, 8889.0, 4443.0, 9788.0, 8841.0, 1085.0, 221.0, 13708.0, 14919.0, 390.0, 52912.0, 12100.0, 57892.0, 63565.0, 21517.0, 12559.0, 19410.0, 54790.0, 33984.0, 6660.0, 2343.0, 6725.0, 65432.0, 1083.0, 389.0, 4549.0, 44368.0, 3156.0, 3155.0, 52448.0, 16439.0, 5474.0, 9097.0, 1212.0, 10259.0, 46769.0, 8883.0, 52070.0, 52082.0, 12078.0, 14787.0, 40147.0, 7880.0, 7899.0, 14636.0, 46943.0, 39098.0, 5660.0, 11242.0, 42847.0, 83.0, 37848.0, 37850.0, 50501.0, 5269.0, 15037.0, 53631.0, 10248.0, 9704.0, 35628.0, 22824.0, 3390.0, 39472.0, 3518.0, 9002.0, 8230.0, 40668.0, 37398.0, 37412.0, 9299.0, 40656.0, 22844.0, 17102.0, 46874.0, 50845.0, 636.0, 3052.0, 2342.0, 35400.0, 3398.0, 36764.0]"
2025-07-24T22:48:31.000Z,"[5901.0, 5900.0, 22.0, 9749.0, 8032.0, 8015.0, 8691.0, 8443.0, 3306.0, 46555.0, 161.0, 11037.0, 9200.0, 5006.0, 4070.0, 16446.0, 3398.0, 2695.0, 80.0, 6936.0, 1214.0, 4308.0, 35400.0, 45871.0, 4449.0, 8765.0, 36764.0, 5914.0, 25.0, 23.0, 2342.0, 4991.0, 2181.0, 20257.0, 10754.0, 4660.0, 36422.0, 36426.0, 36436.0, 36448.0, 34398.0, 10895.0, 34414.0, 2222.0, 41334.0, 9023.0, 6026.0, 2931.0, 25415.0, 51750.0, 49153.0, 4343.0, 27015.0, 17926.0, 44336.0, 10984.0, 222.0, 44360.0, 7443.0, 777.0, 4899.0, 9000.0, 8884.0, 179.0, 9999.0, 82.0, 9090.0, 11026.0, 12154.0, 43884.0, 1311.0, 2375.0, 6060.0, 7031.0, 5003.0, 51726.0, 51728.0, 10443.0, 9091.0, 1433.0, 30001.0, 41286.0, 34436.0, 34426.0, 34434.0, 48228.0, 48244.0, 48268.0, 48260.0, 58615.0, 12505.0, 56886.0, 12443.0, 1194.0, 9765.0, 49241.0, 21238.0, 3389.0, 111.0, 16440.0, 52999.0, 53300.0, 8333.0, 10221.0, 55333.0, 5555.0, 2404.0, 10075.0, nan, 443.0, 8888.0, 347.0, 2455.0, 8079.0, 51284.0, 3451.0, 5138.0, 1782.0, 30007.0, 5567.0, 5060.0, 30010.0, 29015.0, 501.0, 6699.0, 6234.0, 50574.0, 1883.0, 5061.0, 59544.0, 7956.0, 16441.0, 9092.0, 6106.0, 1599.0, 8010.0, 36598.0, 36600.0, 36614.0, 40994.0, 40998.0, 1443.0, 5707.0, 8080.0, 32800.0, 1112.0, 57.0, 17000.0, 25976.0, 4988.0, 37962.0, 61745.0, 587.0, 33766.0, 10250.0, 1054.0, 7072.0, 7777.0, 4575.0, 49501.0, 10353.0, 1909.0, 58428.0, 873.0, 8728.0, 8718.0, 9273.0, 8088.0, 15475.0, 41706.0, 3816.0, 56818.0, 56822.0, 56830.0, 34681.0, 34407.0, 11605.0, 9044.0, 49431.0, 3276.0, 16442.0, 25565.0, 2474.0, 59566.0, 8180.0, 2628.0, 9042.0, 2452.0, 8837.0, 5001.0, 17756.0, 8200.0, 9043.0, 9829.0, 16435.0, 8052.0, 2247.0, 54108.0, 10682.0, 36496.0, 41244.0, 41256.0, 2087.0, 1128.0, 6350.0, 6022.0, 58305.0, 10022.0, 4965.0, 8250.0, 2026.0, 27606.0, 52222.0, 4369.0, 8907.0, 34984.0, 32500.0, 28888.0, 1355.0, 8913.0, 4000.0, 2118.0, 3395.0, 47988.0, 12194.0, 11102.0, 6379.0, 8163.0, 593.0, 9916.0, 58694.0, 58710.0, 58708.0, 58722.0, 5038.0, 5222.0, 61616.0, 49167.0, 771.0, 43142.0, 1201.0, 4300.0, 22000.0, 6036.0, 8138.0, 5800.0, 45058.0, 45070.0, 45086.0, 45100.0, 45102.0, 45118.0, 1080.0, 8477.0, 52200.0, 52158.0, 36.0, 38406.0, 45584.0, 56460.0, 8852.0, 2078.0, 34800.0, 639.0, 4302.0, 11434.0, 50270.0, 50284.0, 50278.0, 47108.0, 50294.0, 50306.0, 10729.0, 37758.0, 37762.0, 59516.0, 6666.0, 16436.0, 14443.0, 2380.0, 60443.0, 10738.0, 3289.0, 45283.0, 5399.0, 68.0, 57008.0, 54738.0, 23443.0, 8004.0, 3745.0, 3768.0, 11684.0, 20122.0, 8031.0, 3422.0, 7609.0, 1087.0, 25001.0, 5037.0, 6629.0, 214.0, 8159.0, 50528.0, 85.0, 32980.0, 32996.0, 8908.0, 9100.0, 5235.0, 54321.0, 9913.0, 46307.0, 13189.0, 34512.0, 12173.0, 34425.0, 51390.0, 51394.0, 51408.0, 51416.0, 51418.0, 32962.0, 32968.0, 8083.0, 27017.0, 8056.0, 5300.0, 17001.0, 8999.0, 42888.0, 5432.0, 16437.0, 20001.0, 12250.0, 38262.0, 1086.0, 7474.0, 1708.0, 36376.0, 3264.0, 16024.0, 47758.0, 11027.0, 41703.0, 44568.0, 115.0, 789.0, 60001.0, 40039.0, 13546.0, 34567.0, 619.0, 2892.0, 10261.0, 1830.0, 5018.0, 9322.0, 6667.0, 54464.0, 55216.0, 13262.0, 45834.0, 8880.0, 700.0, 42572.0, 4355.0, 51128.0, 51142.0, 8001.0, 51112.0, 34439.0, 48649.0, 1135.0, 33387.0, 51300.0, 8554.0, 3128.0, 4028.0, 2113.0, 20086.0, 8164.0, 5748.0, 4330.0, 1232.0, 3716.0, 5909.0, 13559.0, 36184.0, 51001.0, 26.0, 16438.0, 3385.0, 11723.0, 51278.0, 5135.0, 54220.0, 54226.0, 4156.0, 8935.0, 54240.0, 54256.0, 50096.0, 465.0, 14919.0, 390.0, 89.0, 27018.0, 21321.0, 6660.0, 40087.0, 8889.0, 4443.0, 9788.0, 8841.0, 1085.0, 221.0, 13708.0, 3155.0, 52912.0, 12100.0, 57892.0, 63565.0, 21517.0, 12559.0, 19410.0, 54790.0, 33984.0, 52082.0, 2343.0, 6725.0, 65432.0, 1083.0, 389.0, 4549.0, 44368.0, 3156.0, 52448.0, 16439.0, 10259.0, 5474.0, 9097.0, 1212.0, 46769.0, 8883.0, 52070.0, 12078.0, 14787.0, 40147.0, 37850.0, 7880.0, 7899.0, 14636.0, 22824.0, 46943.0, 39098.0, 5660.0, 11242.0, 42847.0, 83.0, 37848.0, 39472.0, 3518.0, 50501.0, 5269.0, 15037.0, 53631.0, 10248.0, 9704.0, 35628.0, 40668.0, 37398.0, 37412.0, 9299.0, 8230.0, 3390.0, 992.0, 1990.0, 4869.0, 9271.0]"
2025-07-24T22:50:22.187Z,"[22.0, 5900.0, 5901.0, 8015.0, 2053.0, 1990.0, 46555.0, 9271.0, 14327.0, 8080.0, 8443.0, 12345.0, 110.0, 9443.0, 5006.0, 8000.0, 111.0, 9200.0, 8180.0, 9749.0, 8032.0, 23.0, 10895.0, 4869.0, 992.0, 8088.0, 4308.0, 3398.0, 2695.0, 80.0, 6936.0, 1214.0, 16446.0, 4070.0, 11037.0, 161.0, 3306.0, 8691.0, 35400.0, 4449.0, 34398.0, 34414.0, 2222.0, 8765.0, 45871.0, 36764.0, 5914.0, 25.0, 2342.0, 4991.0, 2181.0, 20257.0, 10754.0, 4660.0, 36422.0, 36426.0, 36436.0, 36448.0, 41334.0, 44336.0, 9023.0, 6026.0, 2931.0, 25415.0, 51750.0, 49153.0, 4343.0, 27015.0, 17926.0, 4899.0, 9000.0, 10984.0, 222.0, 44360.0, 7443.0, 777.0, 8884.0, 179.0, 9999.0, 7031.0, 82.0, 9090.0, 11026.0, 12154.0, 43884.0, 1311.0, 2375.0, 6060.0, 5003.0, 51726.0, 51728.0, 10443.0, 9091.0, 1433.0, 30001.0, 41286.0, 34436.0, 34426.0, 34434.0, 48228.0, 48244.0, 48268.0, 48260.0, 58615.0, 53300.0, 12505.0, 56886.0, 12443.0, 1194.0, 9765.0, 49241.0, 21238.0, 3389.0, 16440.0, 52999.0, 8888.0, 8333.0, 10221.0, 55333.0, 5555.0, 347.0, 2404.0, 10075.0, nan, 443.0, 5060.0, 1782.0, 30010.0, 2455.0, 8079.0, 51284.0, 3451.0, 5138.0, 30007.0, 5567.0, 7956.0, 29015.0, 501.0, 6699.0, 6234.0, 50574.0, 1883.0, 5061.0, 59544.0, 36614.0, 40994.0, 40998.0, 1112.0, 16441.0, 9092.0, 6106.0, 1599.0, 8010.0, 36598.0, 36600.0, 1443.0, 5707.0, 32800.0, 57.0, 7777.0, 4575.0, 17000.0, 25976.0, 873.0, 4988.0, 37962.0, 61745.0, 587.0, 33766.0, 10250.0, 1054.0, 7072.0, 56818.0, 56822.0, 56830.0, 49501.0, 10353.0, 1909.0, 58428.0, 3276.0, 16442.0, 25565.0, 8728.0, 8718.0, 9273.0, 15475.0, 41706.0, 3816.0, 16435.0, 8052.0, 2247.0, 34681.0, 34407.0, 11605.0, 9044.0, 49431.0, 6022.0, 58305.0, 10022.0, 2628.0, 4965.0, 2474.0, 59566.0, 9042.0, 2452.0, 8837.0, 5001.0, 17756.0, 8200.0, 9043.0, 9829.0, 8250.0, 54108.0, 10682.0, 36496.0, 41244.0, 41256.0, 2087.0, 1128.0, 6350.0, 47988.0, 2026.0, 27606.0, 52222.0, 4369.0, 8907.0, 34984.0, 5222.0, 32500.0, 28888.0, 1355.0, 8913.0, 4000.0, 2118.0, 3395.0, 8163.0, 12194.0, 11102.0, 6379.0, 593.0, 9916.0, 58694.0, 58710.0, 58708.0, 58722.0, 5038.0, 61616.0, 22000.0, 49167.0, 771.0, 38406.0, 43142.0, 1201.0, 4300.0, 6036.0, 8138.0, 34800.0, 5800.0, 45058.0, 45070.0, 45086.0, 45100.0, 45102.0, 45118.0, 1080.0, 8477.0, 52200.0, 52158.0, 36.0, 10729.0, 45584.0, 56460.0, 8852.0, 2078.0, 14443.0, 3289.0, 45283.0, 5399.0, 639.0, 4302.0, 11434.0, 50270.0, 50284.0, 50278.0, 47108.0, 50294.0, 50306.0, 3422.0, 7609.0, 37758.0, 37762.0, 59516.0, 6666.0, 16436.0, 2380.0, 60443.0, 10738.0, 85.0, 68.0, 57008.0, 54738.0, 23443.0, 8004.0, 3745.0, 3768.0, 11684.0, 20122.0, 8031.0, 46307.0, 1087.0, 25001.0, 5037.0, 6629.0, 214.0, 8159.0, 50528.0, 51418.0, 32962.0, 32968.0, 32980.0, 32996.0, 8908.0, 9100.0, 5235.0, 54321.0, 9913.0, 13189.0, 34512.0, 12173.0, 34425.0, 51390.0, 51394.0, 51408.0, 51416.0, 8083.0, 27017.0, 8056.0, 5300.0, 8999.0, 17001.0, 42888.0, 5432.0, 36376.0, 16437.0, 20001.0, 12250.0, 38262.0, 16024.0, 1086.0, 7474.0, 1708.0, 3264.0, 10261.0, 13262.0, 47758.0, 11027.0, 41703.0, 44568.0, 115.0, 789.0, 60001.0, 40039.0, 13546.0, 34567.0, 619.0, 2892.0, 1830.0, 5018.0, 9322.0, 6667.0, 54464.0, 55216.0, 48649.0, 8554.0, 45834.0, 8880.0, 700.0, 42572.0, 4355.0, 51128.0, 51142.0, 8001.0, 51112.0, 34439.0, 1135.0, 33387.0, 51300.0, 3128.0, 4028.0, 2113.0, 20086.0, 8164.0, 5748.0, 4330.0, 1232.0, 3716.0, 5909.0, 13559.0, 36184.0, 51001.0, 26.0, 16438.0, 3385.0, 11723.0, 51278.0, 27018.0, 21321.0, 5135.0, 54220.0, 54226.0, 4156.0, 8935.0, 54240.0, 54256.0, 50096.0, 465.0, 14919.0, 390.0, 89.0, 12559.0, 6660.0, 40087.0, 8889.0, 4443.0, 9788.0, 8841.0, 1085.0, 221.0, 13708.0, 16439.0, 3155.0, 52912.0, 12100.0, 57892.0, 63565.0, 21517.0, 19410.0, 54790.0, 33984.0, 5474.0, 46769.0, 1083.0, 52070.0, 52082.0, 2343.0, 6725.0, 65432.0, 389.0, 4549.0, 44368.0, 3156.0, 52448.0, 40147.0, 10259.0, 9097.0, 1212.0, 8883.0, 12078.0, 14787.0, 83.0, 37848.0, 37850.0, 7880.0, 7899.0, 14636.0, 9704.0, 22824.0, 46943.0, 39098.0, 5660.0, 11242.0, 42847.0, 48295.0]"
2025-07-29T20:40:23.000Z,"[5900.0, 22.0, 2083.0, 6033.0, 8229.0, 443.0, 18635.0, 7474.0, 8080.0, 80.0, 8991.0, 34072.0, 34082.0, 58712.0, 1361.0, 587.0, 23.0, 1358.0, 33388.0, 40000.0, 2376.0, 8443.0, 32338.0, 5786.0, 3389.0, 6655.0, 40762.0, 8888.0, 9800.0, 4545.0, 6329.0, 55368.0, 55376.0, 33897.0, 6956.0, 13985.0, 9080.0, 1433.0, 53342.0, 8470.0, 33248.0, 51386.0, 65277.0, 60040.0, 60042.0, 4357.0, 5983.0, 48148.0, 36596.0, 3388.0, 17644.0, 23410.0, 40546.0, 61616.0, 61617.0, 311.0, 5986.0, 9999.0, 8000.0, 60028.0, 63833.0, 9043.0, 1709.0, 3377.0, 9197.0, 2417.0, 3978.0, 54224.0, 55452.0, 55468.0, 55470.0, 54048.0, 9102.0, 7003.0, 33082.0, 10824.0, 65212.0, 2222.0, 54016.0, 1363.0, 1961.0, 7700.0, 54133.0, 22840.0, 6235.0, 8282.0, 4145.0, 54127.0, 11012.0, 5006.0, 8009.0, 6036.0, 35808.0, 7777.0, 42568.0, 21252.0, 10202.0, 3491.0, 1359.0, 1367.0, 1366.0, 1365.0, 1362.0, 1364.0, 1360.0, 43536.0, 6822.0, 55893.0, 43534.0, 43552.0, 54149.0, 4108.0, 54217.0, 8067.0, 54174.0, 1224.0, 1356.0, 5910.0, 54052.0, 8069.0, 32807.0, 63069.0, 44401.0, 25105.0, 30176.0, 54348.0, 45718.0, 54294.0, 5874.0, 55056.0, 6008.0, 3391.0, 6843.0, 4018.0, 19443.0, 5639.0, 50726.0, 45001.0, 1357.0, 1650.0, 54222.0, 2496.0, 54487.0, 8050.0, 5906.0, 23230.0, 60806.0, 60814.0, 7687.0, 54069.0, 60001.0, 4115.0, 54033.0, 54446.0, 1080.0, 54100.0, 48028.0, 49669.0, 34278.0, 4001.0, 54197.0, 24423.0, 52420.0, 54259.0, 54246.0, 32770.0, 5901.0, 54319.0, 8033.0, 9328.0, 54465.0, 5985.0, 17014.0, 65010.0, 41922.0, 24574.0, 9620.0, 26535.0, 4444.0, 41038.0, 8880.0, 40212.0, 30026.0, 2548.0, 40218.0, 24631.0, 54432.0, 8728.0, 3395.0, 20257.0, 20004.0, 9866.0, 1984.0, 54176.0, 54393.0, 54108.0, 2078.0, 57516.0, 57520.0, 40810.0, 40925.0, 5060.0, 5932.0, 37318.0, 8088.0, 54034.0, 28169.0, 54201.0, 49495.0, 54213.0, 54486.0, 1190.0, 50060.0, 8586.0, 13319.0, 8886.0, 139.0, 54126.0, 54166.0, 59204.0, 57874.0, 54475.0, 57888.0, 57026.0, 50003.0, 45052.0, 8134.0, 21937.0, 30332.0, 46511.0, 11263.0, 54084.0, 5054.0, 1963.0, 52222.0, 10774.0, 29902.0, 48474.0, 44796.0, 3397.0, 21465.0, 5937.0, 2473.0, 54258.0, 12185.0, 33206.0, 33194.0, 33218.0, 3847.0, 5904.0, 4919.0, 54413.0, 54225.0, 54072.0, 5620.0, 54420.0, 28080.0, 43690.0, 54350.0, 54159.0, 55530.0, 55536.0, 55550.0, 55546.0, 53026.0, 54375.0, 54236.0, 36312.0, 54442.0, 8902.0, 62311.0, 17000.0, 1723.0, 1310.0, 10443.0, 57216.0, 57226.0, 8118.0, 54128.0, 34998.0, 34994.0, 34806.0, 53854.0, 3518.0, 8822.0, 36464.0, 1351.0, 7560.0, 54281.0, 54419.0, 2079.0, 22151.0, 1348.0, 2000.0, 3306.0, 26900.0, 44662.0, 10362.0, 216.0, 6659.0, 2306.0, 6668.0, 54496.0, 54373.0, 44994.0, 39730.0, 62098.0, 2628.0, 54337.0, 45984.0, 4567.0, 64029.0, 54365.0, 5790.0, 5909.0, 25700.0, 5432.0, 27836.0, 20022.0, 54205.0, 41298.0, 54129.0, 1883.0, 60216.0, 54242.0, 60244.0, 60232.0, 8081.0, 31016.0, 1985.0, 3385.0, 54232.0, 1521.0, 13239.0, 41090.0, 36444.0, 5914.0, 85.0, 23044.0, 34094.0, 54198.0, 54374.0, 4131.0, 54257.0, 36623.0, 54269.0, 5255.0, 1350.0, 54491.0, 6323.0, 9941.0, 62524.0, 3382.0, 4534.0, 88.0, 43576.0, 58684.0, 43240.0, 54143.0, 1355.0, 5919.0, 43228.0, 43230.0, 11205.0, 63846.0, nan, 6060.0, 8167.0, 44054.0, 52064.0, 14895.0, 60769.0, 5072.0, 54003.0, 61020.0, 1354.0, 6363.0, 13784.0, 5991.0, 46140.0, 30083.0, 54283.0, 54018.0, 11723.0, 2484.0, 3393.0, 445.0, 54226.0, 9000.0, 4862.0, 49846.0, 12133.0, 8059.0, 10474.0, 9929.0, 56958.0, 54285.0, 56942.0, 56952.0, 4615.0, 4020.0, 1349.0, 26.0, 54120.0, 54010.0, 56886.0, 29037.0, 8006.0, 64561.0, 54448.0, 1352.0, 54086.0, 13752.0, 36870.0, 40382.0, 11104.0, 24958.0, 6604.0, 62955.0, 54298.0, 3022.0, 8094.0, 9968.0, 7860.0, 30033.0, 54037.0, 60552.0, 60568.0, 60570.0, 54358.0, 9821.0, 2025.0, 20547.0, 6006.0, 110.0, 6379.0, 7001.0, 5631.0, 3598.0, 27018.0, 9193.0, 3010.0, 18216.0, 17001.0, 5433.0, 2002.0, 54070.0, 54474.0, 17274.0, 2020.0, 39143.0, 6545.0, 2023.0, 43950.0, 2601.0, 1353.0, 33654.0, 6765.0, 54215.0, 9581.0, 4785.0, 54039.0, 54461.0, 9042.0, 54406.0, 20493.0, 54040.0, 44702.0, 54091.0, 3776.0, 44700.0, 44726.0, 44714.0, 3490.0, 29443.0, 11703.0, 5555.0, 54369.0, 54162.0, 771.0, 56928.0, 54293.0, 57252.0, 10353.0, 54410.0, 54472.0, 1136.0, 6905.0, 10000.0, 54105.0, 54488.0, 54305.0, 5971.0, 54057.0, 6891.0, 1340.0, 37112.0, 37122.0, 1345.0, 15582.0, 2082.0, 10466.0, 67.0, 1717.0, 2816.0, 54330.0, 7134.0, 2091.0, 7394.0, 15766.0, 42702.0, 54019.0, 5903.0, 48054.0, 5319.0, 53708.0, 53710.0, 5947.0, 15276.0, 9012.0, 13988.0, 54062.0, 54148.0, 3128.0, 54007.0, 6010.0, 54284.0, 16269.0, 10946.0, 55948.0, 59902.0, 1471.0, 3143.0, 1452.0, 54109.0, 52230.0, 8089.0, 20238.0, 1025.0, 3509.0, 1469.0, 65492.0, 40288.0, 990.0, 9379.0, 40290.0, 3245.0, 54154.0, 40841.0, 1339.0, 5968.0, 54142.0, 21538.0, 119.0, 54391.0, 22222.0, 20012.0, 5931.0, 54179.0, 54357.0, 5905.0, 3357.0, 54230.0, 5907.0, 54059.0, 3591.0, 54077.0, 22022.0, 8250.0, 54080.0, 1105.0, 54481.0, 11211.0, 23192.0, 44477.0, 5299.0, 48314.0, 24164.0, 54163.0, 54243.0, 13342.0, 58649.0, 54457.0, 8834.0, 63261.0, 12388.0, 12818.0, 11302.0, 5996.0, 53016.0, 53014.0, 42226.0, 54816.0, 54808.0, 2454.0, 22003.0, 3197.0, 38110.0, 54203.0, 8590.0, 54560.0, 57146.0, 32822.0, 33566.0, 2104.0, 54382.0, 31302.0, 5002.0, 63970.0, 5017.0, 49543.0, 5081.0, 4250.0, 2869.0, 50001.0, 54798.0, 54144.0, 8008.0, 54024.0, 17777.0, 8086.0, 56246.0, 56250.0, 9876.0, 2375.0, 40483.0, 10395.0, 63686.0, 11128.0, 34567.0, 60432.0, 60876.0, 54055.0, 54386.0, 4049.0, 10001.0, 5066.0, 6260.0, 9510.0, 1342.0, 8077.0, 8123.0, 54380.0, 45774.0, 5908.0, 5180.0, 54190.0, 25789.0, 54342.0, 9092.0, 10085.0, 8889.0, 2233.0, 54322.0, 9002.0, 5984.0, 60410.0, 54276.0, 60426.0, 5994.0, 54233.0, 54041.0, 54015.0, 53996.0, 54089.0, 54071.0, 41756.0, 54456.0, 45834.0, 7304.0, 1000.0, 5902.0, 54356.0, 6506.0, 111.0, 1341.0, 9443.0, 60174.0, 501.0, 27017.0, 30744.0, 54343.0, 54286.0, 2676.0, 5999.0, 54388.0, 44818.0, 1346.0, 5070.0, 4080.0, 23436.0, 40376.0, 3119.0, 40374.0, 40386.0, 5083.0, 57432.0, 135.0, 54192.0, 54220.0, 8280.0, 8084.0, 54106.0, 10038.0, 10116.0, 4539.0, 9499.0, 1338.0, 20868.0, 9008.0, 10051.0, 10619.0, 1343.0, 10024.0, 54060.0, 54058.0, 54054.0, 40560.0, 1051.0, 54170.0, 54094.0, 53330.0, 53354.0, 54181.0, 54239.0, 24442.0, 3129.0, 5090.0, 5957.0, 1347.0, 6050.0, 59540.0, 4333.0, 59552.0, 54178.0, 3845.0, 43069.0, 4183.0, 54008.0, 27050.0, 2086.0, 54067.0, 54083.0, 49640.0, 49656.0, 49662.0, 9051.0, 37904.0, 8082.0, 17010.0, 10853.0, 57751.0, 25198.0, 10149.0, 989.0, 10810.0, 61554.0]"
2025-07-31T18:08:46.000Z,"[5900.0, 5432.0, 1961.0, 57035.0, 17000.0, 80.0, 22.0, 8006.0, 57440.0, 8443.0, 57510.0, 57518.0, 7999.0, 37215.0, 57159.0, 443.0, 9698.0, 2121.0, 57317.0, 5902.0, 2648.0, 9092.0, 50580.0, 57042.0, 23.0, 19767.0, 57052.0, 8000.0, 57207.0, 11300.0, 16922.0, 10604.0, 50805.0, 8728.0, 3005.0, 5632.0, 631.0, 830.0, 39884.0, 8004.0, 57065.0, 5800.0, 6036.0, 1080.0, 33391.0, 10407.0, 57292.0, 13443.0, 60598.0, 57451.0, 2483.0, 8080.0, 2695.0, 31842.0, 60004.0, 2222.0, 57311.0, 2596.0, 49154.0, 11400.0, 1453.0, 57381.0, 35302.0, 35316.0, 47640.0, 47646.0, 31598.0, 56128.0, 2011.0, 25565.0, 3211.0, 1021.0, 2826.0, 57169.0, 36711.0, 44605.0, 57276.0, 57017.0, 54479.0, 5986.0, 4786.0, 1221.0, 26218.0, 2594.0, 8099.0, 26435.0, 57449.0, 57121.0, 57958.0, 57962.0, 57421.0, 57368.0, 12559.0, 1177.0, 3388.0, 1441.0, 57082.0, 3389.0, 11157.0, 54603.0, 43566.0, 45748.0, 26271.0, 60190.0, 57213.0, 4002.0, 2590.0, 3953.0, nan, 5038.0, 587.0, 23397.0, 34060.0, 2589.0, 3377.0, 229.0, 37443.0, 19999.0, 10408.0, 39942.0, 57339.0, 9000.0, 55488.0, 49550.0, 49570.0, 49558.0, 55484.0, 57277.0, 2376.0, 57308.0, 57463.0, 1334.0, 54252.0, 3128.0, 7443.0, 2595.0, 38772.0, 6022.0, 2591.0, 2597.0, 57181.0, 2089.0, 2593.0, 1433.0, 1768.0, 9738.0, 1343.0, 65187.0, 873.0, 49580.0, 57467.0, 57498.0, 57067.0, 57297.0, 57331.0, 57390.0, 60287.0, 4145.0, 54118.0, 46900.0, 57084.0, 57258.0, 7764.0, 9314.0, 11592.0, 11751.0, 226.0, 2592.0, 2588.0, 53488.0, 57468.0, 11000.0, 3493.0, 3001.0, 1723.0, 102.0, 10409.0, 118.0, 57206.0, 57110.0, 5518.0, 28119.0, 36169.0, 10336.0, 57465.0, 45122.0, 45132.0, 45146.0, 45162.0, 33013.0, 1744.0, 5555.0, 48226.0, 20256.0, 57009.0, 56510.0, 56496.0, 6657.0, 44014.0, 57335.0, 8159.0, 10403.0, 2443.0, 57417.0, 57168.0, 25566.0, 14344.0, 8089.0, 888.0, 47377.0, 42656.0, 41024.0, 41030.0, 47721.0, 41038.0, 9183.0, 56443.0, 3400.0, 4443.0, 58871.0, 18444.0, 40515.0, 57145.0, 3306.0, 9600.0, 19882.0, 57327.0, 57178.0, 55271.0, 23121.0, 61635.0, 57020.0, 57152.0, 19926.0, 9998.0, 5822.0, 5656.0, 10894.0, 19998.0, 18808.0, 26110.0, 2909.0, 10146.0, 4203.0, 57160.0, 9083.0, 39040.0, 39052.0, 39066.0, 60300.0, 60314.0, 50000.0, 10668.0, 57460.0, 57303.0, 15490.0, 57231.0, 18100.0, 5007.0, 42724.0, 46304.0, 48192.0, 553.0, 57111.0, 57310.0, 60000.0, 57301.0, 10380.0, 2584.0, 42946.0, 42960.0, 35240.0, 9041.0, 13393.0, 2578.0, 35353.0, 4029.0, 33389.0, 57148.0, 63824.0, 63469.0, 8051.0, 25.0, 3168.0, 1033.0, 14391.0, 57200.0, 57282.0, 8600.0, 11434.0, 57210.0, 2375.0, 4422.0, 8088.0, 39850.0, 39858.0, 39834.0, 9040.0, 6544.0, 57410.0, 63973.0, 3905.0, 57357.0, 8010.0, 57289.0, 57197.0, 57261.0, 36710.0, 57245.0, 2580.0, 5061.0, 57464.0, 1200.0, 5442.0, 6754.0, 52180.0, 41050.0, 46372.0, 41064.0, 37650.0, 49960.0, 49966.0, 51700.0, 8832.0, 2586.0, 57426.0, 6707.0, 57179.0, 666.0, 5222.0, 26259.0, 1848.0, 47517.0, 16858.0, 38918.0, 8883.0, 57023.0, 13241.0, 57458.0, 14489.0, 22522.0, 50995.0, 17689.0, 57246.0, 17001.0, 82.0, 1911.0, 30096.0, 9188.0, 22126.0, 2158.0, 57475.0, 1311.0, 995.0, 4643.0, 43206.0, 43220.0, 43232.0, 27232.0, 6443.0, 2585.0, 7150.0, 4433.0, 57273.0, 2581.0, 5566.0, 51007.0, 32776.0, 34382.0, 57154.0, 6718.0, 6389.0, 57249.0, 55454.0, 57237.0, 57484.0, 57202.0, 10678.0, 57124.0, 34567.0, 57060.0, 57228.0, 57077.0, 10691.0, 22965.0, 57073.0, 12345.0, 156.0, 58720.0, 57125.0, 40712.0, 40676.0, 40692.0, 40698.0, 8385.0, 8888.0, 40716.0, 44976.0, 49152.0, 57191.0, 8853.0, 57477.0, 57226.0, 57432.0, 2082.0, 58590.0, 2791.0, 57329.0, 57324.0, 9999.0, 3893.0, 19464.0, 48239.0, 57041.0, 57211.0, 57204.0, 57293.0, 57328.0, 57371.0, 47972.0, 57187.0, 17148.0, 60758.0, 60154.0, 65101.0, 2583.0, 57153.0, 57174.0, 11449.0, 5357.0, 57224.0, 8899.0, 5049.0, 9051.0, 43054.0, 2421.0, 57117.0, 56180.0, 92.0, 43556.0, 43580.0, 57607.0, 43016.0, 1114.0, 50404.0, 57048.0, 20879.0, 110.0, 57478.0, 49461.0, 135.0, 48447.0, 3174.0, 57342.0, 2926.0, 13126.0, 57049.0, 10404.0, 57446.0, 6576.0, 57032.0, 2479.0, 54318.0, 54304.0, 54334.0, 26771.0, 3333.0, 6441.0, 8435.0, 57235.0, 10080.0, 3523.0, 6504.0, 57365.0, 7574.0, 993.0, 19687.0, 2579.0, 57182.0, 57394.0, 15183.0, 57175.0, 57384.0, 57220.0, 49500.0, 57343.0, 3668.0, 8081.0, 57313.0, 3393.0, 18082.0, 57251.0, 58000.0, 57156.0, 48602.0, 57349.0, 15672.0, 81.0, 47090.0, 54018.0, 47080.0, 47086.0, 54028.0, 50894.0, 43822.0, 57170.0, 2724.0, 54630.0, 10100.0, 3600.0, 57287.0, 57113.0, 44818.0, 57347.0, 2405.0, 39956.0, 5973.0, 64237.0, 6868.0, 57241.0, 57399.0, 48227.0, 3604.0, 21033.0, 52976.0, 57003.0, 10400.0, 57240.0, 5431.0, 29015.0, 2582.0, 32890.0, 42882.0, 42886.0, 57215.0, 57302.0, 57363.0, 9506.0, 56297.0, 57265.0, 27244.0, 57268.0, 6206.0, 2576.0, 8084.0, 43823.0, 40952.0, 54217.0, 57413.0, 57072.0, 2587.0, 24023.0, 179.0, 57233.0, 57185.0, 51888.0, 59218.0, 59234.0, 59236.0, 5938.0, 38844.0, 22222.0, 15076.0, 1070.0, 19093.0, 1123.0, 2080.0, 49670.0, 13909.0, 10401.0, 9197.0, 2068.0, 50749.0, 6379.0, 57120.0, 6161.0, 4567.0, 57401.0, 8058.0, 57248.0, 41795.0, 2083.0, 20.0, 11443.0, 37362.0, 37376.0, 48490.0, 57025.0, 37388.0, 38254.0, 9523.0, 8020.0, 2571.0, 30025.0, 57402.0, 8060.0, 20044.0, 7401.0, 57490.0, 5117.0, 1928.0, 2572.0, 22565.0, 20030.0, 57144.0, 9618.0, 14779.0, 8101.0, 57015.0, 18244.0, 6549.0, 14795.0, 6047.0, 58814.0, 59366.0, 59380.0, 4444.0, 57358.0, 9563.0, 10010.0, 33670.0, 143.0, 57098.0, 57486.0, 53000.0, 6003.0, 23058.0, 27096.0, 57281.0, 10402.0, 12911.0, 9520.0, 10528.0, 28000.0, 8093.0, 47693.0, 33818.0, 33826.0, 212.0, 6402.0, 44268.0, 44274.0, 44286.0, 57283.0, 3000.0, 10395.0, 55238.0, 57405.0, 5665.0, 57001.0, 57131.0, 9428.0, 5901.0, 61616.0, 11560.0, 8530.0, 3239.0, 9968.0, 44418.0, 1090.0, 57330.0, 2077.0, 4498.0, 5910.0, 57270.0, 2574.0, 43550.0, 2570.0, 1026.0, 11346.0, 20082.0, 57026.0, 43895.0, 8008.0, 45688.0, 30351.0, 42844.0, 9301.0, 1062.0, 58338.0, 21114.0, 4063.0, 1024.0, 57492.0, 57119.0, 57190.0, 9300.0, 53148.0, 53138.0, 53146.0, 53150.0, 53162.0, 57047.0, 57095.0, 57272.0, 57424.0, 28231.0, 57442.0, 57192.0, 57479.0, 20050.0, 26841.0, 57102.0, 54884.0, 84.0, 6083.0, 57393.0, 13887.0, 10124.0, 57373.0, 62447.0, 57163.0, 9228.0, 26252.0, 3635.0, 20202.0, 50600.0, 55350.0, 50588.0, 34834.0, 34842.0, 8284.0, 7005.0, 6362.0, 57334.0, 57375.0, 9200.0, 57435.0, 12216.0, 57167.0, 50412.0, 7086.0, 57497.0, 57433.0, 9446.0, 46236.0, 24552.0, 20930.0, 548.0, 57408.0, 2575.0, 18321.0, 7466.0, 59514.0, 59526.0, 59532.0, 59544.0, 4369.0, 57011.0, 35194.0, 8585.0, 8826.0, 35192.0, 57057.0, 37777.0, 46114.0, 20547.0, 5241.0, 57364.0, 1089.0, 15544.0, 4000.0, 19854.0, 2015.0, 11495.0]"
2025-07-31T19:07:29.000Z,"[57168.0, 5900.0, 8443.0, 80.0, 555.0, 1521.0, 34258.0, 5986.0, 57355.0, 57295.0, 1224.0, 57003.0, 22217.0, 34453.0, 1102.0, 57370.0, 1080.0, 57200.0, 5683.0, 57441.0, 1433.0, 41215.0, 8843.0, 8080.0, 27040.0, 120.0, 57038.0, 40146.0, 57172.0, 57481.0, 57005.0, 8084.0, 40337.0, 587.0, 46052.0, 7890.0, 4782.0, 6443.0, 13477.0, 41838.0, 41822.0, 39890.0, 8081.0, 22.0, 62685.0, 27594.0, 21365.0, 57406.0, 31954.0, 8291.0, 3702.0, 6499.0, 57137.0, 8602.0, 30001.0, 57407.0, 25.0, 57127.0, nan, 57427.0, 2024.0, 41466.0, 143.0, 2610.0, 50684.0, 50686.0, 50702.0, 57103.0, 30443.0, 48116.0, 57461.0, 3392.0, 38148.0, 10441.0, 10414.0, 5433.0, 8888.0, 57444.0, 52384.0, 52382.0, 52400.0, 5555.0, 19609.0, 60001.0, 57222.0, 7508.0, 57246.0, 11472.0, 2603.0, 5632.0, 44818.0, 30000.0, 8857.0, 3466.0, 57403.0, 20249.0, 2299.0, 17000.0, 2609.0, 57020.0, 38649.0, 23.0, 2617.0, 2614.0, 2608.0, 2611.0, 2613.0, 2616.0, 43986.0, 8010.0, 2615.0, 2612.0, 57420.0, 46320.0, 3453.0, 57476.0, 57376.0, 1408.0, 5002.0, 57177.0, 25691.0, 64327.0, 42032.0, 38460.0, 21285.0, 11609.0, 57389.0, 12488.0, 9441.0, 3128.0, 57162.0, 57201.0, 57423.0, 6449.0, 443.0, 34780.0, 24251.0, 48447.0, 3424.0, 3431.0, 7166.0, 57189.0, 57362.0, 60160.0, 60168.0, 60180.0, 57006.0, 57214.0, 51.0, 1962.0, 6811.0, 57227.0, 52914.0, 9916.0, 2606.0, 9914.0, 5984.0, 5444.0, 8909.0, 9300.0, 3333.0, 57016.0, 10425.0, 51002.0, 10751.0, 6510.0, 57149.0, 57114.0, 57264.0, 2607.0, 42414.0, 42434.0, 42424.0, 20165.0, 12343.0, 2442.0, 57493.0, 56786.0, 57473.0, 57401.0, 57474.0, 57107.0, 57155.0, 58454.0, 10510.0, 57064.0, 9613.0, 8728.0, 10443.0, 6987.0, 6446.0, 5783.0, 41800.0, 1950.0, 2604.0, 32812.0, 32826.0, 32830.0, 8083.0, 9999.0, 57305.0, 42144.0, 57298.0, 9451.0, 13259.0, 9020.0, 33089.0, 4444.0, 50262.0, 50270.0, 9750.0, 22542.0, 51988.0, 57393.0, 54056.0, 40003.0, 57182.0, 57217.0, 57039.0, 1234.0, 8113.0, 8181.0, 57245.0, 9495.0, 2403.0, 24002.0, 57007.0, 3491.0, 6379.0, 57409.0, 57088.0, 57126.0, 9805.0, 7443.0, 57238.0, 8045.0, 60888.0, 7111.0, 60894.0, 57351.0, 17174.0, 60908.0, 60916.0, 9001.0, 57267.0, 8009.0, 51335.0, 19888.0, 3131.0, 12006.0, 10080.0, 61616.0, 57203.0, 50322.0, 57291.0, 33056.0, 47020.0, 9262.0, 57050.0, 43956.0, 43970.0, 2991.0, 465.0, 57479.0, 57480.0, 57335.0, 57396.0, 10147.0, 42291.0, 57059.0, 15265.0, 2909.0, 56610.0, 42170.0, 42174.0, 57254.0, 42182.0, 6820.0, 8215.0, 3395.0, 12527.0, 8880.0, 9443.0, 24660.0, 57386.0, 57259.0, 57031.0, 17001.0, 6740.0, 2381.0, 9099.0, 62960.0, 33956.0, 54781.0, 57135.0, 30511.0, 9223.0, 55808.0, 6882.0, 57454.0, 2598.0, 57244.0, 57399.0, 22760.0, 57280.0, 36977.0, 35584.0, 2605.0, 60157.0, 7078.0, 54606.0, 54608.0, 54614.0, 54620.0, 9000.0, 3052.0, 1414.0, 30955.0, 8488.0, 30444.0, 57154.0, 2602.0, 57301.0, 10410.0, 57500.0, 57496.0, 57242.0, 9990.0, 3120.0, 57193.0, 8000.0, 2566.0, 2527.0, 57087.0, 9917.0, 9642.0, 57011.0, 5060.0, 8123.0, 8334.0, 60243.0, 5106.0, 6370.0, 20623.0, 10411.0, 14986.0, 17385.0, 9631.0, 55443.0, 8282.0, 57198.0, 8086.0, 10604.0, 3334.0, 3341.0, 6194.0, 12171.0, 57327.0, 35178.0, 12751.0, 61989.0, 48756.0, 48772.0, 48784.0, 57485.0, 9092.0, 5414.0, 3331.0, 3343.0, 3344.0, 54470.0, 58174.0, 57467.0, 3326.0, 57491.0, 3050.0, 18888.0, 3345.0, 57108.0, 57086.0, 2222.0, 57429.0, 12387.0, 6834.0, 57134.0, 17304.0, 13260.0, 5431.0, 3339.0, 3332.0, 3337.0, 9051.0, 8040.0, 3338.0, 4000.0, 3330.0, 3327.0, 57266.0, 17128.0, 57129.0, 11211.0, 3328.0, 3340.0, 39950.0, 3335.0, 3346.0, 13395.0, 25933.0, 39960.0, 19133.0, 57001.0, 39956.0, 9117.0, 3329.0, 10307.0, 57439.0, 11654.0, 2697.0, 9090.0, 57047.0, 22377.0, 1427.0, 39291.0, 22000.0, 18085.0, 9060.0, 8050.0, 3336.0, 3342.0, 3347.0, 57497.0, 57206.0, 6126.0, 10412.0, 2375.0, 48158.0, 7777.0, 55818.0, 55832.0, 39243.0, 25746.0, 45346.0, 3415.0, 10413.0, 57438.0, 57056.0, 45262.0, 57218.0, 3389.0, 1230.0, 3378.0, 32778.0, 36214.0, 36220.0, 49826.0, 36204.0, 6036.0, 3306.0, 12437.0, 8020.0, 57208.0, 49326.0, 49338.0, 56790.0, 49350.0, 57048.0, 57385.0, 523.0, 1.0, 57471.0, 10405.0, 8013.0, 3796.0, 25232.0, 2558.0, 57392.0, 57232.0, 10082.0, 57369.0, 9160.0, 47914.0, 47928.0, 47930.0, 55714.0, 21261.0, 57093.0, 7051.0, 44281.0, 5908.0, 9395.0, 4450.0, 57099.0, 6682.0, 8756.0, 57306.0, 445.0, 10800.0, 9402.0, 3001.0, 2600.0, 10522.0, 42262.0, 16587.0, 49330.0, 57395.0, 57104.0, 57380.0, 65018.0, 50001.0, 4433.0, 37536.0, 60008.0, 8111.0, 37784.0, 37800.0, 8899.0, 37224.0, 28275.0, 64336.0, 1400.0, 1443.0, 5443.0, 4430.0, 11443.0, 4443.0, 30080.0, 46144.0, 5050.0, 8090.0, 1985.0, 8088.0, 8808.0, 4343.0, 20443.0, 777.0, 2379.0, 57004.0, 6698.0, 2601.0, 5988.0, 57341.0, 3105.0, 8060.0, 444.0, 999.0, 666.0, 57494.0, 1046.0, 2599.0, 2374.0, 9877.0, 63361.0, 11434.0, 32868.0, 38690.0, 38698.0, 38704.0, 9222.0, 57281.0, 57089.0, 57070.0, 52200.0, 5222.0, 2597.0, 12238.0, 57248.0, 19999.0, 8449.0, 22208.0, 57080.0, 57253.0, 57289.0, 53000.0, 58556.0, 58570.0, 57343.0, 2000.0, 3390.0, 50000.0, 50012.0, 51036.0, 33340.0, 57297.0, 57106.0, 1073.0, 48632.0, 4911.0, 10001.0, 57278.0, 12000.0, 2998.0, 39226.0, 57316.0, 43730.0, 10200.0, 32000.0, 57350.0, 57274.0, 2591.0, 63308.0, 21369.0, 7070.0, 7000.0, 26790.0, 22166.0, 57053.0, 7547.0, 20051.0, 57190.0, 57180.0, 3596.0, 44536.0, 59018.0, 6038.0, 57139.0, 6962.0, 57150.0, 57157.0, 6080.0, 7047.0, 65422.0, 4646.0, 5038.0, 44326.0, 58888.0, 57400.0, 57083.0, 8605.0, 53158.0, 53184.0, 57090.0, 53162.0, 53172.0, 10129.0, 44252.0, 57063.0, 34278.0, 56930.0, 2083.0, 57324.0, 11592.0, 57412.0, 53791.0, 46836.0, 4080.0, 8144.0, 2626.0, 50716.0, 21195.0, 37836.0, 4273.0, 1543.0, 57136.0, 10621.0, 2595.0, 9987.0, 5000.0, 2015.0, 42752.0, 42768.0, 42776.0, 42772.0, 57023.0, 33660.0, 6262.0, 21242.0, 54439.0, 4081.0, 30005.0, 57374.0, 57091.0, 26638.0, 57043.0, 57339.0, 27234.0, 7999.0, 57397.0, 56677.0, 47194.0, 47172.0, 47184.0, 53792.0, 53798.0, 62369.0, 53810.0, 53802.0, 53814.0, 2225.0, 10011.0, 2014.0, 57164.0, 4008.0, 58000.0, 38302.0, 5821.0, 57270.0, 18004.0, 264.0, 7749.0, 57391.0, 25565.0, 57464.0, 3485.0, 21776.0, 39406.0, 14265.0, 2005.0, 57021.0, 48530.0, 50070.0, 49154.0, 43858.0, 30986.0, 45360.0, 53778.0, 12346.0, 38295.0, 2031.0, 57415.0, 50295.0, 2095.0, 2072.0, 2896.0, 57176.0, 57188.0, 15354.0, 17089.0, 57361.0, 20020.0, 4498.0, 2588.0, 2012.0, 5903.0, 9054.0, 57130.0, 21667.0, 57456.0, 57283.0, 2592.0, 57290.0, 18131.0, 12654.0, 4643.0, 9050.0, 38321.0, 1280.0, 12135.0, 13001.0, 46882.0, 33060.0, 57483.0, 83.0, 53398.0, 1358.0, 57241.0, 57066.0, 57425.0, 8051.0, 2444.0, 11751.0, 54716.0, 20476.0, 26.0, 52328.0, 54058.0, 37654.0, 9204.0, 37656.0, 51668.0, 22216.0, 56014.0, 24264.0, 57317.0, 19854.0, 5902.0, 2648.0, 57042.0, 10406.0, 11495.0, 57184.0, 49152.0, 34000.0, 1961.0, 50580.0, 57159.0, 37215.0, 19767.0, 5432.0, 57035.0, 8006.0, 57440.0, 57510.0, 57518.0, 9698.0, 2121.0, 50805.0, 11300.0, 1077.0, 44050.0, 8983.0]"
2025-07-31T19:08:33.000Z,"[5900.0, 8080.0, 1521.0, 57441.0, 57355.0, 5986.0, 80.0, 8443.0, 57370.0, 443.0, 56504.0, 57138.0, 57239.0, 56520.0, 1433.0, 8081.0, 57003.0, 57168.0, 8983.0, 1080.0, 56464.0, 57271.0, 1077.0, 56480.0, 56496.0, 34258.0, 555.0, 57295.0, 1224.0, 22217.0, 34453.0, 1102.0, 57200.0, 5683.0, 41215.0, 8843.0, 27040.0, 120.0, 57038.0, 40146.0, 57005.0, 8084.0, 40337.0, 587.0, 46052.0, 7890.0, 4782.0, 6443.0, 13477.0, 41838.0, 41822.0, 39890.0, 22.0, 57481.0, 62685.0, 27594.0, 57172.0, 21365.0, 57406.0, 31954.0, 8291.0, 3702.0, 6499.0, 8602.0, 30001.0, 57407.0, 25.0, 57137.0, 57127.0, nan, 57427.0, 2024.0, 41466.0, 143.0, 2610.0, 50684.0, 50686.0, 50702.0, 57103.0, 30443.0, 48116.0, 57461.0, 3392.0, 38148.0, 10441.0, 10414.0, 8888.0, 57444.0, 52384.0, 52382.0, 52400.0, 5555.0, 19609.0, 60001.0, 57222.0, 7508.0, 11472.0, 2603.0, 5632.0, 44818.0, 30000.0, 8857.0, 3466.0, 57403.0, 20249.0, 2299.0, 17000.0, 2609.0, 57020.0, 38649.0, 23.0, 2617.0, 2614.0, 2608.0, 2611.0, 2613.0, 2616.0, 43986.0, 8010.0, 2615.0, 2612.0, 5433.0, 57420.0, 46320.0, 57246.0, 3453.0, 57376.0, 57476.0, 1408.0, 5002.0, 57177.0, 25691.0, 64327.0, 42032.0, 38460.0, 21285.0, 11609.0, 12488.0, 9441.0, 3128.0, 57162.0, 57389.0, 57201.0, 57423.0, 6449.0, 34780.0, 24251.0, 48447.0, 3424.0, 3431.0, 57189.0, 57362.0, 60160.0, 60168.0, 60180.0, 57006.0, 57214.0, 51.0, 1962.0, 6811.0, 57227.0, 52914.0, 9916.0, 2606.0, 9914.0, 5984.0, 5444.0, 7166.0, 8909.0, 9300.0, 3333.0, 57016.0, 10425.0, 51002.0, 10751.0, 6510.0, 57149.0, 57114.0, 57264.0, 2607.0, 42414.0, 42434.0, 42424.0, 20165.0, 12343.0, 2442.0, 57493.0, 56786.0, 57473.0, 57401.0, 57474.0, 57107.0, 57155.0, 58454.0, 10510.0, 9613.0, 8728.0, 10443.0, 6987.0, 6446.0, 5783.0, 41800.0, 1950.0, 2604.0, 32812.0, 32826.0, 32830.0, 8083.0, 9999.0, 57305.0, 42144.0, 57298.0, 9451.0, 57064.0, 13259.0, 9020.0, 33089.0, 4444.0, 50262.0, 50270.0, 9750.0, 22542.0, 51988.0, 57393.0, 54056.0, 40003.0, 57217.0, 57039.0, 1234.0, 8113.0, 8181.0, 57245.0, 9495.0, 2403.0, 24002.0, 57007.0, 3491.0, 6379.0, 57409.0, 57088.0, 57182.0, 9805.0, 7443.0, 57238.0, 8045.0, 60888.0, 7111.0, 60894.0, 57351.0, 17174.0, 60908.0, 60916.0, 9001.0, 57267.0, 8009.0, 51335.0, 19888.0, 3131.0, 12006.0, 10080.0, 61616.0, 57203.0, 50322.0, 57291.0, 57126.0, 33056.0, 47020.0, 9262.0, 57050.0, 43956.0, 43970.0, 2991.0, 465.0, 57479.0, 57480.0, 57335.0, 57396.0, 10147.0, 42291.0, 57059.0, 15265.0, 2909.0, 56610.0, 42170.0, 42174.0, 57254.0, 42182.0, 6820.0, 8215.0, 3395.0, 12527.0, 8880.0, 9443.0, 24660.0, 57386.0, 57259.0, 57031.0, 17001.0, 6740.0, 2381.0, 9099.0, 62960.0, 33956.0, 54781.0, 57135.0, 30511.0, 9223.0, 55808.0, 6882.0, 57454.0, 2598.0, 57244.0, 57399.0, 22760.0, 57280.0, 36977.0, 35584.0, 2605.0, 60157.0, 7078.0, 54614.0, 54620.0, 9000.0, 3052.0, 1414.0, 30955.0, 8488.0, 30444.0, 57154.0, 2602.0, 57301.0, 10410.0, 57500.0, 57496.0, 57242.0, 54606.0, 54608.0, 9990.0, 3120.0, 57193.0, 8000.0, 2566.0, 2527.0, 9917.0, 9642.0, 57011.0, 5060.0, 8123.0, 8334.0, 60243.0, 5106.0, 6370.0, 20623.0, 57087.0, 10411.0, 14986.0, 17385.0, 9631.0, 55443.0, 8282.0, 57198.0, 8086.0, 10604.0, 3334.0, 3341.0, 6194.0, 12171.0, 57327.0, 35178.0, 12751.0, 61989.0, 48756.0, 48772.0, 48784.0, 57485.0, 9092.0, 5414.0, 3331.0, 3343.0, 3344.0, 54470.0, 58174.0, 57491.0, 57467.0, 3050.0, 18888.0, 3345.0, 57108.0, 57086.0, 2222.0, 57429.0, 12387.0, 6834.0, 57134.0, 17304.0, 13260.0, 5431.0, 3339.0, 3332.0, 3337.0, 9051.0, 8040.0, 3338.0, 4000.0, 3330.0, 3327.0, 57266.0, 17128.0, 3326.0, 57129.0, 11211.0, 3328.0, 3340.0, 39950.0, 3335.0, 3346.0, 13395.0, 25933.0, 39960.0, 19133.0, 57001.0, 39956.0, 9117.0, 3329.0, 10307.0, 2697.0, 57439.0, 9090.0, 57047.0, 22377.0, 1427.0, 39291.0, 22000.0, 18085.0, 9060.0, 8050.0, 3336.0, 3342.0, 3347.0, 57497.0, 57206.0, 6126.0, 10412.0, 11654.0, 2375.0, 7777.0, 55818.0, 55832.0, 39243.0, 25746.0, 45346.0, 3415.0, 57438.0, 57056.0, 45262.0, 57218.0, 3389.0, 1230.0, 3378.0, 32778.0, 36214.0, 36220.0, 49826.0, 36204.0, 48158.0, 6036.0, 3306.0, 12437.0, 8020.0, 10413.0, 57208.0, 49326.0, 49338.0, 56790.0, 49350.0, 57048.0, 57385.0, 523.0, 1.0, 57471.0, 10405.0, 8013.0, 3796.0, 25232.0, 2558.0, 57392.0, 57232.0, 10082.0, 57369.0, 9160.0, 47914.0, 47928.0, 47930.0, 55714.0, 21261.0, 57093.0, 7051.0, 44281.0, 5908.0, 9395.0, 4450.0, 57099.0, 6682.0, 8756.0, 10800.0, 9402.0, 3001.0, 2600.0, 10522.0, 42262.0, 16587.0, 49330.0, 57395.0, 65018.0, 57380.0, 50001.0, 4433.0, 37536.0, 60008.0, 8111.0, 37784.0, 37800.0, 8899.0, 37224.0, 28275.0, 57306.0, 64336.0, 445.0, 1400.0, 1443.0, 5443.0, 4430.0, 57104.0, 11443.0, 4443.0, 30080.0, 46144.0, 5050.0, 8090.0, 1985.0, 8088.0, 8808.0, 4343.0, 20443.0, 777.0, 57004.0, 6698.0, 2601.0, 5988.0, 57341.0, 3105.0, 8060.0, 444.0, 999.0, 666.0, 57494.0, 1046.0, 2599.0, 2374.0, 9877.0, 63361.0, 11434.0, 32868.0, 38690.0, 38698.0, 38704.0, 9222.0, 2379.0, 57281.0, 57089.0, 57070.0, 52200.0, 5222.0, 2597.0, 12238.0, 57248.0, 19999.0, 8449.0, 22208.0, 57253.0, 57289.0, 53000.0, 58556.0, 58570.0, 57343.0, 2000.0, 3390.0, 50000.0, 50012.0, 51036.0, 33340.0, 57297.0, 57106.0, 1073.0, 48632.0, 4911.0, 10001.0, 57278.0, 12000.0, 57080.0, 2998.0, 39226.0, 57316.0, 43730.0, 10200.0, 32000.0, 57350.0, 57274.0, 2591.0, 63308.0, 21369.0, 7070.0, 7000.0, 26790.0, 22166.0, 7547.0, 20051.0, 57190.0, 57180.0, 3596.0, 44536.0, 59018.0, 6038.0, 57139.0, 6962.0, 57150.0, 57157.0, 6080.0, 7047.0, 65422.0, 4646.0, 5038.0, 44326.0, 57053.0, 57400.0, 57083.0, 8605.0, 53158.0, 53184.0, 57090.0, 53162.0, 53172.0, 10129.0, 44252.0, 57063.0, 34278.0, 56930.0, 2083.0, 57324.0, 11592.0, 57412.0, 53791.0, 46836.0, 4080.0, 8144.0, 2626.0, 50716.0, 21195.0, 37836.0, 4273.0, 58888.0, 1543.0, 57136.0, 10621.0, 2595.0, 9987.0, 5000.0, 2015.0, 42752.0, 42768.0, 42776.0, 42772.0, 57023.0, 33660.0, 6262.0, 21242.0, 54439.0, 4081.0, 57374.0, 57091.0, 26638.0, 57043.0, 57339.0, 27234.0, 7999.0, 57397.0, 56677.0, 47194.0, 47172.0, 47184.0, 53810.0, 53802.0, 53814.0, 2225.0, 10011.0, 2014.0, 57164.0, 4008.0, 58000.0, 38302.0, 5821.0, 30005.0, 57270.0, 18004.0, 264.0, 7749.0, 25565.0, 57391.0, 57464.0, 3485.0, 21776.0, 39406.0, 14265.0, 2005.0, 57021.0, 48530.0, 50070.0, 49154.0, 43858.0, 30986.0, 45360.0, 53792.0, 53798.0, 53778.0, 62369.0, 12346.0, 38295.0, 2031.0, 57415.0, 50295.0, 2095.0, 2072.0, 2896.0, 57176.0, 57188.0, 15354.0, 17089.0, 57361.0, 20020.0, 4498.0, 2588.0, 2012.0, 5903.0, 9054.0, 57130.0, 21667.0, 57456.0, 57283.0, 2592.0, 57290.0, 18131.0, 12654.0, 4643.0, 9050.0, 38321.0, 1280.0, 12135.0, 13001.0, 46882.0, 33060.0, 57483.0, 83.0, 53398.0, 57241.0, 57066.0, 57425.0, 8051.0, 2444.0, 11751.0, 54716.0, 20476.0, 26.0, 52328.0, 54058.0, 37654.0, 9204.0, 37656.0, 51668.0, 22216.0, 56014.0, 24264.0, 19854.0, 5902.0, 57317.0, 2648.0, 57042.0, 10406.0, 11495.0, 57184.0, 49152.0, 34000.0, 1358.0, 1961.0, 50580.0, 57159.0, 37215.0, 7625.0, 44050.0, 10838.0, 22022.0, 32400.0, 57216.0]"
2025-07-31T19:09:34.000Z,"[10425.0, 5900.0, 57083.0, 57149.0, 22022.0, 80.0, 5986.0, 44050.0, 4433.0, 57158.0, nan, 32400.0, 8080.0, 57239.0, 22.0, 57138.0, 143.0, 57271.0, 8983.0, 9001.0, 8081.0, 8443.0, 10838.0, 56504.0, 56520.0, 1433.0, 57441.0, 57370.0, 443.0, 57355.0, 1521.0, 57216.0, 57003.0, 57168.0, 1080.0, 56464.0, 1077.0, 56480.0, 56496.0, 34258.0, 555.0, 57295.0, 1224.0, 22217.0, 34453.0, 1102.0, 57200.0, 5683.0, 41215.0, 8843.0, 27040.0, 120.0, 57038.0, 40146.0, 8084.0, 40337.0, 587.0, 46052.0, 7890.0, 4782.0, 6443.0, 13477.0, 41838.0, 41822.0, 39890.0, 57481.0, 62685.0, 27594.0, 57172.0, 21365.0, 57406.0, 57005.0, 31954.0, 8291.0, 3702.0, 6499.0, 8602.0, 30001.0, 57407.0, 25.0, 57137.0, 57127.0, 57427.0, 2024.0, 41466.0, 2610.0, 50684.0, 50686.0, 50702.0, 57103.0, 30443.0, 48116.0, 57461.0, 3392.0, 38148.0, 10441.0, 10414.0, 57444.0, 8888.0, 52384.0, 52382.0, 52400.0, 5555.0, 19609.0, 60001.0, 57222.0, 7508.0, 11472.0, 2603.0, 5632.0, 44818.0, 30000.0, 8857.0, 3466.0, 57403.0, 20249.0, 2299.0, 17000.0, 2609.0, 57020.0, 38649.0, 23.0, 2617.0, 2614.0, 2608.0, 2611.0, 2613.0, 2616.0, 43986.0, 8010.0, 2615.0, 2612.0, 5433.0, 57420.0, 46320.0, 57246.0, 3453.0, 57376.0, 1408.0, 5002.0, 57177.0, 25691.0, 64327.0, 42032.0, 38460.0, 21285.0, 11609.0, 12488.0, 9441.0, 3128.0, 57162.0, 57389.0, 57201.0, 57423.0, 6449.0, 34780.0, 57476.0, 24251.0, 48447.0, 3424.0, 3431.0, 57189.0, 57362.0, 60160.0, 60168.0, 60180.0, 57006.0, 57214.0, 51.0, 1962.0, 6811.0, 57227.0, 52914.0, 9916.0, 2606.0, 9914.0, 5984.0, 5444.0, 7166.0, 8909.0, 9300.0, 3333.0, 57016.0, 51002.0, 10751.0, 6510.0, 57114.0, 57264.0, 2607.0, 42414.0, 42434.0, 42424.0, 20165.0, 12343.0, 2442.0, 57493.0, 56786.0, 57473.0, 57401.0, 57474.0, 57107.0, 57155.0, 58454.0, 10510.0, 9613.0, 8728.0, 10443.0, 6987.0, 6446.0, 5783.0, 41800.0, 1950.0, 2604.0, 32812.0, 32826.0, 32830.0, 8083.0, 9999.0, 57305.0, 42144.0, 57298.0, 9451.0, 57064.0, 13259.0, 9020.0, 33089.0, 4444.0, 50262.0, 50270.0, 9750.0, 22542.0, 51988.0, 57393.0, 57217.0, 57039.0, 1234.0, 8113.0, 8181.0, 57245.0, 9495.0, 2403.0, 24002.0, 57007.0, 3491.0, 6379.0, 57409.0, 57088.0, 57182.0, 40003.0, 54056.0, 9805.0, 7443.0, 57238.0, 8045.0, 60888.0, 7111.0, 60894.0, 57351.0, 17174.0, 60908.0, 60916.0, 51335.0, 19888.0, 57267.0, 3131.0, 12006.0, 10080.0, 61616.0, 57203.0, 50322.0, 57291.0, 57126.0, 33056.0, 47020.0, 9262.0, 8009.0, 57050.0, 43956.0, 43970.0, 2991.0, 465.0, 57479.0, 57480.0, 57335.0, 57396.0, 10147.0, 42291.0, 57059.0, 15265.0, 2909.0, 56610.0, 42170.0, 42174.0, 57254.0, 42182.0, 6820.0, 8215.0, 3395.0, 12527.0, 8880.0, 9443.0, 24660.0, 57386.0, 57259.0, 57031.0, 17001.0, 6740.0, 2381.0, 9099.0, 62960.0, 33956.0, 54781.0, 57135.0, 30511.0, 9223.0, 55808.0, 6882.0, 57244.0, 57399.0, 22760.0, 57280.0, 36977.0, 35584.0, 2605.0, 60157.0, 7078.0, 9000.0, 3052.0, 1414.0, 30955.0, 8488.0, 30444.0, 57154.0, 2602.0, 57301.0, 10410.0, 57454.0, 2598.0, 57500.0, 57496.0, 57242.0, 54606.0, 54608.0, 54614.0, 54620.0, 9990.0, 3120.0, 57193.0, 8000.0, 2566.0, 2527.0, 9917.0, 9642.0, 57011.0, 5060.0, 8123.0, 8334.0, 60243.0, 5106.0, 6370.0, 20623.0, 57087.0, 10411.0, 14986.0, 17385.0, 9631.0, 55443.0, 8282.0, 57198.0, 8086.0, 10604.0, 3334.0, 3341.0, 6194.0, 12171.0, 57327.0, 35178.0, 12751.0, 61989.0, 48756.0, 48772.0, 48784.0, 57485.0, 9092.0, 5414.0, 3331.0, 3343.0, 3344.0, 54470.0, 58174.0, 57491.0, 57467.0, 3050.0, 18888.0, 3345.0, 57108.0, 57086.0, 2222.0, 57429.0, 12387.0, 6834.0, 57134.0, 17304.0, 13260.0, 5431.0, 3339.0, 3332.0, 3337.0, 9051.0, 8040.0, 3338.0, 4000.0, 3330.0, 3327.0, 57266.0, 17128.0, 3326.0, 57129.0, 11211.0, 3328.0, 3340.0, 39950.0, 3335.0, 3346.0, 13395.0, 25933.0, 39960.0, 19133.0, 57001.0, 39956.0, 9117.0, 3329.0, 10307.0, 9090.0, 57047.0, 22377.0, 1427.0, 39291.0, 22000.0, 18085.0, 9060.0, 8050.0, 3336.0, 3342.0, 3347.0, 57497.0, 57206.0, 6126.0, 10412.0, 57439.0, 11654.0, 2375.0, 2697.0, 55818.0, 55832.0, 39243.0, 25746.0, 45346.0, 3415.0, 57438.0, 57056.0, 45262.0, 57218.0, 3389.0, 1230.0, 3378.0, 32778.0, 36214.0, 36220.0, 49826.0, 36204.0, 48158.0, 7777.0, 6036.0, 3306.0, 12437.0, 8020.0, 10413.0, 57208.0, 49326.0, 49338.0, 56790.0, 49350.0, 57048.0, 57385.0, 523.0, 1.0, 57471.0, 10405.0, 8013.0, 3796.0, 25232.0, 2558.0, 57392.0, 57232.0, 10082.0, 57369.0, 9160.0, 47914.0, 47928.0, 47930.0, 55714.0, 21261.0, 57093.0, 7051.0, 44281.0, 5908.0, 9395.0, 4450.0, 57099.0, 6682.0, 8756.0, 10800.0, 9402.0, 3001.0, 2600.0, 10522.0, 42262.0, 16587.0, 49330.0, 57395.0, 65018.0, 57380.0, 50001.0, 37536.0, 60008.0, 8111.0, 37784.0, 37800.0, 8899.0, 37224.0, 28275.0, 57306.0, 64336.0, 445.0, 1400.0, 1443.0, 5443.0, 4430.0, 57104.0, 11443.0, 4443.0, 30080.0, 46144.0, 5050.0, 8090.0, 1985.0, 8088.0, 8808.0, 4343.0, 20443.0, 777.0, 6698.0, 57004.0, 2601.0, 5988.0, 57341.0, 3105.0, 8060.0, 444.0, 999.0, 666.0, 57494.0, 1046.0, 2599.0, 2374.0, 9877.0, 63361.0, 11434.0, 32868.0, 38690.0, 38698.0, 38704.0, 9222.0, 2379.0, 57281.0, 57089.0, 57070.0, 52200.0, 5222.0, 2597.0, 12238.0, 57248.0, 19999.0, 8449.0, 22208.0, 57253.0, 57289.0, 53000.0, 58556.0, 58570.0, 2000.0, 3390.0, 50000.0, 50012.0, 57343.0, 51036.0, 33340.0, 57297.0, 57106.0, 1073.0, 48632.0, 4911.0, 10001.0, 57278.0, 12000.0, 57080.0, 2998.0, 39226.0, 57316.0, 43730.0, 10200.0, 32000.0, 57350.0, 57274.0, 2591.0, 63308.0, 21369.0, 7070.0, 7000.0, 26790.0, 22166.0, 57190.0, 57180.0, 3596.0, 7547.0, 44536.0, 59018.0, 6038.0, 57139.0, 57150.0, 57157.0, 6080.0, 7047.0, 65422.0, 4646.0, 5038.0, 44326.0, 57053.0, 20051.0, 57400.0, 8605.0, 53158.0, 53184.0, 57090.0, 53162.0, 53172.0, 10129.0, 44252.0, 57063.0, 34278.0, 56930.0, 6962.0, 2083.0, 57324.0, 11592.0, 57412.0, 53791.0, 46836.0, 4080.0, 8144.0, 2626.0, 50716.0, 21195.0, 37836.0, 4273.0, 58888.0, 1543.0, 57136.0, 10621.0, 2595.0, 9987.0, 5000.0, 2015.0, 42752.0, 42768.0, 42776.0, 42772.0, 57023.0, 33660.0, 6262.0, 21242.0, 57374.0, 57091.0, 26638.0, 57043.0, 57339.0, 27234.0, 7999.0, 57397.0, 56677.0, 47194.0, 47172.0, 47184.0, 53814.0, 10011.0, 2014.0, 57164.0, 4008.0, 58000.0, 38302.0, 5821.0, 30005.0, 57270.0, 4081.0, 18004.0, 264.0, 7749.0, 54439.0, 57391.0, 57464.0, 3485.0, 21776.0, 39406.0, 14265.0, 2005.0, 57021.0, 48530.0, 50070.0, 49154.0, 43858.0, 30986.0, 45360.0, 53792.0, 53798.0, 53778.0, 62369.0, 53810.0, 53802.0, 2225.0, 12346.0, 38295.0, 2031.0, 57415.0, 50295.0, 2095.0, 25565.0, 2072.0, 2896.0, 57176.0, 57188.0, 15354.0, 17089.0, 57361.0, 20020.0, 4498.0, 2588.0, 2012.0, 9054.0, 57130.0, 21667.0, 57456.0, 57283.0, 2592.0, 57290.0, 18131.0, 12654.0, 9050.0, 4643.0, 38321.0, 1280.0, 12135.0, 13001.0, 46882.0, 33060.0, 57483.0, 83.0, 53398.0, 5903.0, 57066.0, 57425.0, 8051.0, 2444.0, 11751.0, 57241.0, 54716.0, 20476.0, 26.0, 52328.0, 54058.0, 37654.0, 9204.0, 37656.0, 51668.0, 22216.0, 56014.0, 24264.0, 5902.0, 57317.0, 2648.0, 57042.0, 10406.0, 11495.0, 57184.0, 49152.0, 34000.0, 1358.0, 5947.0, 7625.0, 51005.0, 4595.0, 20547.0, 2323.0]"
2025-07-31T19:14:39.000Z,"[5900.0, 57526.0, 57466.0, 22.0, 8443.0, 33389.0, 57111.0, 57334.0, 57290.0, 8181.0, 57143.0, 57027.0, 3389.0, 6378.0, 57406.0, 57203.0, 63571.0, 57304.0, 2608.0, 57028.0, 20256.0, 63649.0, 25059.0, 5555.0, 57411.0, 57167.0, 57286.0, 14330.0, 3162.0, 8080.0, 57448.0, 8888.0, 57322.0, 51922.0, 59434.0, 59450.0, 59464.0, 10416.0, 4911.0, 587.0, 3453.0, 9832.0, 60001.0, 25815.0, 7756.0, 57416.0, 1080.0, 3386.0, 2611.0, 57372.0, 6443.0, 344.0, 2617.0, 56911.0, 34406.0, 57149.0, 30456.0, 2609.0, 5947.0, 9996.0, 20547.0, 4001.0, 58738.0, 53741.0, 5432.0, 27463.0, 8728.0, 23014.0, 4145.0, 1077.0, 57083.0, 80.0, 57158.0, 57216.0, 4433.0, 4595.0, 7625.0, 51005.0, 2323.0, 23.0, 32400.0, 8081.0, 9001.0, 10425.0, 33376.0, 22022.0, nan, 57239.0, 57138.0, 143.0, 57271.0, 8983.0, 10838.0, 56504.0, 56520.0, 1433.0, 57441.0, 57370.0, 443.0, 57355.0, 5986.0, 1521.0, 44050.0, 57003.0, 57168.0, 56464.0, 56480.0, 56496.0, 34258.0, 555.0, 22217.0, 34453.0, 1102.0, 57200.0, 5683.0, 41215.0, 8843.0, 27040.0, 120.0, 57038.0, 40146.0, 8084.0, 40337.0, 46052.0, 7890.0, 4782.0, 13477.0, 41838.0, 41822.0, 39890.0, 1224.0, 57295.0, 57481.0, 62685.0, 27594.0, 57172.0, 21365.0, 57005.0, 31954.0, 8291.0, 3702.0, 6499.0, 8602.0, 30001.0, 57407.0, 25.0, 57137.0, 57127.0, 57427.0, 2024.0, 41466.0, 2610.0, 50684.0, 50686.0, 50702.0, 57103.0, 30443.0, 48116.0, 57461.0, 3392.0, 38148.0, 10441.0, 10414.0, 57444.0, 19609.0, 57222.0, 2603.0, 5632.0, 44818.0, 30000.0, 8857.0, 3466.0, 57403.0, 20249.0, 2299.0, 17000.0, 57020.0, 38649.0, 2614.0, 2613.0, 2616.0, 43986.0, 8010.0, 2615.0, 2612.0, 5433.0, 52384.0, 52382.0, 52400.0, 57420.0, 46320.0, 57246.0, 7508.0, 11472.0, 1408.0, 57177.0, 25691.0, 64327.0, 42032.0, 38460.0, 57376.0, 21285.0, 11609.0, 3128.0, 57162.0, 12488.0, 57389.0, 57201.0, 57423.0, 6449.0, 34780.0, 5002.0, 57476.0, 24251.0, 48447.0, 3424.0, 3431.0, 9441.0, 57362.0, 57189.0, 60160.0, 60168.0, 60180.0, 57006.0, 57214.0, 51.0, 1962.0, 6811.0, 57227.0, 52914.0, 9916.0, 2606.0, 9914.0, 5984.0, 5444.0, 7166.0, 3333.0, 51002.0, 8909.0, 10751.0, 6510.0, 9300.0, 57114.0, 57264.0, 2607.0, 42414.0, 42434.0, 42424.0, 20165.0, 12343.0, 2442.0, 57493.0, 56786.0, 57473.0, 57401.0, 57474.0, 57107.0, 57155.0, 57016.0, 58454.0, 10510.0, 10443.0, 6987.0, 6446.0, 5783.0, 41800.0, 1950.0, 2604.0, 32812.0, 32826.0, 32830.0, 8083.0, 9999.0, 57305.0, 42144.0, 57298.0, 9451.0, 57064.0, 13259.0, 9020.0, 33089.0, 9613.0, 4444.0, 51988.0, 57393.0, 57217.0, 1234.0, 8113.0, 57039.0, 57245.0, 9495.0, 2403.0, 24002.0, 57007.0, 3491.0, 50262.0, 50270.0, 9750.0, 22542.0, 6379.0, 57409.0, 57088.0, 57182.0, 40003.0, 54056.0, 8045.0, 57238.0, 60888.0, 7111.0, 60894.0, 57351.0, 17174.0, 60908.0, 60916.0, 57267.0, 3131.0, 9805.0, 19888.0, 12006.0, 10080.0, 61616.0, 50322.0, 57291.0, 57126.0, 33056.0, 7443.0, 47020.0, 9262.0, 8009.0, 51335.0, 57050.0, 43956.0, 43970.0, 2991.0, 57480.0, 465.0, 57335.0, 57396.0, 10147.0, 42291.0, 57059.0, 15265.0, 2909.0, 57479.0, 8215.0, 57254.0, 3395.0, 12527.0, 8880.0, 9443.0, 24660.0, 57386.0, 57259.0, 57031.0, 17001.0, 6740.0, 2381.0, 9099.0, 62960.0, 33956.0, 54781.0, 56610.0, 42170.0, 42174.0, 42182.0, 6820.0, 57135.0, 30511.0, 9223.0, 55808.0, 6882.0, 57399.0, 22760.0, 57280.0, 57244.0, 36977.0, 35584.0, 2605.0, 60157.0, 7078.0, 3052.0, 1414.0, 30955.0, 8488.0, 30444.0, 57154.0, 2602.0, 57301.0, 10410.0, 57454.0, 2598.0, 57500.0, 57496.0, 57242.0, 54606.0, 54608.0, 54614.0, 54620.0, 9000.0, 9990.0, 3120.0, 57193.0, 8000.0, 2566.0, 2527.0, 5060.0, 8123.0, 8334.0, 60243.0, 5106.0, 6370.0, 20623.0, 9917.0, 57087.0, 10411.0, 57011.0, 9642.0, 17385.0, 9631.0, 55443.0, 8282.0, 57198.0, 8086.0, 10604.0, 3334.0, 3341.0, 6194.0, 12171.0, 57327.0, 35178.0, 12751.0, 61989.0, 48756.0, 48772.0, 48784.0, 14986.0, 9092.0, 5414.0, 3331.0, 3343.0, 3344.0, 54470.0, 58174.0, 57467.0, 3050.0, 18888.0, 3345.0, 57491.0, 57108.0, 57086.0, 2222.0, 57429.0, 12387.0, 6834.0, 57134.0, 17304.0, 13260.0, 5431.0, 3339.0, 3332.0, 57485.0, 3337.0, 9051.0, 8040.0, 3338.0, 4000.0, 3330.0, 3327.0, 57266.0, 17128.0, 3326.0, 11211.0, 3328.0, 57129.0, 3340.0, 39950.0, 3335.0, 3346.0, 13395.0, 25933.0, 39960.0, 19133.0, 57001.0, 39956.0, 9117.0, 3329.0, 10307.0, 9090.0, 57047.0, 22377.0, 1427.0, 39291.0, 22000.0, 18085.0, 9060.0, 8050.0, 3336.0, 3342.0, 3347.0, 57497.0, 57206.0, 6126.0, 10412.0, 57439.0, 11654.0, 2375.0, 2697.0, 39243.0, 25746.0, 45346.0, 3415.0, 57056.0, 45262.0, 57218.0, 1230.0, 3378.0, 32778.0, 36214.0, 36220.0, 49826.0, 36204.0, 48158.0, 7777.0, 55818.0, 55832.0, 6036.0, 3306.0, 12437.0, 8020.0, 57438.0, 10413.0, 57208.0, 49326.0, 49338.0, 56790.0, 49350.0, 57048.0, 57385.0, 523.0, 1.0, 57471.0, 10405.0, 8013.0, 3796.0, 25232.0, 2558.0, 57232.0, 10082.0, 57392.0, 57369.0, 9160.0, 47914.0, 47928.0, 47930.0, 55714.0, 21261.0, 57093.0, 7051.0, 44281.0, 5908.0, 9395.0, 4450.0, 57099.0, 6682.0, 8756.0, 9402.0, 3001.0, 2600.0, 10522.0, 42262.0, 16587.0, 57395.0, 50001.0, 37536.0, 60008.0, 8111.0, 37784.0, 37800.0, 8899.0, 37224.0, 28275.0, 57306.0, 64336.0, 445.0, 10800.0, 1400.0, 1443.0, 5443.0, 4430.0, 57104.0, 11443.0, 4443.0, 30080.0, 46144.0, 57380.0, 5050.0, 8090.0, 1985.0, 8088.0, 8808.0, 4343.0, 20443.0, 777.0, 49330.0, 65018.0, 6698.0, 57004.0, 2601.0, 5988.0, 57341.0, 3105.0, 8060.0, 444.0, 999.0, 666.0, 57494.0, 1046.0, 2599.0, 2374.0, 9877.0, 63361.0, 11434.0, 32868.0, 38690.0, 38698.0, 38704.0, 9222.0, 2379.0, 52200.0, 5222.0, 57070.0, 2597.0, 12238.0, 57248.0, 19999.0, 57281.0, 8449.0, 22208.0, 57253.0, 57089.0, 57289.0, 53000.0, 58556.0, 58570.0, 33340.0, 57343.0, 57297.0, 57106.0, 1073.0, 48632.0, 10001.0, 2000.0, 57278.0, 12000.0, 57080.0, 2998.0, 39226.0, 57316.0, 43730.0, 10200.0, 57350.0, 57274.0, 2591.0, 63308.0, 21369.0, 7070.0, 7000.0, 26790.0, 22166.0, 3390.0, 50000.0, 50012.0, 51036.0, 57190.0, 57180.0, 3596.0, 7547.0, 44536.0, 59018.0, 6038.0, 32000.0, 57157.0, 6080.0, 7047.0, 65422.0, 4646.0, 5038.0, 44326.0, 57053.0, 20051.0, 8605.0, 53158.0, 53184.0, 57090.0, 53162.0, 53172.0, 10129.0, 44252.0, 57150.0, 57139.0, 57063.0, 34278.0, 56930.0, 6962.0, 11592.0, 57412.0, 57324.0, 53791.0, 46836.0, 4080.0, 8144.0, 2626.0, 57400.0, 50716.0, 21195.0, 37836.0, 4273.0, 58888.0, 1543.0, 57136.0, 10621.0, 2595.0, 9987.0, 5000.0, 2015.0, 42752.0, 42768.0, 42776.0, 42772.0, 2083.0, 57023.0, 33660.0, 6262.0, 21242.0, 57091.0, 57374.0, 26638.0, 57043.0, 57339.0, 27234.0, 7999.0, 57397.0, 56677.0, 47194.0, 47172.0, 47184.0, 2014.0, 57164.0, 4008.0, 58000.0, 38302.0, 5821.0, 30005.0, 57270.0, 4081.0, 18004.0, 264.0, 7749.0, 54439.0, 57464.0, 3485.0, 57391.0, 21776.0, 39406.0, 14265.0, 2005.0, 57021.0, 48530.0, 10011.0, 50070.0, 49154.0, 43858.0, 30986.0, 45360.0, 53792.0, 53798.0, 53778.0, 62369.0, 53810.0, 53802.0, 53814.0, 2225.0, 2031.0, 57415.0, 50295.0, 2095.0, 25565.0, 10415.0, 1796.0, 35125.0, 49176.0, 21146.0, 21923.0, 13651.0, 6683.0, 9966.0, 57030.0, 8092.0, 9348.0]"
2025-07-31T19:15:42.000Z,"[5900.0, 10751.0, 1080.0, 57334.0, 13651.0, 57290.0, 57459.0, 15672.0, 57022.0, 63571.0, 21923.0, 57411.0, 35125.0, 57027.0, 57406.0, 8081.0, 57337.0, 57319.0, 1796.0, 10415.0, 8443.0, 5916.0, 5952.0, 8092.0, 49176.0, 2012.0, 63649.0, 6683.0, 9348.0, 2614.0, 57111.0, 2608.0, 2488.0, 57030.0, 9966.0, 22.0, 2616.0, 587.0, 57425.0, 57304.0, 57028.0, 20256.0, 25059.0, 5555.0, 57167.0, 57203.0, 33389.0, 57143.0, 3389.0, 6378.0, 57466.0, 8181.0, 57526.0, 3306.0, 57286.0, 14330.0, 3162.0, 8080.0, 57448.0, 8888.0, 57322.0, 51922.0, 59434.0, 59450.0, 59464.0, 10416.0, 4911.0, 3453.0, 9832.0, 60001.0, 25815.0, 7756.0, 57416.0, 3386.0, 2611.0, 57372.0, 6443.0, 344.0, 2617.0, 56911.0, 34406.0, 57149.0, 30456.0, 2609.0, 5947.0, 9996.0, 20547.0, 4001.0, 58738.0, 53741.0, 5432.0, 27463.0, 8728.0, 23014.0, 4145.0, 57083.0, 57216.0, 4433.0, 57158.0, 4595.0, 80.0, 7625.0, 51005.0, 2323.0, 23.0, 32400.0, 9001.0, 10425.0, 33376.0, 1077.0, 22022.0, 57239.0, 57138.0, 143.0, 57271.0, 8983.0, 10838.0, 56504.0, 56520.0, 1433.0, 57441.0, 57370.0, 443.0, 57355.0, 5986.0, 1521.0, 44050.0, nan, 57003.0, 57168.0, 56464.0, 56480.0, 56496.0, 34258.0, 555.0, 22217.0, 34453.0, 1102.0, 57200.0, 5683.0, 41215.0, 8843.0, 27040.0, 120.0, 57038.0, 40146.0, 8084.0, 40337.0, 46052.0, 7890.0, 4782.0, 13477.0, 41838.0, 41822.0, 39890.0, 1224.0, 57295.0, 57481.0, 62685.0, 27594.0, 57172.0, 21365.0, 57005.0, 31954.0, 8291.0, 3702.0, 6499.0, 57407.0, 25.0, 57137.0, 57127.0, 57427.0, 2024.0, 41466.0, 2610.0, 50684.0, 50686.0, 50702.0, 8602.0, 30001.0, 57103.0, 30443.0, 48116.0, 57461.0, 3392.0, 38148.0, 10441.0, 10414.0, 57444.0, 19609.0, 57222.0, 5632.0, 30000.0, 44818.0, 8857.0, 3466.0, 57403.0, 20249.0, 2299.0, 17000.0, 57020.0, 38649.0, 2613.0, 43986.0, 8010.0, 2615.0, 2612.0, 5433.0, 52384.0, 52382.0, 52400.0, 57420.0, 46320.0, 57246.0, 7508.0, 11472.0, 2603.0, 25691.0, 64327.0, 42032.0, 57177.0, 38460.0, 57376.0, 21285.0, 11609.0, 3128.0, 57162.0, 57389.0, 57201.0, 57423.0, 6449.0, 34780.0, 5002.0, 57476.0, 24251.0, 48447.0, 3424.0, 1408.0, 3431.0, 12488.0, 9441.0, 57362.0, 57189.0, 60160.0, 60168.0, 60180.0, 57006.0, 57214.0, 51.0, 1962.0, 6811.0, 57227.0, 52914.0, 9916.0, 2606.0, 9914.0, 5984.0, 5444.0, 7166.0, 51002.0, 8909.0, 6510.0, 9300.0, 57114.0, 57264.0, 2607.0, 42414.0, 42434.0, 42424.0, 20165.0, 12343.0, 2442.0, 57493.0, 56786.0, 57473.0, 57401.0, 57474.0, 57107.0, 57155.0, 57016.0, 58454.0, 10510.0, 3333.0, 10443.0, 6987.0, 6446.0, 5783.0, 41800.0, 1950.0, 2604.0, 32812.0, 32826.0, 32830.0, 8083.0, 9999.0, 57305.0, 42144.0, 57298.0, 9451.0, 57064.0, 13259.0, 9020.0, 33089.0, 9613.0, 4444.0, 57393.0, 57217.0, 1234.0, 57039.0, 57245.0, 9495.0, 2403.0, 24002.0, 57007.0, 3491.0, 50262.0, 50270.0, 9750.0, 22542.0, 51988.0, 6379.0, 57409.0, 57088.0, 57182.0, 8113.0, 40003.0, 54056.0, 57238.0, 60888.0, 7111.0, 60894.0, 57351.0, 17174.0, 60908.0, 60916.0, 9805.0, 19888.0, 57267.0, 12006.0, 10080.0, 61616.0, 50322.0, 57291.0, 57126.0, 33056.0, 8045.0, 7443.0, 47020.0, 9262.0, 8009.0, 51335.0, 3131.0, 57050.0, 43956.0, 43970.0, 2991.0, 465.0, 57335.0, 57396.0, 57480.0, 10147.0, 42291.0, 57059.0, 15265.0, 2909.0, 57479.0, 8215.0, 57254.0, 3395.0, 12527.0, 8880.0, 9443.0, 24660.0, 57386.0, 57259.0, 57031.0, 17001.0, 6740.0, 2381.0, 9099.0, 62960.0, 33956.0, 54781.0, 56610.0, 42170.0, 42174.0, 42182.0, 6820.0, 57135.0, 30511.0, 9223.0, 55808.0, 6882.0, 57280.0, 57399.0, 57244.0, 36977.0, 35584.0, 2605.0, 60157.0, 7078.0, 3052.0, 1414.0, 30955.0, 8488.0, 30444.0, 57154.0, 2602.0, 57301.0, 10410.0, 57454.0, 2598.0, 22760.0, 57500.0, 57496.0, 57242.0, 54606.0, 54608.0, 54614.0, 54620.0, 9000.0, 3120.0, 57193.0, 8000.0, 2566.0, 2527.0, 5060.0, 8123.0, 8334.0, 60243.0, 5106.0, 6370.0, 20623.0, 9917.0, 9990.0, 57087.0, 10411.0, 57011.0, 9642.0, 17385.0, 9631.0, 55443.0, 8282.0, 57198.0, 8086.0, 10604.0, 3334.0, 3341.0, 6194.0, 12171.0, 57327.0, 35178.0, 12751.0, 61989.0, 48756.0, 48772.0, 48784.0, 14986.0, 3331.0, 3343.0, 3344.0, 54470.0, 58174.0, 57108.0, 57086.0, 2222.0, 57429.0, 12387.0, 6834.0, 57134.0, 17304.0, 13260.0, 5431.0, 3339.0, 3050.0, 3332.0, 57485.0, 3337.0, 9051.0, 9092.0, 5414.0, 8040.0, 3338.0, 4000.0, 3330.0, 3327.0, 57266.0, 57467.0, 17128.0, 3326.0, 57491.0, 18888.0, 3345.0, 3340.0, 39950.0, 11211.0, 3335.0, 3346.0, 13395.0, 25933.0, 39960.0, 19133.0, 57001.0, 39956.0, 9117.0, 3329.0, 10307.0, 9090.0, 57047.0, 22377.0, 1427.0, 39291.0, 22000.0, 18085.0, 9060.0, 8050.0, 3336.0, 3342.0, 3347.0, 57129.0, 3328.0, 57497.0, 57206.0, 6126.0, 10412.0, 57439.0, 11654.0, 2375.0, 2697.0, 25746.0, 45346.0, 3415.0, 57056.0, 45262.0, 57218.0, 1230.0, 3378.0, 32778.0, 36214.0, 36220.0, 49826.0, 36204.0, 48158.0, 7777.0, 55818.0, 55832.0, 39243.0, 6036.0, 12437.0, 8020.0, 57438.0, 10413.0, 49326.0, 49338.0, 56790.0, 49350.0, 57048.0, 57385.0, 523.0, 1.0, 57208.0, 57471.0, 10405.0, 8013.0, 3796.0, 57232.0, 10082.0, 57392.0, 57369.0, 9160.0, 47914.0, 47928.0, 47930.0, 55714.0, 21261.0, 57093.0, 7051.0, 44281.0, 5908.0, 25232.0, 2558.0, 9395.0, 4450.0, 57099.0, 6682.0, 8756.0, 3001.0, 2600.0, 10522.0, 42262.0, 16587.0, 50001.0, 57395.0, 37536.0, 60008.0, 8111.0, 37784.0, 37800.0, 8899.0, 37224.0, 28275.0, 57306.0, 64336.0, 445.0, 10800.0, 9402.0, 1400.0, 1443.0, 5443.0, 4430.0, 57104.0, 11443.0, 4443.0, 30080.0, 46144.0, 57380.0, 5050.0, 8090.0, 1985.0, 8088.0, 8808.0, 4343.0, 20443.0, 777.0, 49330.0, 65018.0, 57004.0, 6698.0, 2601.0, 5988.0, 57341.0, 3105.0, 8060.0, 444.0, 999.0, 666.0, 57494.0, 1046.0, 2599.0, 2374.0, 9877.0, 63361.0, 11434.0, 32868.0, 38690.0, 38698.0, 38704.0, 9222.0, 2379.0, 5222.0, 57070.0, 2597.0, 52200.0, 12238.0, 57248.0, 19999.0, 57281.0, 8449.0, 22208.0, 57253.0, 57089.0, 57289.0, 53000.0, 58556.0, 58570.0, 57297.0, 1073.0, 57106.0, 48632.0, 57343.0, 10001.0, 2000.0, 57278.0, 12000.0, 57080.0, 2998.0, 39226.0, 57316.0, 43730.0, 10200.0, 57274.0, 2591.0, 63308.0, 21369.0, 7070.0, 7000.0, 26790.0, 22166.0, 3390.0, 50000.0, 50012.0, 51036.0, 33340.0, 57190.0, 57180.0, 3596.0, 7547.0, 44536.0, 59018.0, 6038.0, 32000.0, 57350.0, 6080.0, 7047.0, 65422.0, 4646.0, 5038.0, 44326.0, 57053.0, 20051.0, 8605.0, 53158.0, 53184.0, 57090.0, 53162.0, 53172.0, 10129.0, 44252.0, 57150.0, 57139.0, 57063.0, 34278.0, 57157.0, 56930.0, 6962.0, 57324.0, 11592.0, 53791.0, 46836.0, 4080.0, 8144.0, 2626.0, 57400.0, 50716.0, 21195.0, 37836.0, 4273.0, 58888.0, 57136.0, 10621.0, 2595.0, 9987.0, 5000.0, 2015.0, 42752.0, 42768.0, 42776.0, 42772.0, 57412.0, 2083.0, 57023.0, 33660.0, 6262.0, 21242.0, 1543.0, 57091.0, 57374.0, 26638.0, 57043.0, 57339.0, 27234.0, 7999.0, 57397.0, 56677.0, 47194.0, 47172.0, 47184.0, 2014.0, 57164.0, 4008.0, 58000.0, 38302.0, 5821.0, 30005.0, 57270.0, 4081.0, 18004.0, 264.0, 7749.0, 54439.0, 57464.0, 3485.0, 57391.0, 21776.0, 39406.0, 14265.0, 2005.0, 57021.0, 48530.0, 10011.0, 50070.0, 49154.0, 43858.0, 30986.0, 45360.0, 53792.0, 53798.0, 53778.0, 62369.0, 53810.0, 53802.0, 53814.0, 2225.0, 2084.0, 502.0, 21146.0, 3008.0, 1491.0]"
2025-07-31T19:16:44.000Z,"[57319.0, 5900.0, 57337.0, 1080.0, 57024.0, 3306.0, 10751.0, 57459.0, 57071.0, 1796.0, 2084.0, 502.0, 3008.0, 57015.0, 8123.0, 57022.0, 13651.0, 55294.0, 55304.0, 39944.0, 55278.0, 15672.0, 55676.0, 2012.0, 8443.0, 57425.0, 1491.0, 5952.0, 57030.0, 5916.0, 57406.0, 21146.0, 2488.0, 57450.0, 57414.0, 57239.0, 57372.0, 2616.0, 57290.0, 2614.0, 23.0, 57334.0, 52914.0, 63649.0, 57411.0, 6683.0, 9348.0, 8092.0, 49176.0, 63571.0, 21923.0, 35125.0, 57027.0, 8081.0, 10415.0, 2608.0, 57111.0, 9966.0, 22.0, 587.0, 57304.0, 57028.0, 20256.0, 25059.0, 5555.0, 57167.0, 57203.0, 33389.0, 57143.0, 3389.0, 6378.0, 57466.0, 8181.0, 57526.0, 57286.0, 14330.0, 3162.0, 8080.0, 57448.0, 8888.0, 57322.0, 51922.0, 59434.0, 59450.0, 59464.0, 10416.0, 9832.0, 60001.0, 25815.0, 7756.0, 57416.0, 3386.0, 2611.0, 6443.0, 344.0, 2617.0, 4911.0, 56911.0, 3453.0, 34406.0, 57149.0, 30456.0, 2609.0, 5947.0, 9996.0, 20547.0, 4001.0, 58738.0, 53741.0, 5432.0, 27463.0, 8728.0, 4145.0, 57083.0, 57158.0, 4433.0, 4595.0, 80.0, 7625.0, 51005.0, 2323.0, 32400.0, 9001.0, 10425.0, 33376.0, 23014.0, 1077.0, 22022.0, 57216.0, 57138.0, 143.0, 57271.0, 8983.0, 10838.0, 56504.0, 56520.0, 1433.0, 57441.0, 57370.0, 443.0, 57355.0, 5986.0, 1521.0, 44050.0, nan, 57003.0, 56464.0, 56480.0, 56496.0, 34258.0, 57168.0, 555.0, 22217.0, 34453.0, 1102.0, 57200.0, 5683.0, 41215.0, 8843.0, 27040.0, 120.0, 57038.0, 40146.0, 40337.0, 46052.0, 7890.0, 4782.0, 13477.0, 41838.0, 41822.0, 39890.0, 1224.0, 57295.0, 57481.0, 62685.0, 27594.0, 57172.0, 21365.0, 57005.0, 31954.0, 8291.0, 3702.0, 6499.0, 8084.0, 25.0, 57137.0, 57407.0, 57127.0, 57427.0, 2024.0, 41466.0, 2610.0, 50684.0, 50686.0, 50702.0, 8602.0, 30001.0, 57103.0, 30443.0, 48116.0, 57461.0, 3392.0, 38148.0, 10441.0, 10414.0, 19609.0, 57222.0, 44818.0, 8857.0, 3466.0, 57403.0, 20249.0, 2299.0, 17000.0, 57020.0, 38649.0, 2613.0, 43986.0, 8010.0, 2615.0, 2612.0, 5433.0, 57444.0, 52384.0, 52382.0, 52400.0, 57420.0, 46320.0, 57246.0, 7508.0, 11472.0, 2603.0, 5632.0, 30000.0, 25691.0, 64327.0, 42032.0, 57177.0, 38460.0, 57376.0, 21285.0, 11609.0, 57389.0, 3128.0, 57201.0, 57162.0, 57423.0, 6449.0, 34780.0, 5002.0, 57476.0, 24251.0, 48447.0, 3424.0, 1408.0, 3431.0, 12488.0, 9441.0, 57189.0, 57362.0, 60160.0, 60168.0, 60180.0, 57006.0, 57214.0, 51.0, 6811.0, 57227.0, 1962.0, 9916.0, 2606.0, 9914.0, 5984.0, 5444.0, 7166.0, 6510.0, 9300.0, 57114.0, 57264.0, 2607.0, 42414.0, 42434.0, 42424.0, 20165.0, 12343.0, 2442.0, 57493.0, 56786.0, 57473.0, 51002.0, 57401.0, 57474.0, 57107.0, 57155.0, 57016.0, 58454.0, 10510.0, 8909.0, 3333.0, 10443.0, 6987.0, 6446.0, 5783.0, 41800.0, 1950.0, 2604.0, 32812.0, 32826.0, 32830.0, 8083.0, 9999.0, 57305.0, 42144.0, 57298.0, 9451.0, 57064.0, 13259.0, 9020.0, 33089.0, 9613.0, 4444.0, 57393.0, 57039.0, 57245.0, 9495.0, 2403.0, 57217.0, 24002.0, 57007.0, 3491.0, 50262.0, 50270.0, 9750.0, 22542.0, 51988.0, 6379.0, 57409.0, 57088.0, 57182.0, 8113.0, 40003.0, 54056.0, 1234.0, 7111.0, 57351.0, 17174.0, 60908.0, 60916.0, 57238.0, 9805.0, 19888.0, 57267.0, 12006.0, 10080.0, 61616.0, 50322.0, 57291.0, 57126.0, 33056.0, 8045.0, 7443.0, 47020.0, 60888.0, 60894.0, 9262.0, 8009.0, 51335.0, 3131.0, 57050.0, 43956.0, 43970.0, 2991.0, 57335.0, 57396.0, 57480.0, 10147.0, 465.0, 42291.0, 57059.0, 15265.0, 2909.0, 57479.0, 8215.0, 57254.0, 3395.0, 12527.0, 8880.0, 9443.0, 24660.0, 57259.0, 57031.0, 57386.0, 17001.0, 6740.0, 2381.0, 9099.0, 62960.0, 33956.0, 54781.0, 56610.0, 42170.0, 42174.0, 42182.0, 6820.0, 57135.0, 30511.0, 9223.0, 55808.0, 6882.0, 57399.0, 57280.0, 57244.0, 36977.0, 35584.0, 2605.0, 60157.0, 7078.0, 3052.0, 1414.0, 30955.0, 8488.0, 30444.0, 57154.0, 2602.0, 57301.0, 10410.0, 57454.0, 2598.0, 22760.0, 57500.0, 57496.0, 57242.0, 54606.0, 54608.0, 54614.0, 54620.0, 9000.0, 57193.0, 3120.0, 8000.0, 2566.0, 2527.0, 5060.0, 8334.0, 60243.0, 5106.0, 6370.0, 20623.0, 9917.0, 9990.0, 57087.0, 10411.0, 57011.0, 9642.0, 17385.0, 9631.0, 55443.0, 8282.0, 57198.0, 8086.0, 10604.0, 3334.0, 3341.0, 6194.0, 12171.0, 57327.0, 35178.0, 12751.0, 61989.0, 48756.0, 48772.0, 48784.0, 14986.0, 3331.0, 3343.0, 3344.0, 54470.0, 58174.0, 57108.0, 57086.0, 2222.0, 57429.0, 12387.0, 6834.0, 57134.0, 17304.0, 13260.0, 5431.0, 3339.0, 3050.0, 3332.0, 57485.0, 3337.0, 9051.0, 9092.0, 5414.0, 8040.0, 3338.0, 4000.0, 3330.0, 3327.0, 57266.0, 57467.0, 17128.0, 3326.0, 57491.0, 18888.0, 3345.0, 3340.0, 39950.0, 11211.0, 3335.0, 3346.0, 13395.0, 25933.0, 39960.0, 19133.0, 57001.0, 39956.0, 9117.0, 3329.0, 10307.0, 57047.0, 22377.0, 1427.0, 39291.0, 22000.0, 18085.0, 9060.0, 8050.0, 3336.0, 3342.0, 3347.0, 57129.0, 3328.0, 57497.0, 57206.0, 6126.0, 10412.0, 57439.0, 11654.0, 2375.0, 2697.0, 9090.0, 25746.0, 45346.0, 3415.0, 57056.0, 45262.0, 57218.0, 1230.0, 3378.0, 32778.0, 36214.0, 36220.0, 49826.0, 36204.0, 48158.0, 7777.0, 55818.0, 55832.0, 39243.0, 6036.0, 12437.0, 8020.0, 57438.0, 10413.0, 49326.0, 49338.0, 56790.0, 49350.0, 57048.0, 57385.0, 523.0, 1.0, 57208.0, 57471.0, 10405.0, 8013.0, 3796.0, 57232.0, 57392.0, 57369.0, 10082.0, 9160.0, 47914.0, 47928.0, 47930.0, 55714.0, 21261.0, 57093.0, 7051.0, 44281.0, 5908.0, 25232.0, 2558.0, 9395.0, 4450.0, 57099.0, 6682.0, 8756.0, 3001.0, 2600.0, 10522.0, 42262.0, 16587.0, 50001.0, 57395.0, 37536.0, 60008.0, 8111.0, 37784.0, 37800.0, 8899.0, 37224.0, 28275.0, 57306.0, 64336.0, 445.0, 10800.0, 9402.0, 1400.0, 1443.0, 5443.0, 4430.0, 57104.0, 11443.0, 4443.0, 30080.0, 46144.0, 57380.0, 5050.0, 8090.0, 1985.0, 8088.0, 8808.0, 4343.0, 20443.0, 777.0, 49330.0, 65018.0, 6698.0, 2601.0, 5988.0, 57341.0, 3105.0, 8060.0, 444.0, 999.0, 666.0, 57494.0, 1046.0, 2599.0, 2374.0, 9877.0, 63361.0, 11434.0, 32868.0, 38690.0, 38698.0, 38704.0, 9222.0, 2379.0, 57004.0, 5222.0, 57070.0, 2597.0, 52200.0, 12238.0, 57248.0, 19999.0, 57281.0, 8449.0, 22208.0, 57253.0, 57089.0, 57289.0, 53000.0, 58556.0, 58570.0, 57106.0, 57297.0, 48632.0, 57343.0, 10001.0, 2000.0, 57278.0, 12000.0, 57080.0, 2998.0, 39226.0, 57316.0, 43730.0, 10200.0, 57274.0, 2591.0, 63308.0, 21369.0, 7070.0, 7000.0, 26790.0, 22166.0, 3390.0, 50000.0, 50012.0, 51036.0, 33340.0, 1073.0, 57180.0, 3596.0, 7547.0, 44536.0, 59018.0, 6038.0, 32000.0, 57350.0, 6080.0, 7047.0, 65422.0, 4646.0, 5038.0, 44326.0, 57053.0, 57190.0, 20051.0, 8605.0, 53158.0, 53184.0, 57090.0, 53162.0, 53172.0, 10129.0, 44252.0, 57150.0, 57139.0, 57063.0, 34278.0, 57157.0, 56930.0, 6962.0, 57324.0, 11592.0, 53791.0, 46836.0, 4080.0, 8144.0, 2626.0, 57400.0, 50716.0, 21195.0, 37836.0, 4273.0, 58888.0, 57136.0, 10621.0, 2595.0, 9987.0, 5000.0, 2015.0, 42752.0, 42768.0, 42776.0, 42772.0, 57412.0, 2083.0, 57023.0, 33660.0, 6262.0, 21242.0, 1543.0, 26638.0, 57091.0, 57043.0, 57339.0, 57374.0, 27234.0, 7999.0, 57397.0, 56677.0, 47194.0, 47172.0, 47184.0, 57164.0, 4008.0, 58000.0, 38302.0, 5821.0, 30005.0, 57270.0, 4081.0, 18004.0, 264.0, 7749.0, 54439.0, 17612.0, 1024.0, 9127.0, 6291.0, 7446.0, 9691.0, 6374.0]"
2025-07-31T19:18:15.000Z,"[57293.0, 5900.0, 8443.0, 57086.0, 17001.0, 8080.0, 57236.0, 57018.0, 57024.0, 9090.0, 51006.0, 57015.0, 3008.0, 57422.0, 9127.0, 57443.0, 57221.0, 57071.0, 23.0, 57146.0, 17612.0, 3306.0, 8123.0, 57470.0, 1024.0, 2086.0, 6291.0, 8081.0, 2084.0, 2012.0, 57459.0, 55278.0, 15672.0, 55676.0, 57337.0, 57022.0, 13651.0, 55294.0, 55304.0, 39944.0, 502.0, 57319.0, 10751.0, 1796.0, 1080.0, 57414.0, 5952.0, 57239.0, 57372.0, 9691.0, 57450.0, 6374.0, 5916.0, 7446.0, 21146.0, 5300.0, 57425.0, 8092.0, 49176.0, 63571.0, 21923.0, 57411.0, 35125.0, 57027.0, 57406.0, 10415.0, 57290.0, 57334.0, 57030.0, 1491.0, 2488.0, 2616.0, 2614.0, 52914.0, 63649.0, 6683.0, 9348.0, 33389.0, 57143.0, 3389.0, 6378.0, 22.0, 57466.0, 8181.0, 57526.0, 57111.0, 2608.0, 9966.0, 587.0, 57322.0, 51922.0, 59434.0, 59450.0, 59464.0, 57028.0, 10416.0, 57304.0, 20256.0, 25059.0, 5555.0, 57167.0, 57203.0, 57286.0, 14330.0, 3162.0, 57448.0, 8888.0, 6443.0, 57416.0, 344.0, 2617.0, 4911.0, 56911.0, 3453.0, 9832.0, 9996.0, 58738.0, 53741.0, 5432.0, 27463.0, 8728.0, 60001.0, 25815.0, 7756.0, 3386.0, 2611.0, 34406.0, 57149.0, 30456.0, 2609.0, 5947.0, 20547.0, 4001.0, 57083.0, 32400.0, 9001.0, 10425.0, 33376.0, 23014.0, 4145.0, 1077.0, 22022.0, 80.0, 57216.0, 57158.0, 4433.0, 4595.0, 7625.0, 51005.0, 2323.0, 57138.0, 10838.0, 57355.0, 5986.0, 1521.0, 57441.0, 44050.0, nan, 143.0, 57271.0, 8983.0, 56504.0, 56520.0, 1433.0, 57370.0, 443.0, 34258.0, 57168.0, 555.0, 57003.0, 56464.0, 56480.0, 56496.0, 8843.0, 27040.0, 120.0, 5683.0, 57038.0, 57200.0, 39890.0, 1224.0, 57295.0, 22217.0, 34453.0, 1102.0, 41215.0, 40146.0, 21365.0, 57005.0, 31954.0, 8291.0, 3702.0, 6499.0, 57172.0, 57481.0, 8084.0, 40337.0, 46052.0, 7890.0, 4782.0, 13477.0, 41838.0, 41822.0, 62685.0, 27594.0, 2610.0, 57137.0, 50684.0, 50686.0, 50702.0, 8602.0, 30001.0, 57407.0, 25.0, 3392.0, 57427.0, 57461.0, 38148.0, 10441.0, 10414.0, 57127.0, 2024.0, 41466.0, 57103.0, 30443.0, 48116.0, 17000.0, 38649.0, 57020.0, 57403.0, 43986.0, 8010.0, 2615.0, 2612.0, 5433.0, 57444.0, 52384.0, 52382.0, 52400.0, 19609.0, 57222.0, 57420.0, 46320.0, 57246.0, 7508.0, 11472.0, 2603.0, 5632.0, 44818.0, 30000.0, 8857.0, 3466.0, 20249.0, 2299.0, 2613.0, 21285.0, 11609.0, 5002.0, 57476.0, 24251.0, 57177.0, 48447.0, 57423.0, 57376.0, 3424.0, 1408.0, 25691.0, 64327.0, 42032.0, 38460.0, 57389.0, 3431.0, 12488.0, 9441.0, 3128.0, 57162.0, 57201.0, 6449.0, 34780.0, 57214.0, 51.0, 57006.0, 57227.0, 9914.0, 5984.0, 5444.0, 7166.0, 57189.0, 57362.0, 60160.0, 60168.0, 60180.0, 1962.0, 6811.0, 9916.0, 2606.0, 57264.0, 20165.0, 6510.0, 12343.0, 2442.0, 57155.0, 58454.0, 57016.0, 10510.0, 8909.0, 9300.0, 3333.0, 51002.0, 57114.0, 2607.0, 42414.0, 42434.0, 42424.0, 57493.0, 56786.0, 57473.0, 57401.0, 57474.0, 57107.0, 41800.0, 1950.0, 2604.0, 32812.0, 32826.0, 32830.0, 57298.0, 13259.0, 9020.0, 33089.0, 57064.0, 9613.0, 10443.0, 6987.0, 6446.0, 5783.0, 8083.0, 9999.0, 57305.0, 42144.0, 9451.0, 57007.0, 3491.0, 57393.0, 2403.0, 4444.0, 50262.0, 50270.0, 9750.0, 22542.0, 51988.0, 57088.0, 57182.0, 8113.0, 57245.0, 40003.0, 54056.0, 57217.0, 57039.0, 1234.0, 9495.0, 24002.0, 6379.0, 57409.0, 8045.0, 7443.0, 57126.0, 47020.0, 9805.0, 57238.0, 60888.0, 7111.0, 60894.0, 57351.0, 17174.0, 60908.0, 60916.0, 9262.0, 57267.0, 8009.0, 51335.0, 19888.0, 3131.0, 12006.0, 10080.0, 61616.0, 50322.0, 57291.0, 33056.0, 57050.0, 43956.0, 43970.0, 2991.0, 465.0, 57479.0, 57480.0, 57335.0, 57396.0, 10147.0, 42291.0, 57059.0, 15265.0, 2909.0, 24660.0, 33956.0, 54781.0, 56610.0, 42170.0, 42174.0, 57254.0, 42182.0, 6820.0, 8215.0, 3395.0, 12527.0, 8880.0, 9443.0, 57259.0, 30511.0, 9223.0, 55808.0, 6882.0, 57135.0, 57386.0, 57031.0, 6740.0, 2381.0, 9099.0, 62960.0, 57154.0, 57454.0, 57301.0, 2598.0, 57244.0, 57399.0, 22760.0, 57280.0, 36977.0, 35584.0, 2605.0, 60157.0, 7078.0, 57500.0, 57496.0, 57242.0, 54606.0, 54608.0, 54614.0, 54620.0, 9000.0, 3052.0, 1414.0, 30955.0, 8488.0, 30444.0, 2602.0, 10410.0, 9917.0, 9990.0, 3120.0, 57193.0, 8000.0, 2566.0, 2527.0, 57011.0, 57087.0, 9642.0, 5060.0, 8334.0, 60243.0, 5106.0, 6370.0, 20623.0, 10411.0, 57198.0, 57327.0, 35178.0, 12751.0, 61989.0, 48756.0, 48772.0, 48784.0, 14986.0, 17385.0, 9631.0, 55443.0, 8282.0, 8086.0, 10604.0, 3334.0, 3341.0, 6194.0, 12171.0, 57485.0, 3337.0, 9051.0, 9092.0, 5414.0, 3331.0, 3343.0, 3344.0, 54470.0, 58174.0, 5431.0, 57467.0, 17128.0, 3326.0, 57491.0, 3050.0, 18888.0, 3345.0, 57108.0, 2222.0, 57429.0, 12387.0, 6834.0, 57134.0, 17304.0, 13260.0, 3339.0, 3332.0, 8040.0, 3338.0, 4000.0, 3330.0, 3327.0, 57266.0, 18085.0, 8050.0, 3336.0, 3342.0, 3347.0, 57129.0, 11211.0, 3328.0, 3340.0, 39950.0, 3335.0, 3346.0, 13395.0, 25933.0, 39960.0, 19133.0, 57001.0, 39956.0, 9117.0, 3329.0, 10307.0, 57206.0, 6126.0, 10412.0, 57439.0, 11654.0, 2375.0, 2697.0, 57047.0, 22377.0, 1427.0, 39291.0, 22000.0, 9060.0, 57497.0, 3378.0, 36214.0, 36220.0, 49826.0, 36204.0, 48158.0, 7777.0, 55818.0, 55832.0, 39243.0, 25746.0, 45346.0, 3415.0, 12437.0, 8020.0, 57438.0, 57218.0, 10413.0, 57056.0, 45262.0, 1230.0, 32778.0, 6036.0, 57385.0, 57048.0, 57208.0, 49326.0, 49338.0, 56790.0, 49350.0, 523.0, 1.0, 57471.0, 10405.0, 8013.0, 3796.0, 57093.0, 44281.0, 5908.0, 25232.0, 2558.0, 57099.0, 6682.0, 8756.0, 57392.0, 57232.0, 10082.0, 57369.0, 9160.0, 47914.0, 47928.0, 47930.0, 55714.0, 21261.0, 7051.0, 9395.0, 4450.0, 8899.0, 37224.0, 28275.0, 57306.0, 64336.0, 445.0, 10800.0, 9402.0, 3001.0, 2600.0, 10522.0, 42262.0, 16587.0, 1443.0, 5443.0, 4430.0, 57104.0, 11443.0, 4443.0, 30080.0, 46144.0, 57380.0, 5050.0, 8090.0, 1985.0, 8088.0, 1400.0, 8808.0, 4343.0, 20443.0, 777.0, 49330.0, 57395.0, 65018.0, 50001.0, 37536.0, 60008.0, 8111.0, 37784.0, 37800.0, 11434.0, 32868.0, 38690.0, 38698.0, 38704.0, 9222.0, 2379.0, 57004.0, 6698.0, 2601.0, 5988.0, 57341.0, 3105.0, 8060.0, 444.0, 999.0, 666.0, 57494.0, 1046.0, 2599.0, 2374.0, 9877.0, 63361.0, 57253.0, 53000.0, 57289.0, 58556.0, 19999.0, 58570.0, 57281.0, 57089.0, 57070.0, 52200.0, 5222.0, 2597.0, 12238.0, 57248.0, 8449.0, 22208.0, 57080.0, 2998.0, 39226.0, 57316.0, 43730.0, 57278.0, 10200.0, 2591.0, 7070.0, 7000.0, 26790.0, 22166.0, 57343.0, 2000.0, 3390.0, 50000.0, 50012.0, 51036.0, 33340.0, 57297.0, 57106.0, 1073.0, 48632.0, 10001.0, 12000.0, 57350.0, 32000.0, 57274.0, 63308.0, 21369.0, 44326.0, 57180.0, 57053.0, 57190.0, 7547.0, 20051.0, 3596.0, 44536.0, 59018.0, 6038.0, 57150.0, 57139.0, 57090.0, 10129.0, 57063.0, 57157.0, 56930.0, 6962.0, 6080.0, 7047.0, 65422.0, 4646.0, 5038.0, 21195.0, 57400.0, 8144.0, 37836.0, 4273.0, 58888.0, 8605.0, 53158.0, 53184.0, 53162.0, 53172.0, 44252.0, 34278.0, 57412.0, 2083.0, 57324.0, 11592.0, 53791.0, 46836.0, 4080.0, 2626.0, 50716.0, 33660.0, 21242.0, 1543.0, 57136.0, 10621.0, 2595.0, 9987.0, 5000.0, 2015.0, 42752.0, 42768.0, 42776.0, 42772.0, 57397.0, 6262.0, 47194.0, 47172.0, 47184.0, 57023.0, 17131.0, 7002.0, 9042.0, 5006.0, 57078.0]"
2025-07-31T19:19:56.000Z,"[7002.0, 5900.0, 5006.0, 51900.0, 51890.0, 39507.0, 8443.0, 57093.0, 2613.0, 57078.0, 57129.0, 8080.0, 22.0, 3909.0, 57293.0, 57018.0, 8088.0, 57221.0, 5909.0, 57443.0, 13089.0, 3008.0, 57422.0, 9127.0, 51006.0, 57024.0, 57236.0, 9090.0, 57086.0, 17001.0, 17131.0, 5300.0, 57470.0, 8081.0, 57146.0, 9042.0, 57071.0, 17612.0, 23.0, 57015.0, 57372.0, 57239.0, 6374.0, 57414.0, 3306.0, 57450.0, 21146.0, 8123.0, 1024.0, 2086.0, 6291.0, 2084.0, 2012.0, 57425.0, 57459.0, 55278.0, 15672.0, 55676.0, 57337.0, 57022.0, 13651.0, 55294.0, 55304.0, 39944.0, 502.0, 57319.0, 10751.0, 1796.0, 1080.0, 5952.0, 9691.0, 5916.0, 7446.0, 57030.0, 2616.0, 57290.0, 2614.0, 57334.0, 52914.0, 63649.0, 57411.0, 6683.0, 9348.0, 8092.0, 49176.0, 63571.0, 21923.0, 35125.0, 57027.0, 57406.0, 10415.0, 1491.0, 2488.0, 587.0, 57167.0, 57203.0, 33389.0, 57143.0, 3389.0, 6378.0, 57466.0, 8181.0, 57526.0, 57111.0, 2608.0, 9966.0, 57286.0, 57448.0, 8888.0, 14330.0, 57322.0, 51922.0, 59434.0, 59450.0, 59464.0, 57028.0, 10416.0, 57304.0, 20256.0, 25059.0, 5555.0, 3162.0, 57416.0, 3386.0, 2611.0, 60001.0, 6443.0, 344.0, 2617.0, 4911.0, 56911.0, 3453.0, 9832.0, 2609.0, 5947.0, 9996.0, 20547.0, 4001.0, 58738.0, 53741.0, 5432.0, 27463.0, 8728.0, 25815.0, 7756.0, 34406.0, 57149.0, 30456.0, 4433.0, 4595.0, 80.0, 7625.0, 51005.0, 2323.0, 57083.0, 32400.0, 9001.0, 10425.0, 33376.0, 23014.0, 4145.0, 1077.0, 22022.0, 57216.0, 57158.0, 57138.0, 143.0, 57271.0, 8983.0, 10838.0, 56504.0, 56520.0, 1433.0, 57441.0, 57370.0, 443.0, 57355.0, 5986.0, 1521.0, 44050.0, nan, 56464.0, 56480.0, 56496.0, 34258.0, 57168.0, 555.0, 57003.0, 57200.0, 5683.0, 41215.0, 8843.0, 27040.0, 120.0, 57038.0, 40146.0, 7890.0, 4782.0, 13477.0, 41838.0, 41822.0, 39890.0, 1224.0, 57295.0, 22217.0, 34453.0, 1102.0, 57481.0, 62685.0, 27594.0, 57172.0, 21365.0, 57005.0, 31954.0, 8291.0, 3702.0, 6499.0, 8084.0, 40337.0, 46052.0, 57127.0, 41466.0, 2610.0, 57137.0, 50684.0, 50686.0, 50702.0, 8602.0, 30001.0, 57407.0, 25.0, 57103.0, 30443.0, 48116.0, 57427.0, 57461.0, 3392.0, 38148.0, 10441.0, 10414.0, 2024.0, 57222.0, 57403.0, 20249.0, 2299.0, 17000.0, 57020.0, 38649.0, 43986.0, 8010.0, 2615.0, 2612.0, 5433.0, 57444.0, 52384.0, 52382.0, 52400.0, 19609.0, 57420.0, 46320.0, 57246.0, 7508.0, 11472.0, 2603.0, 5632.0, 44818.0, 30000.0, 8857.0, 3466.0, 57376.0, 21285.0, 11609.0, 57201.0, 57423.0, 34780.0, 3128.0, 5002.0, 57476.0, 24251.0, 57177.0, 48447.0, 3424.0, 1408.0, 25691.0, 64327.0, 42032.0, 38460.0, 57389.0, 3431.0, 12488.0, 9441.0, 57162.0, 6449.0, 57189.0, 60160.0, 60168.0, 60180.0, 57006.0, 57362.0, 57214.0, 51.0, 57227.0, 9916.0, 2606.0, 9914.0, 5984.0, 5444.0, 7166.0, 1962.0, 6811.0, 9300.0, 6510.0, 57114.0, 57264.0, 2607.0, 42414.0, 42434.0, 42424.0, 20165.0, 12343.0, 2442.0, 57473.0, 57474.0, 57401.0, 57107.0, 57493.0, 57155.0, 57016.0, 58454.0, 10510.0, 8909.0, 3333.0, 51002.0, 56786.0, 6987.0, 6446.0, 5783.0, 41800.0, 1950.0, 2604.0, 32812.0, 32826.0, 32830.0, 8083.0, 9999.0, 57305.0, 42144.0, 57298.0, 9451.0, 57064.0, 13259.0, 9020.0, 33089.0, 9613.0, 10443.0, 9495.0, 57039.0, 2403.0, 57217.0, 24002.0, 57007.0, 3491.0, 57393.0, 4444.0, 50262.0, 50270.0, 9750.0, 22542.0, 51988.0, 6379.0, 57409.0, 57088.0, 57182.0, 8113.0, 57245.0, 40003.0, 54056.0, 1234.0, 57351.0, 57238.0, 50322.0, 57291.0, 61616.0, 57126.0, 33056.0, 8045.0, 7443.0, 47020.0, 9805.0, 60888.0, 7111.0, 60894.0, 17174.0, 60908.0, 60916.0, 9262.0, 57267.0, 8009.0, 51335.0, 19888.0, 3131.0, 12006.0, 10080.0, 2991.0, 10147.0, 465.0, 42291.0, 57335.0, 57059.0, 15265.0, 2909.0, 57480.0, 57050.0, 43956.0, 43970.0, 57479.0, 57396.0, 9443.0, 24660.0, 6740.0, 8880.0, 57386.0, 2381.0, 57031.0, 9099.0, 62960.0, 33956.0, 54781.0, 56610.0, 42170.0, 42174.0, 57254.0, 42182.0, 6820.0, 8215.0, 3395.0, 12527.0, 57135.0, 57259.0, 30511.0, 9223.0, 55808.0, 6882.0, 35584.0, 57280.0, 2605.0, 60157.0, 57399.0, 57244.0, 7078.0, 8488.0, 30444.0, 57154.0, 2602.0, 57301.0, 10410.0, 57454.0, 2598.0, 22760.0, 36977.0, 57500.0, 57496.0, 57242.0, 54606.0, 54608.0, 54614.0, 54620.0, 9000.0, 3052.0, 1414.0, 30955.0, 2566.0, 2527.0, 60243.0, 5106.0, 6370.0, 20623.0, 9917.0, 9990.0, 3120.0, 57193.0, 8000.0, 57087.0, 10411.0, 57011.0, 9642.0, 5060.0, 8334.0, 8282.0, 57198.0, 8086.0, 10604.0, 9631.0, 3334.0, 3341.0, 6194.0, 12171.0, 57327.0, 35178.0, 12751.0, 61989.0, 48756.0, 48772.0, 48784.0, 14986.0, 17385.0, 55443.0, 57429.0, 57134.0, 57108.0, 17304.0, 13260.0, 5431.0, 12387.0, 3339.0, 3050.0, 3332.0, 57485.0, 3337.0, 9051.0, 9092.0, 5414.0, 3331.0, 3343.0, 3344.0, 54470.0, 58174.0, 8040.0, 3338.0, 4000.0, 3330.0, 3327.0, 57266.0, 57467.0, 17128.0, 3326.0, 57491.0, 18888.0, 3345.0, 2222.0, 6834.0, 11211.0, 9117.0, 3329.0, 57001.0, 10307.0, 57047.0, 1427.0, 39291.0, 22000.0, 18085.0, 9060.0, 8050.0, 3336.0, 3342.0, 3347.0, 3328.0, 3340.0, 39950.0, 3335.0, 3346.0, 13395.0, 25933.0, 39960.0, 19133.0, 39956.0, 57497.0, 57206.0, 6126.0, 10412.0, 57439.0, 11654.0, 2375.0, 2697.0, 22377.0, 3415.0, 57056.0, 57218.0, 1230.0, 3378.0, 32778.0, 36214.0, 36220.0, 49826.0, 36204.0, 48158.0, 7777.0, 55818.0, 55832.0, 39243.0, 25746.0, 45346.0, 6036.0, 12437.0, 8020.0, 57438.0, 10413.0, 45262.0, 523.0, 57208.0, 8013.0, 3796.0, 57471.0, 57385.0, 57048.0, 49326.0, 49338.0, 56790.0, 49350.0, 1.0, 10405.0, 47914.0, 10082.0, 47928.0, 47930.0, 57392.0, 55714.0, 57369.0, 21261.0, 7051.0, 44281.0, 5908.0, 25232.0, 2558.0, 9395.0, 4450.0, 57099.0, 6682.0, 8756.0, 57232.0, 9160.0, 10522.0, 42262.0, 16587.0, 60008.0, 8111.0, 37784.0, 37800.0, 8899.0, 37224.0, 28275.0, 57306.0, 64336.0, 445.0, 10800.0, 9402.0, 3001.0, 2600.0, 1400.0, 1443.0, 5443.0, 4430.0, 57104.0, 11443.0, 4443.0, 30080.0, 46144.0, 57380.0, 5050.0, 8090.0, 1985.0, 8808.0, 4343.0, 20443.0, 777.0, 49330.0, 57395.0, 65018.0, 50001.0, 37536.0, 57341.0, 3105.0, 8060.0, 444.0, 999.0, 666.0, 2374.0, 9877.0, 63361.0, 11434.0, 57494.0, 32868.0, 38690.0, 38698.0, 38704.0, 9222.0, 2379.0, 57004.0, 6698.0, 2601.0, 5988.0, 2597.0, 12238.0, 57248.0, 19999.0, 57281.0, 8449.0, 22208.0, 1046.0, 2599.0, 57253.0, 57089.0, 57289.0, 5222.0, 53000.0, 58556.0, 58570.0, 57070.0, 52200.0, 57297.0, 57343.0, 10001.0, 2000.0, 57278.0, 12000.0, 57106.0, 57080.0, 2998.0, 39226.0, 57316.0, 43730.0, 10200.0, 57274.0, 2591.0, 63308.0, 21369.0, 7070.0, 7000.0, 26790.0, 22166.0, 3390.0, 50000.0, 50012.0, 51036.0, 33340.0, 1073.0, 48632.0, 6038.0, 32000.0, 57350.0, 7047.0, 65422.0, 4646.0, 5038.0, 57180.0, 44326.0, 57053.0, 57190.0, 7547.0, 20051.0, 3596.0, 44536.0, 59018.0, 8605.0, 53158.0, 53184.0, 57090.0, 53162.0, 53172.0, 10129.0, 44252.0, 57150.0, 57139.0, 57063.0, 34278.0, 57157.0, 56930.0, 6962.0, 6080.0, 4080.0, 57324.0, 8144.0, 2626.0, 57400.0, 50716.0, 21195.0, 37836.0, 4273.0, 58888.0, 9987.0, 2595.0, 5000.0, 2015.0, 57136.0, 42752.0, 42768.0, 42776.0, 42772.0, 57412.0, 2083.0, 11592.0, 53791.0, 46836.0, 10419.0, 20706.0, 5126.0, 61694.0, 8094.0, 8259.0, 389.0, 21162.0, 8118.0]"
2025-07-31T19:20:58.000Z,"[5900.0, 18246.0, 57355.0, 999.0, 2613.0, 8547.0, 8443.0, 57038.0, 57093.0, 57129.0, 21162.0, 20706.0, 8094.0, 3909.0, 8118.0, 389.0, 22.0, 57247.0, 2720.0, 2014.0, 61694.0, 57342.0, 8088.0, 1080.0, 13089.0, 8089.0, 5909.0, 39507.0, 37193.0, 10419.0, 51900.0, 8259.0, 5126.0, 5006.0, 57018.0, 57443.0, 57293.0, 57078.0, 8080.0, 7002.0, 51890.0, 9127.0, 51006.0, 57024.0, 57236.0, 9090.0, 57086.0, 17001.0, 17131.0, 5300.0, 57470.0, 8081.0, 57221.0, 57146.0, 9042.0, 57071.0, 17612.0, 57422.0, 23.0, 57015.0, 3008.0, 57414.0, 57239.0, 3306.0, 57450.0, 57372.0, 21146.0, 8123.0, 1024.0, 2086.0, 6291.0, 2084.0, 2012.0, 57425.0, 57459.0, 55278.0, 15672.0, 55676.0, 57337.0, 57022.0, 13651.0, 55294.0, 55304.0, 39944.0, 502.0, 57319.0, 10751.0, 1796.0, 5952.0, 9691.0, 6374.0, 5916.0, 7446.0, 57290.0, 2614.0, 2616.0, 57334.0, 52914.0, 63649.0, 57411.0, 6683.0, 9348.0, 8092.0, 49176.0, 63571.0, 21923.0, 35125.0, 57027.0, 57406.0, 10415.0, 57030.0, 1491.0, 2488.0, 57167.0, 57203.0, 33389.0, 57143.0, 3389.0, 6378.0, 57466.0, 8181.0, 57526.0, 57111.0, 2608.0, 9966.0, 587.0, 57448.0, 8888.0, 57286.0, 14330.0, 57322.0, 51922.0, 59434.0, 59450.0, 59464.0, 57028.0, 10416.0, 57304.0, 20256.0, 25059.0, 5555.0, 3162.0, 57416.0, 3386.0, 2611.0, 60001.0, 6443.0, 344.0, 2617.0, 4911.0, 56911.0, 3453.0, 9832.0, 9996.0, 20547.0, 4001.0, 58738.0, 53741.0, 5432.0, 27463.0, 8728.0, 25815.0, 7756.0, 34406.0, 57149.0, 30456.0, 2609.0, 5947.0, 4433.0, 4595.0, 80.0, 7625.0, 51005.0, 2323.0, 57083.0, 32400.0, 9001.0, 10425.0, 33376.0, 23014.0, 4145.0, 1077.0, 22022.0, 57216.0, 57158.0, 57271.0, 8983.0, 57138.0, 10838.0, 56504.0, 56520.0, 1433.0, 57441.0, 57370.0, 443.0, 5986.0, 1521.0, 44050.0, nan, 143.0, 56464.0, 56480.0, 56496.0, 34258.0, 57168.0, 555.0, 57003.0, 5683.0, 41215.0, 57200.0, 8843.0, 27040.0, 120.0, 40146.0, 7890.0, 4782.0, 13477.0, 41838.0, 41822.0, 39890.0, 1224.0, 57295.0, 22217.0, 34453.0, 1102.0, 57481.0, 62685.0, 27594.0, 57172.0, 21365.0, 57005.0, 31954.0, 8291.0, 3702.0, 6499.0, 8084.0, 40337.0, 46052.0, 57127.0, 41466.0, 2610.0, 57137.0, 50684.0, 50686.0, 50702.0, 8602.0, 30001.0, 57407.0, 25.0, 57103.0, 30443.0, 48116.0, 57427.0, 57461.0, 3392.0, 38148.0, 10441.0, 10414.0, 2024.0, 57403.0, 20249.0, 2299.0, 17000.0, 57020.0, 38649.0, 43986.0, 8010.0, 2615.0, 2612.0, 5433.0, 57444.0, 52384.0, 52382.0, 52400.0, 19609.0, 57222.0, 57420.0, 46320.0, 57246.0, 7508.0, 11472.0, 2603.0, 5632.0, 44818.0, 30000.0, 8857.0, 3466.0, 57376.0, 21285.0, 11609.0, 57201.0, 34780.0, 3128.0, 5002.0, 57476.0, 24251.0, 57177.0, 48447.0, 57423.0, 3424.0, 1408.0, 25691.0, 64327.0, 42032.0, 38460.0, 57389.0, 3431.0, 12488.0, 9441.0, 57162.0, 6449.0, 60160.0, 60168.0, 60180.0, 57006.0, 57362.0, 57214.0, 51.0, 9916.0, 2606.0, 57227.0, 9914.0, 5984.0, 5444.0, 7166.0, 57189.0, 1962.0, 6811.0, 9300.0, 57114.0, 57264.0, 2607.0, 42414.0, 42434.0, 42424.0, 20165.0, 6510.0, 12343.0, 2442.0, 57474.0, 57473.0, 57107.0, 57493.0, 57401.0, 57155.0, 57016.0, 58454.0, 10510.0, 8909.0, 3333.0, 51002.0, 56786.0, 6987.0, 6446.0, 5783.0, 41800.0, 1950.0, 2604.0, 32812.0, 32826.0, 32830.0, 9999.0, 57305.0, 42144.0, 57298.0, 9451.0, 57064.0, 13259.0, 9020.0, 33089.0, 9613.0, 10443.0, 8083.0, 57039.0, 2403.0, 57217.0, 24002.0, 57007.0, 3491.0, 57393.0, 4444.0, 50262.0, 50270.0, 9750.0, 22542.0, 51988.0, 6379.0, 57409.0, 57088.0, 57182.0, 8113.0, 57245.0, 40003.0, 54056.0, 1234.0, 9495.0, 57238.0, 57351.0, 61616.0, 57291.0, 57126.0, 33056.0, 8045.0, 7443.0, 47020.0, 9805.0, 60888.0, 7111.0, 60894.0, 17174.0, 60908.0, 60916.0, 9262.0, 57267.0, 8009.0, 51335.0, 19888.0, 3131.0, 12006.0, 10080.0, 50322.0, 57335.0, 57059.0, 15265.0, 2909.0, 465.0, 57480.0, 57050.0, 43956.0, 43970.0, 2991.0, 57479.0, 57396.0, 10147.0, 42291.0, 9443.0, 24660.0, 57386.0, 2381.0, 6740.0, 57031.0, 9099.0, 62960.0, 33956.0, 54781.0, 56610.0, 42170.0, 42174.0, 57254.0, 42182.0, 6820.0, 8215.0, 3395.0, 12527.0, 8880.0, 57135.0, 57259.0, 30511.0, 9223.0, 55808.0, 6882.0, 57399.0, 57244.0, 7078.0, 30444.0, 57154.0, 2602.0, 57301.0, 10410.0, 57454.0, 2598.0, 22760.0, 57280.0, 36977.0, 35584.0, 2605.0, 60157.0, 57500.0, 57496.0, 57242.0, 54606.0, 54608.0, 54614.0, 54620.0, 9000.0, 3052.0, 1414.0, 30955.0, 8488.0, 2566.0, 2527.0, 60243.0, 5106.0, 6370.0, 20623.0, 9917.0, 9990.0, 3120.0, 57193.0, 8000.0, 57087.0, 10411.0, 57011.0, 9642.0, 5060.0, 8334.0, 8282.0, 57198.0, 8086.0, 10604.0, 9631.0, 3334.0, 3341.0, 6194.0, 12171.0, 57327.0, 35178.0, 12751.0, 61989.0, 48756.0, 48772.0, 48784.0, 14986.0, 17385.0, 55443.0, 57108.0, 57429.0, 57134.0, 13260.0, 5431.0, 12387.0, 3339.0, 3050.0, 3332.0, 57485.0, 3337.0, 9051.0, 9092.0, 5414.0, 3331.0, 3343.0, 3344.0, 54470.0, 58174.0, 8040.0, 3338.0, 4000.0, 3330.0, 3327.0, 57266.0, 57467.0, 17128.0, 3326.0, 57491.0, 18888.0, 3345.0, 2222.0, 6834.0, 17304.0, 57001.0, 10307.0, 1427.0, 9117.0, 57047.0, 39291.0, 22000.0, 18085.0, 9060.0, 8050.0, 3336.0, 3342.0, 3347.0, 11211.0, 3328.0, 3340.0, 39950.0, 3335.0, 3346.0, 13395.0, 25933.0, 39960.0, 19133.0, 39956.0, 3329.0, 57497.0, 57206.0, 6126.0, 10412.0, 57439.0, 11654.0, 2375.0, 2697.0, 22377.0, 3415.0, 1230.0, 3378.0, 57056.0, 32778.0, 36214.0, 36220.0, 49826.0, 36204.0, 48158.0, 7777.0, 55818.0, 55832.0, 39243.0, 25746.0, 45346.0, 6036.0, 12437.0, 8020.0, 57438.0, 57218.0, 10413.0, 45262.0, 57208.0, 8013.0, 3796.0, 57471.0, 57385.0, 57048.0, 49326.0, 49338.0, 56790.0, 49350.0, 523.0, 1.0, 10405.0, 47930.0, 57392.0, 55714.0, 57369.0, 21261.0, 10082.0, 7051.0, 44281.0, 5908.0, 25232.0, 2558.0, 9395.0, 4450.0, 57099.0, 6682.0, 8756.0, 57232.0, 9160.0, 47914.0, 47928.0, 42262.0, 16587.0, 60008.0, 8111.0, 37784.0, 37800.0, 8899.0, 37224.0, 28275.0, 57306.0, 64336.0, 445.0, 10800.0, 9402.0, 3001.0, 2600.0, 10522.0, 1400.0, 1443.0, 5443.0, 4430.0, 57104.0, 11443.0, 4443.0, 30080.0, 46144.0, 57380.0, 5050.0, 8090.0, 1985.0, 8808.0, 4343.0, 20443.0, 777.0, 49330.0, 57395.0, 65018.0, 50001.0, 37536.0, 57341.0, 3105.0, 8060.0, 444.0, 666.0, 9877.0, 63361.0, 2374.0, 11434.0, 57494.0, 32868.0, 38690.0, 38698.0, 38704.0, 9222.0, 2379.0, 57004.0, 6698.0, 2601.0, 5988.0, 12238.0, 57248.0, 19999.0, 57281.0, 8449.0, 22208.0, 1046.0, 2599.0, 57089.0, 57253.0, 57289.0, 5222.0, 53000.0, 58556.0, 58570.0, 57070.0, 52200.0, 2597.0, 57343.0, 10001.0, 2000.0, 57278.0, 12000.0, 57106.0, 57080.0, 2998.0, 39226.0, 57316.0, 43730.0, 10200.0, 57274.0, 2591.0, 63308.0, 21369.0, 7070.0, 7000.0, 26790.0, 22166.0, 3390.0, 50000.0, 50012.0, 51036.0, 33340.0, 57297.0, 1073.0, 48632.0, 6038.0, 32000.0, 57350.0, 7047.0, 65422.0, 4646.0, 5038.0, 57180.0, 44326.0, 57053.0, 57190.0, 7547.0, 20051.0, 3596.0, 44536.0, 59018.0, 53158.0, 53184.0, 57090.0, 53162.0, 53172.0, 10129.0, 8605.0, 44252.0, 57150.0, 57139.0, 57063.0, 34278.0, 57157.0, 56930.0, 6962.0, 6080.0, 57324.0, 8144.0, 2626.0, 57400.0, 50716.0, 21195.0, 37836.0, 4273.0, 58888.0, 31337.0, 8315.0, 5004.0, 57489.0]"
2025-07-31T19:22:01.000Z,"[57226.0, 8443.0, 18246.0, 5900.0, 8547.0, 7443.0, 31337.0, 57038.0, 7547.0, 57247.0, 57428.0, 5004.0, 2014.0, 57489.0, 37193.0, 22.0, 57342.0, 57355.0, 57076.0, 1080.0, 46284.0, 21162.0, 45040.0, 13089.0, 8089.0, 5909.0, 39507.0, 10419.0, 8088.0, 61694.0, 2720.0, 3909.0, 57093.0, 20706.0, 8094.0, 8118.0, 57129.0, 389.0, 999.0, 2613.0, 51900.0, 8259.0, 5126.0, 5006.0, 57443.0, 57293.0, 57018.0, 57078.0, 8080.0, 7002.0, 51890.0, 57236.0, 9090.0, 57086.0, 17001.0, 17131.0, 5300.0, 57470.0, 8081.0, 57221.0, 57146.0, 9042.0, 57071.0, 57024.0, 17612.0, 57422.0, 23.0, 57015.0, 3008.0, 9127.0, 51006.0, 57239.0, 57450.0, 57372.0, 3306.0, 57414.0, 21146.0, 8123.0, 1024.0, 2086.0, 6291.0, 2084.0, 2012.0, 57425.0, 57459.0, 55278.0, 15672.0, 55676.0, 57337.0, 57022.0, 13651.0, 55294.0, 55304.0, 39944.0, 502.0, 57319.0, 10751.0, 1796.0, 5952.0, 9691.0, 6374.0, 5916.0, 7446.0, 2614.0, 57334.0, 63649.0, 57411.0, 6683.0, 9348.0, 8092.0, 49176.0, 63571.0, 21923.0, 35125.0, 57027.0, 57406.0, 10415.0, 57290.0, 57030.0, 1491.0, 2488.0, 2616.0, 52914.0, 57203.0, 57167.0, 33389.0, 57143.0, 3389.0, 6378.0, 57466.0, 8181.0, 57526.0, 57111.0, 2608.0, 9966.0, 587.0, 8888.0, 57286.0, 14330.0, 57322.0, 51922.0, 59434.0, 59450.0, 59464.0, 57028.0, 10416.0, 57304.0, 20256.0, 25059.0, 5555.0, 3162.0, 57448.0, 57416.0, 3386.0, 2611.0, 60001.0, 6443.0, 344.0, 2617.0, 4911.0, 56911.0, 3453.0, 9832.0, 9996.0, 20547.0, 4001.0, 58738.0, 53741.0, 5432.0, 27463.0, 8728.0, 25815.0, 7756.0, 34406.0, 57149.0, 30456.0, 2609.0, 5947.0, 7625.0, 2323.0, 57083.0, 32400.0, 9001.0, 10425.0, 33376.0, 23014.0, 4145.0, 1077.0, 22022.0, 80.0, 57216.0, 57158.0, 4433.0, 4595.0, 51005.0, 57271.0, 8983.0, 57138.0, 10838.0, 56504.0, 56520.0, 1433.0, 57441.0, 57370.0, 443.0, 5986.0, 1521.0, 44050.0, nan, 143.0, 56464.0, 56480.0, 56496.0, 34258.0, 57168.0, 555.0, 57003.0, 41215.0, 57200.0, 8843.0, 27040.0, 120.0, 5683.0, 40146.0, 4782.0, 13477.0, 41838.0, 41822.0, 39890.0, 1224.0, 57295.0, 22217.0, 34453.0, 1102.0, 57481.0, 62685.0, 27594.0, 57172.0, 21365.0, 57005.0, 31954.0, 8291.0, 3702.0, 6499.0, 8084.0, 40337.0, 46052.0, 7890.0, 41466.0, 2610.0, 57137.0, 50684.0, 50686.0, 50702.0, 8602.0, 30001.0, 57407.0, 25.0, 57103.0, 30443.0, 48116.0, 57427.0, 57461.0, 3392.0, 38148.0, 10441.0, 10414.0, 57127.0, 2024.0, 17000.0, 57020.0, 38649.0, 57403.0, 43986.0, 8010.0, 2615.0, 2612.0, 5433.0, 57444.0, 52384.0, 52382.0, 52400.0, 19609.0, 57222.0, 57420.0, 46320.0, 57246.0, 7508.0, 11472.0, 2603.0, 5632.0, 44818.0, 30000.0, 8857.0, 3466.0, 20249.0, 2299.0, 21285.0, 11609.0, 34780.0, 57201.0, 3128.0, 5002.0, 57476.0, 24251.0, 57177.0, 48447.0, 57423.0, 57376.0, 3424.0, 1408.0, 25691.0, 64327.0, 42032.0, 38460.0, 57389.0, 3431.0, 12488.0, 9441.0, 57162.0, 6449.0, 60168.0, 60180.0, 57006.0, 57362.0, 57214.0, 51.0, 9916.0, 2606.0, 57227.0, 9914.0, 5984.0, 5444.0, 7166.0, 57189.0, 60160.0, 1962.0, 6811.0, 9300.0, 57114.0, 57264.0, 2607.0, 42414.0, 42434.0, 42424.0, 20165.0, 6510.0, 12343.0, 2442.0, 57473.0, 57107.0, 57493.0, 57401.0, 57155.0, 57016.0, 58454.0, 10510.0, 8909.0, 3333.0, 51002.0, 56786.0, 57474.0, 6987.0, 6446.0, 5783.0, 41800.0, 1950.0, 2604.0, 32812.0, 32826.0, 32830.0, 57305.0, 42144.0, 57298.0, 9451.0, 57064.0, 13259.0, 9020.0, 33089.0, 9613.0, 10443.0, 8083.0, 9999.0, 57039.0, 57217.0, 24002.0, 57007.0, 3491.0, 57393.0, 2403.0, 4444.0, 50262.0, 50270.0, 9750.0, 22542.0, 51988.0, 6379.0, 57409.0, 57088.0, 57182.0, 8113.0, 57245.0, 40003.0, 54056.0, 1234.0, 9495.0, 57238.0, 57351.0, 61616.0, 57291.0, 57126.0, 33056.0, 8045.0, 47020.0, 9805.0, 60888.0, 7111.0, 60894.0, 17174.0, 60908.0, 60916.0, 9262.0, 57267.0, 8009.0, 51335.0, 19888.0, 3131.0, 12006.0, 10080.0, 50322.0, 15265.0, 57335.0, 465.0, 57059.0, 57480.0, 57050.0, 43956.0, 43970.0, 2991.0, 57479.0, 57396.0, 10147.0, 42291.0, 2909.0, 9443.0, 24660.0, 57031.0, 9099.0, 62960.0, 33956.0, 54781.0, 56610.0, 42170.0, 42174.0, 57254.0, 42182.0, 6820.0, 8215.0, 3395.0, 12527.0, 8880.0, 57135.0, 57259.0, 30511.0, 9223.0, 55808.0, 6882.0, 57386.0, 6740.0, 2381.0, 57399.0, 57244.0, 7078.0, 57154.0, 2602.0, 57301.0, 10410.0, 57454.0, 2598.0, 22760.0, 57280.0, 36977.0, 35584.0, 2605.0, 60157.0, 57500.0, 57496.0, 57242.0, 54606.0, 54608.0, 54614.0, 54620.0, 9000.0, 3052.0, 1414.0, 30955.0, 8488.0, 30444.0, 2566.0, 2527.0, 60243.0, 5106.0, 6370.0, 20623.0, 9917.0, 9990.0, 3120.0, 57193.0, 8000.0, 57087.0, 10411.0, 57011.0, 9642.0, 5060.0, 8334.0, 57198.0, 8086.0, 10604.0, 9631.0, 3334.0, 3341.0, 6194.0, 12171.0, 57327.0, 35178.0, 12751.0, 61989.0, 48756.0, 48772.0, 48784.0, 14986.0, 17385.0, 55443.0, 8282.0, 57134.0, 13260.0, 5431.0, 12387.0, 3339.0, 3050.0, 3332.0, 57108.0, 57485.0, 3337.0, 9051.0, 9092.0, 5414.0, 3331.0, 3343.0, 3344.0, 54470.0, 58174.0, 8040.0, 3338.0, 4000.0, 3330.0, 3327.0, 57266.0, 57467.0, 17128.0, 3326.0, 57491.0, 18888.0, 3345.0, 2222.0, 57429.0, 6834.0, 17304.0, 57001.0, 10307.0, 9117.0, 57047.0, 39291.0, 22000.0, 18085.0, 9060.0, 8050.0, 3336.0, 3342.0, 3347.0, 11211.0, 3328.0, 3340.0, 39950.0, 3335.0, 3346.0, 13395.0, 25933.0, 39960.0, 19133.0, 39956.0, 3329.0, 1427.0, 57497.0, 57206.0, 6126.0, 10412.0, 57439.0, 11654.0, 2375.0, 2697.0, 22377.0, 3415.0, 1230.0, 3378.0, 57056.0, 32778.0, 36214.0, 36220.0, 49826.0, 36204.0, 48158.0, 7777.0, 55818.0, 55832.0, 39243.0, 25746.0, 45346.0, 6036.0, 12437.0, 8020.0, 57438.0, 57218.0, 10413.0, 45262.0, 57208.0, 3796.0, 8013.0, 57471.0, 57385.0, 57048.0, 49326.0, 49338.0, 56790.0, 49350.0, 523.0, 1.0, 10405.0, 21261.0, 10082.0, 7051.0, 57369.0, 44281.0, 5908.0, 25232.0, 2558.0, 9395.0, 4450.0, 57099.0, 6682.0, 8756.0, 57392.0, 57232.0, 9160.0, 47914.0, 47928.0, 47930.0, 55714.0, 16587.0, 60008.0, 8111.0, 37784.0, 37800.0, 8899.0, 37224.0, 28275.0, 57306.0, 64336.0, 445.0, 10800.0, 9402.0, 3001.0, 2600.0, 10522.0, 42262.0, 1400.0, 1443.0, 5443.0, 4430.0, 57104.0, 11443.0, 4443.0, 30080.0, 46144.0, 57380.0, 5050.0, 8090.0, 1985.0, 8808.0, 4343.0, 20443.0, 777.0, 49330.0, 57395.0, 65018.0, 50001.0, 37536.0, 57341.0, 3105.0, 8060.0, 444.0, 666.0, 9877.0, 63361.0, 2374.0, 11434.0, 57494.0, 32868.0, 38690.0, 38698.0, 38704.0, 9222.0, 2379.0, 57004.0, 6698.0, 2601.0, 5988.0, 19999.0, 57248.0, 57281.0, 8449.0, 22208.0, 1046.0, 2599.0, 57089.0, 57253.0, 57289.0, 5222.0, 53000.0, 58556.0, 58570.0, 57070.0, 52200.0, 2597.0, 12238.0, 10001.0, 2000.0, 57278.0, 12000.0, 57106.0, 57080.0, 2998.0, 39226.0, 57316.0, 43730.0, 10200.0, 57274.0, 2591.0, 63308.0, 21369.0, 7070.0, 7000.0, 26790.0, 22166.0, 57343.0, 3390.0, 50000.0, 50012.0, 51036.0, 33340.0, 57297.0, 1073.0, 48632.0, 6038.0, 32000.0, 57350.0, 4646.0, 57180.0, 44326.0, 57053.0, 57190.0, 20051.0, 3596.0, 44536.0, 59018.0, 53184.0, 57090.0, 10129.0, 8605.0, 44252.0, 57150.0, 57139.0, 57063.0, 34278.0, 57157.0, 56930.0, 6962.0, 6080.0, 7047.0, 65422.0, 5038.0, 8315.0, 3000.0, 88.0]"
2025-07-31T19:23:17.349Z,"[5900.0, 10255.0, 10418.0, 3389.0, 5938.0, 57226.0, 5979.0, 7547.0, 88.0, 57428.0, 23.0, 22.0, 57260.0, 8443.0, 57076.0, 57255.0, 57494.0, 9042.0, 2720.0, 38324.0, 31337.0, 38328.0, 57489.0, 57355.0, 57342.0, 1080.0, 46284.0, 21162.0, 2014.0, 57247.0, 57038.0, 5004.0, 18246.0, 8547.0, 7443.0, 3000.0, 8315.0, 38318.0, 45040.0, 37193.0, 8088.0, 61694.0, 3909.0, 57093.0, 20706.0, 8094.0, 8118.0, 57129.0, 389.0, 999.0, 2613.0, 51900.0, 8259.0, 5126.0, 5006.0, 13089.0, 8089.0, 5909.0, 39507.0, 10419.0, 57293.0, 57018.0, 8080.0, 57078.0, 7002.0, 51890.0, 17001.0, 5300.0, 57470.0, 57086.0, 8081.0, 57221.0, 57146.0, 57443.0, 57071.0, 57024.0, 17612.0, 57422.0, 57015.0, 3008.0, 9127.0, 51006.0, 57236.0, 9090.0, 17131.0, 3306.0, 1024.0, 2086.0, 8123.0, 6291.0, 2084.0, 57459.0, 55278.0, 15672.0, 55676.0, 57337.0, 57022.0, 13651.0, 55294.0, 55304.0, 39944.0, 502.0, 57319.0, 10751.0, 1796.0, 57414.0, 5952.0, 57239.0, 57372.0, 9691.0, 57450.0, 6374.0, 5916.0, 7446.0, 21146.0, 2012.0, 57425.0, 63571.0, 21923.0, 57411.0, 35125.0, 57027.0, 57406.0, 10415.0, 57290.0, 57334.0, 57030.0, 1491.0, 2488.0, 2616.0, 2614.0, 52914.0, 63649.0, 6683.0, 9348.0, 8092.0, 49176.0, 33389.0, 57143.0, 6378.0, 57466.0, 8181.0, 57526.0, 57111.0, 2608.0, 9966.0, 587.0, 57322.0, 51922.0, 59434.0, 59450.0, 59464.0, 57028.0, 10416.0, 57304.0, 20256.0, 25059.0, 5555.0, 57167.0, 57203.0, 57286.0, 14330.0, 3162.0, 57448.0, 8888.0, 57416.0, 344.0, 2617.0, 4911.0, 56911.0, 3453.0, 9832.0, 58738.0, 53741.0, 5432.0, 27463.0, 8728.0, 9996.0, 60001.0, 25815.0, 7756.0, 3386.0, 2611.0, 6443.0, 34406.0, 57149.0, 30456.0, 2609.0, 5947.0, 20547.0, 4001.0, 9001.0, 32400.0, 10425.0, 57083.0, 33376.0, 23014.0, 4145.0, 1077.0, 22022.0, 80.0, 57216.0, 57158.0, 4433.0, 4595.0, 7625.0, 51005.0, 2323.0, 57138.0, 10838.0, 5986.0, 1521.0, 57441.0, 44050.0, nan, 143.0, 57271.0, 8983.0, 56504.0, 56520.0, 1433.0, 57370.0, 443.0, 34258.0, 57168.0, 555.0, 57003.0, 56464.0, 56480.0, 56496.0, 57200.0, 39890.0, 1224.0, 57295.0, 22217.0, 34453.0, 1102.0, 5683.0, 41215.0, 8843.0, 27040.0, 120.0, 40146.0, 21365.0, 57005.0, 31954.0, 8291.0, 3702.0, 6499.0, 57172.0, 57481.0, 8084.0, 40337.0, 46052.0, 7890.0, 4782.0, 13477.0, 41838.0, 41822.0, 62685.0, 27594.0, 2610.0, 57137.0, 50684.0, 50686.0, 50702.0, 8602.0, 30001.0, 57407.0, 25.0, 38148.0, 10441.0, 57461.0, 10414.0, 57127.0, 57427.0, 2024.0, 41466.0, 57103.0, 30443.0, 48116.0, 3392.0, 38649.0, 57020.0, 17000.0, 57403.0, 43986.0, 8010.0, 2615.0, 2612.0, 5433.0, 57444.0, 52384.0, 52382.0, 52400.0, 19609.0, 57222.0, 57420.0, 46320.0, 57246.0, 7508.0, 11472.0, 2603.0, 5632.0, 44818.0, 30000.0, 8857.0, 3466.0, 20249.0, 2299.0, 21285.0, 5002.0, 57476.0, 24251.0, 57177.0, 48447.0, 57423.0, 57376.0, 3424.0, 1408.0, 25691.0, 64327.0, 42032.0, 38460.0, 11609.0, 57389.0, 3431.0, 12488.0, 9441.0, 3128.0, 57162.0, 57201.0, 6449.0, 34780.0, 51.0, 57006.0, 57227.0, 9914.0, 5984.0, 5444.0, 7166.0, 57189.0, 57362.0, 60160.0, 60168.0, 60180.0, 57214.0, 1962.0, 6811.0, 9916.0, 2606.0, 57264.0, 20165.0, 6510.0, 12343.0, 2442.0, 57155.0, 58454.0, 57016.0, 10510.0, 8909.0, 9300.0, 3333.0, 51002.0, 57114.0, 2607.0, 42414.0, 42434.0, 42424.0, 57493.0, 56786.0, 57473.0, 57401.0, 57474.0, 57107.0, 1950.0, 2604.0, 32812.0, 32826.0, 32830.0, 13259.0, 9020.0, 33089.0, 57064.0, 9613.0, 10443.0, 6987.0, 6446.0, 5783.0, 41800.0, 8083.0, 9999.0, 57305.0, 42144.0, 57298.0, 9451.0, 57007.0, 3491.0, 57393.0, 2403.0, 4444.0, 50262.0, 50270.0, 9750.0, 22542.0, 51988.0, 8113.0, 57245.0, 40003.0, 57088.0, 54056.0, 57182.0, 57217.0, 57039.0, 1234.0, 9495.0, 24002.0, 57126.0, 8045.0, 47020.0, 9805.0, 57238.0, 60888.0, 7111.0, 60894.0, 57351.0, 17174.0, 60908.0, 60916.0, 57409.0, 6379.0, 57267.0, 8009.0, 51335.0, 19888.0, 3131.0, 12006.0, 10080.0, 61616.0, 50322.0, 57291.0, 33056.0, 57050.0, 43956.0, 43970.0, 2991.0, 9262.0, 24660.0, 57479.0, 465.0, 57480.0, 57335.0, 57396.0, 10147.0, 42291.0, 57059.0, 15265.0, 2909.0, 56610.0, 42170.0, 42174.0, 57254.0, 42182.0, 6820.0, 8215.0, 3395.0, 12527.0, 8880.0, 9443.0, 57259.0, 30511.0, 9223.0, 55808.0, 6882.0, 57135.0, 57386.0, 57031.0, 6740.0, 2381.0, 9099.0, 62960.0, 33956.0, 54781.0, 57301.0, 57154.0, 57454.0, 2598.0, 57244.0, 57399.0, 22760.0, 57280.0, 36977.0, 35584.0, 2605.0, 60157.0, 7078.0, 57500.0, 57496.0, 57242.0, 54606.0, 54608.0, 54614.0, 54620.0, 9000.0, 3052.0, 1414.0, 30955.0, 8488.0, 30444.0, 2602.0, 10410.0, 9917.0, 9990.0, 3120.0, 57193.0, 8000.0, 2566.0, 2527.0, 57011.0, 57087.0, 9642.0, 5060.0, 8334.0, 60243.0, 5106.0, 6370.0, 20623.0, 35178.0, 61989.0, 57327.0, 48756.0, 48772.0, 48784.0, 14986.0, 17385.0, 9631.0, 55443.0, 10411.0, 57485.0, 3337.0, 9051.0, 9092.0, 5414.0, 3331.0, 3343.0, 3344.0, 54470.0, 58174.0, 8282.0, 57198.0, 8086.0, 10604.0, 3334.0, 3341.0, 6194.0, 12171.0, 12751.0, 5431.0, 57467.0, 17128.0, 3326.0, 57491.0, 3050.0, 18888.0, 3345.0, 57108.0, 2222.0, 57429.0, 12387.0, 6834.0, 57134.0, 17304.0, 13260.0, 3339.0, 3332.0, 8050.0, 3336.0, 3342.0, 3347.0, 11211.0, 3328.0, 4000.0, 3340.0, 39950.0, 3335.0, 3346.0, 13395.0, 25933.0, 39960.0, 57266.0, 19133.0, 57001.0, 39956.0, 9117.0, 3329.0, 10307.0, 8040.0, 3338.0, 3330.0, 3327.0, 18085.0, 57206.0, 10412.0, 57439.0, 11654.0, 2375.0, 2697.0, 57047.0, 22377.0, 1427.0, 39291.0, 22000.0, 9060.0, 3378.0, 36214.0, 36220.0, 49826.0, 36204.0, 48158.0, 7777.0, 55818.0, 55832.0, 39243.0, 25746.0, 45346.0, 57497.0, 3415.0, 6126.0, 12437.0, 8020.0, 57438.0, 57218.0, 10413.0, 57056.0, 45262.0, 1230.0, 32778.0, 57385.0, 57048.0, 57208.0, 49326.0, 49338.0, 56790.0, 6036.0, 49350.0, 523.0, 1.0, 44281.0, 5908.0, 25232.0, 57471.0, 2558.0, 10405.0, 8013.0, 3796.0, 57099.0, 8756.0, 57392.0, 57232.0, 10082.0, 57369.0, 9160.0, 47914.0, 47928.0, 47930.0, 55714.0, 21261.0, 7051.0, 37224.0, 28275.0, 57306.0, 64336.0, 445.0, 10800.0, 9402.0, 3001.0, 2600.0, 10522.0, 42262.0, 16587.0, 9395.0, 4450.0, 6682.0, 1443.0, 5443.0, 4430.0, 8090.0, 1985.0, 1400.0, 8808.0, 4343.0, 20443.0, 11443.0, 777.0, 30080.0, 5050.0, 57380.0, 57104.0, 49330.0, 57395.0, 65018.0, 50001.0, 37536.0, 60008.0, 8111.0, 37784.0, 37800.0, 8899.0, 11434.0, 32868.0, 38690.0, 38698.0, 38704.0, 9222.0, 2379.0, 57004.0, 6698.0, 2601.0, 5988.0, 57341.0, 3105.0, 8060.0, 444.0, 666.0, 4443.0, 46144.0, 1046.0, 2599.0, 2374.0, 9877.0, 63361.0, 57253.0, 57289.0, 53000.0, 58556.0, 19999.0, 58570.0, 57281.0, 57089.0, 57070.0, 52200.0, 5222.0, 2597.0, 12238.0, 57248.0, 8449.0, 22208.0, 2998.0, 39226.0, 57316.0, 43730.0, 57278.0, 10200.0, 57080.0, 7070.0, 7000.0, 26790.0, 22166.0, 57343.0, 2000.0, 3390.0, 50000.0, 50012.0, 51036.0, 33340.0, 57297.0, 57106.0, 1073.0, 48632.0, 10001.0, 12000.0, 57350.0, 32000.0, 57274.0, 2591.0, 63308.0, 21369.0, 57053.0, 57180.0, 57190.0, 20051.0, 3596.0, 44536.0, 59018.0, 6038.0, 11133.0, 5474.0, 8368.0, 12279.0]"
2025-07-31T19:24:38.000Z,"[5900.0, 14860.0, 57312.0, 8646.0, 57378.0, 3749.0, 57370.0, 57067.0, 57356.0, 10255.0, 5474.0, 8368.0, 57038.0, 57036.0, 4153.0, 57494.0, 9042.0, 5433.0, 502.0, 43000.0, 5979.0, 57255.0, 12279.0, 57260.0, 5938.0, 23.0, 7547.0, 57226.0, 57428.0, 88.0, 10418.0, 3389.0, 11133.0, 8443.0, 57247.0, 18246.0, 8547.0, 7443.0, 31337.0, 57489.0, 3000.0, 8315.0, 38318.0, 38324.0, 38328.0, 22.0, 57076.0, 2720.0, 57093.0, 57129.0, 21162.0, 57355.0, 999.0, 2613.0, 45040.0, 37193.0, 57342.0, 1080.0, 46284.0, 2014.0, 5004.0, 57078.0, 7002.0, 51890.0, 39507.0, 5006.0, 51900.0, 8259.0, 5126.0, 13089.0, 8089.0, 5909.0, 10419.0, 8088.0, 61694.0, 3909.0, 20706.0, 8094.0, 8118.0, 389.0, 8081.0, 57146.0, 57443.0, 57221.0, 57293.0, 57018.0, 8080.0, 57015.0, 57071.0, 57024.0, 17612.0, 57422.0, 3008.0, 9127.0, 51006.0, 57236.0, 9090.0, 57086.0, 17001.0, 17131.0, 5300.0, 57470.0, 10751.0, 57337.0, 3306.0, 57459.0, 57414.0, 5952.0, 57319.0, 57239.0, 57372.0, 9691.0, 57450.0, 6374.0, 5916.0, 7446.0, 21146.0, 8123.0, 1024.0, 2086.0, 6291.0, 2084.0, 57030.0, 57290.0, 57425.0, 1491.0, 15672.0, 57406.0, 2488.0, 2616.0, 57022.0, 2614.0, 57334.0, 52914.0, 2012.0, 55278.0, 55676.0, 13651.0, 55294.0, 55304.0, 39944.0, 1796.0, 57143.0, 57111.0, 2608.0, 9966.0, 63649.0, 587.0, 57411.0, 6683.0, 9348.0, 8092.0, 49176.0, 63571.0, 21923.0, 35125.0, 57027.0, 10415.0, 57304.0, 57028.0, 20256.0, 25059.0, 5555.0, 57167.0, 57203.0, 33389.0, 6378.0, 57466.0, 8181.0, 57526.0, 57448.0, 4911.0, 14330.0, 3453.0, 9832.0, 57286.0, 3162.0, 8888.0, 57322.0, 51922.0, 59434.0, 59450.0, 59464.0, 10416.0, 8728.0, 60001.0, 25815.0, 7756.0, 57416.0, 3386.0, 2611.0, 6443.0, 344.0, 2617.0, 56911.0, 23014.0, 4145.0, 1077.0, 57149.0, 2609.0, 57083.0, 34406.0, 30456.0, 5947.0, 9996.0, 20547.0, 4001.0, 58738.0, 53741.0, 5432.0, 27463.0, 80.0, 57158.0, 57216.0, 4433.0, 4595.0, 7625.0, 51005.0, 2323.0, 32400.0, 9001.0, 10425.0, 33376.0, 44050.0, nan, 57138.0, 143.0, 57271.0, 8983.0, 10838.0, 22022.0, 57003.0, 57168.0, 57441.0, 56464.0, 56480.0, 56496.0, 56504.0, 56520.0, 1433.0, 443.0, 5986.0, 1521.0, 57295.0, 22217.0, 34453.0, 1102.0, 57200.0, 5683.0, 41215.0, 8843.0, 27040.0, 120.0, 40146.0, 34258.0, 555.0, 8084.0, 40337.0, 46052.0, 7890.0, 4782.0, 13477.0, 41838.0, 41822.0, 39890.0, 1224.0, 8602.0, 30001.0, 57407.0, 25.0, 57137.0, 57481.0, 62685.0, 27594.0, 57172.0, 21365.0, 57005.0, 31954.0, 8291.0, 3702.0, 6499.0, 57127.0, 57427.0, 2024.0, 41466.0, 2610.0, 50684.0, 50686.0, 50702.0, 57444.0, 52400.0, 19609.0, 57222.0, 48116.0, 57103.0, 30443.0, 57461.0, 3392.0, 38148.0, 10441.0, 10414.0, 11472.0, 2603.0, 5632.0, 44818.0, 30000.0, 8857.0, 3466.0, 57403.0, 20249.0, 2299.0, 17000.0, 57020.0, 38649.0, 43986.0, 8010.0, 2615.0, 2612.0, 52384.0, 52382.0, 1408.0, 5002.0, 57177.0, 25691.0, 64327.0, 42032.0, 57420.0, 38460.0, 57376.0, 21285.0, 11609.0, 46320.0, 57246.0, 7508.0, 3128.0, 57162.0, 12488.0, 57389.0, 57201.0, 57423.0, 6449.0, 34780.0, 57476.0, 24251.0, 48447.0, 3424.0, 57362.0, 57189.0, 60160.0, 60168.0, 60180.0, 57006.0, 57214.0, 51.0, 3431.0, 9441.0, 1962.0, 6811.0, 57227.0, 9916.0, 2606.0, 9914.0, 5984.0, 5444.0, 7166.0, 9300.0, 3333.0, 51002.0, 8909.0, 6510.0, 57114.0, 57264.0, 2607.0, 42414.0, 42434.0, 42424.0, 20165.0, 12343.0, 2442.0, 57107.0, 57493.0, 56786.0, 57473.0, 57401.0, 57474.0, 57155.0, 57016.0, 58454.0, 10510.0, 10443.0, 6987.0, 6446.0, 5783.0, 41800.0, 1950.0, 2604.0, 32812.0, 32826.0, 32830.0, 4444.0, 22542.0, 51988.0, 57393.0, 57305.0, 9613.0, 8083.0, 9999.0, 42144.0, 57298.0, 9451.0, 57064.0, 13259.0, 9020.0, 33089.0, 57217.0, 1234.0, 8113.0, 57039.0, 57245.0, 9495.0, 2403.0, 24002.0, 57007.0, 3491.0, 50262.0, 50270.0, 9750.0, 9805.0, 57238.0, 8045.0, 60888.0, 7111.0, 60894.0, 57351.0, 17174.0, 60908.0, 60916.0, 57409.0, 6379.0, 57088.0, 57182.0, 40003.0, 54056.0, 19888.0, 57267.0, 3131.0, 12006.0, 10080.0, 61616.0, 50322.0, 57291.0, 57126.0, 33056.0, 47020.0, 57050.0, 43956.0, 43970.0, 2991.0, 9262.0, 8009.0, 51335.0, 57480.0, 465.0, 57335.0, 57396.0, 10147.0, 42291.0, 57059.0, 15265.0, 2909.0, 6820.0, 8215.0, 57254.0, 3395.0, 12527.0, 8880.0, 9443.0, 57479.0, 24660.0, 57386.0, 57259.0, 57031.0, 6740.0, 2381.0, 9099.0, 62960.0, 33956.0, 54781.0, 56610.0, 42170.0, 42174.0, 42182.0, 57399.0, 22760.0, 57280.0, 57244.0, 36977.0, 35584.0, 2605.0, 60157.0, 57135.0, 7078.0, 30511.0, 9223.0, 55808.0, 6882.0, 3052.0, 1414.0, 30955.0, 8488.0, 30444.0, 57154.0, 2602.0, 57301.0, 10410.0, 57454.0, 2598.0, 9990.0, 3120.0, 57193.0, 8000.0, 57242.0, 2566.0, 57500.0, 2527.0, 57496.0, 54606.0, 54608.0, 54614.0, 54620.0, 9000.0, 5060.0, 8334.0, 60243.0, 5106.0, 6370.0, 20623.0, 9917.0, 17385.0, 9631.0, 55443.0, 57087.0, 57011.0, 10411.0, 9642.0, 57485.0, 9092.0, 5414.0, 3331.0, 3343.0, 3344.0, 54470.0, 58174.0, 8282.0, 57198.0, 8086.0, 10604.0, 3334.0, 3341.0, 6194.0, 12171.0, 57327.0, 35178.0, 12751.0, 61989.0, 48756.0, 48772.0, 48784.0, 14986.0, 57467.0, 3050.0, 18888.0, 3345.0, 57491.0, 57108.0, 2222.0, 57429.0, 12387.0, 6834.0, 57134.0, 17304.0, 13260.0, 5431.0, 3339.0, 3332.0, 3337.0, 9051.0, 11211.0, 3328.0, 4000.0, 3340.0, 39950.0, 3335.0, 3346.0, 13395.0, 25933.0, 39960.0, 57266.0, 19133.0, 57001.0, 39956.0, 9117.0, 3329.0, 10307.0, 8040.0, 3338.0, 3330.0, 3327.0, 17128.0, 3326.0, 57047.0, 22377.0, 1427.0, 39291.0, 22000.0, 18085.0, 9060.0, 8050.0, 3336.0, 3342.0, 3347.0, 39243.0, 25746.0, 45346.0, 57497.0, 3415.0, 57206.0, 6126.0, 10412.0, 57439.0, 11654.0, 2375.0, 2697.0, 57056.0, 45262.0, 57218.0, 1230.0, 3378.0, 32778.0, 36214.0, 36220.0, 49826.0, 36204.0, 48158.0, 7777.0, 55818.0, 55832.0, 57208.0, 49326.0, 49338.0, 56790.0, 6036.0, 49350.0, 57048.0, 57385.0, 523.0, 1.0, 12437.0, 8020.0, 57438.0, 10413.0, 25232.0, 57471.0, 2558.0, 10405.0, 8013.0, 3796.0, 57392.0, 57232.0, 10082.0, 57369.0, 9160.0, 47914.0, 47928.0, 47930.0, 55714.0, 21261.0, 7051.0, 44281.0, 5908.0, 10800.0, 9402.0, 3001.0, 2600.0, 10522.0, 42262.0, 16587.0, 9395.0, 4450.0, 57099.0, 6682.0, 8756.0, 57395.0, 50001.0, 37536.0, 60008.0, 8111.0, 37784.0, 37800.0, 8899.0, 37224.0, 28275.0, 57306.0, 64336.0, 445.0, 6698.0, 57004.0, 2601.0, 5988.0, 57341.0, 3105.0, 8060.0, 1985.0, 444.0, 4430.0, 666.0, 20443.0, 1400.0, 1443.0, 5443.0, 57104.0, 11443.0, 4443.0, 30080.0, 46144.0, 57380.0, 5050.0, 8090.0, 8808.0, 4343.0, 777.0, 49330.0, 65018.0, 1046.0, 2599.0, 2374.0, 9877.0, 63361.0, 11434.0, 32868.0, 38690.0, 38698.0, 38704.0, 9222.0, 2379.0, 52200.0, 5222.0, 57070.0, 2597.0, 12238.0, 57248.0, 19999.0, 57281.0, 8449.0, 22208.0, 57253.0, 57089.0, 57289.0, 53000.0, 58556.0, 58570.0, 57343.0, 51036.0, 33340.0, 57297.0, 57106.0, 1073.0, 48632.0, 10001.0, 2000.0, 57278.0, 12000.0, 57080.0, 2998.0, 39226.0, 57316.0, 43730.0, 10200.0, 32000.0, 57350.0, 57274.0, 2591.0, 63308.0, 21369.0, 7070.0, 7000.0, 26790.0, 22166.0, 3390.0, 50000.0, 50012.0, 54678.0, 62909.0, 13416.0, 13015.0, 26414.0, 9254.0, 90.0, 57288.0]"
2025-07-31T19:25:54.000Z,"[57238.0, 5900.0, 59190.0, 59170.0, 8443.0, 15082.0, 59186.0, 57288.0, 57067.0, 3749.0, 57233.0, 57373.0, 89.0, 14860.0, 62909.0, 57370.0, 57356.0, 54678.0, 21478.0, 4263.0, 13015.0, 26414.0, 1433.0, 13416.0, 57186.0, 1080.0, 57312.0, 8728.0, 43000.0, 3306.0, 502.0, 5979.0, 57036.0, 57038.0, 5474.0, 10255.0, 8368.0, 57378.0, 8646.0, 4153.0, 9254.0, 5938.0, 90.0, 5433.0, 57255.0, 12279.0, 57260.0, 57494.0, 9042.0, 57226.0, 7547.0, 88.0, 10418.0, 3389.0, 23.0, 11133.0, 8547.0, 7443.0, 31337.0, 18246.0, 57489.0, 3000.0, 8315.0, 38318.0, 38324.0, 38328.0, 22.0, 57076.0, 57428.0, 2720.0, 45040.0, 57355.0, 37193.0, 57342.0, 46284.0, 21162.0, 2014.0, 57247.0, 5004.0, 5126.0, 13089.0, 8089.0, 5909.0, 39507.0, 10419.0, 8088.0, 61694.0, 3909.0, 57093.0, 20706.0, 8094.0, 8118.0, 57129.0, 389.0, 999.0, 2613.0, 57146.0, 57293.0, 57221.0, 57018.0, 57443.0, 57078.0, 8080.0, 7002.0, 51890.0, 5006.0, 51900.0, 8259.0, 57015.0, 3008.0, 57422.0, 9127.0, 51006.0, 57024.0, 57236.0, 9090.0, 57086.0, 17001.0, 17131.0, 5300.0, 57470.0, 8081.0, 57372.0, 57239.0, 6374.0, 57450.0, 57414.0, 21146.0, 8123.0, 1024.0, 2086.0, 57071.0, 6291.0, 2084.0, 17612.0, 2488.0, 57030.0, 2616.0, 57022.0, 57290.0, 2614.0, 57334.0, 52914.0, 2012.0, 57425.0, 57459.0, 55278.0, 15672.0, 55676.0, 57337.0, 13651.0, 55294.0, 55304.0, 39944.0, 57319.0, 10751.0, 1796.0, 5952.0, 9691.0, 5916.0, 7446.0, 63649.0, 587.0, 57411.0, 6683.0, 9348.0, 8092.0, 49176.0, 63571.0, 21923.0, 35125.0, 57027.0, 57406.0, 10415.0, 1491.0, 5555.0, 57167.0, 57203.0, 33389.0, 57143.0, 6378.0, 57466.0, 8181.0, 57526.0, 57111.0, 2608.0, 9966.0, 57286.0, 14330.0, 3162.0, 57448.0, 8888.0, 57322.0, 51922.0, 59434.0, 59450.0, 59464.0, 57028.0, 10416.0, 57304.0, 20256.0, 25059.0, 7756.0, 57416.0, 3386.0, 2611.0, 60001.0, 6443.0, 344.0, 2617.0, 4911.0, 56911.0, 3453.0, 9832.0, 34406.0, 57149.0, 2609.0, 5947.0, 9996.0, 20547.0, 4001.0, 58738.0, 53741.0, 5432.0, 27463.0, 25815.0, 4433.0, 57158.0, 4595.0, 80.0, 7625.0, 51005.0, 2323.0, 57083.0, 32400.0, 9001.0, 10425.0, 33376.0, 23014.0, 4145.0, 1077.0, 30456.0, 57138.0, 143.0, 57271.0, 8983.0, 10838.0, 22022.0, 57216.0, 57441.0, 56464.0, 56480.0, 56496.0, 56504.0, 56520.0, 443.0, 5986.0, 1521.0, 44050.0, nan, 57200.0, 5683.0, 41215.0, 8843.0, 27040.0, 120.0, 40146.0, 34258.0, 57168.0, 555.0, 57003.0, 40337.0, 46052.0, 7890.0, 4782.0, 13477.0, 41838.0, 41822.0, 39890.0, 1224.0, 57295.0, 22217.0, 34453.0, 1102.0, 57481.0, 62685.0, 27594.0, 57172.0, 21365.0, 57005.0, 31954.0, 8291.0, 3702.0, 6499.0, 8084.0, 41466.0, 57127.0, 2610.0, 57137.0, 50684.0, 50686.0, 50702.0, 8602.0, 30001.0, 57407.0, 25.0, 2024.0, 57222.0, 48116.0, 57103.0, 30443.0, 57427.0, 57461.0, 3392.0, 38148.0, 10441.0, 10414.0, 3466.0, 57403.0, 20249.0, 2299.0, 17000.0, 57020.0, 38649.0, 43986.0, 8010.0, 2615.0, 2612.0, 57444.0, 52384.0, 52382.0, 52400.0, 19609.0, 57420.0, 38460.0, 57376.0, 8857.0, 21285.0, 11609.0, 46320.0, 57246.0, 7508.0, 11472.0, 2603.0, 5632.0, 44818.0, 30000.0, 57423.0, 57201.0, 34780.0, 3128.0, 5002.0, 57476.0, 24251.0, 57177.0, 48447.0, 3424.0, 1408.0, 25691.0, 64327.0, 42032.0, 57189.0, 60160.0, 60168.0, 60180.0, 57006.0, 57362.0, 57214.0, 51.0, 57389.0, 3431.0, 12488.0, 9441.0, 57162.0, 6449.0, 57227.0, 1962.0, 9916.0, 2606.0, 9914.0, 5984.0, 5444.0, 7166.0, 9300.0, 6510.0, 57114.0, 57264.0, 2607.0, 42414.0, 42434.0, 42424.0, 20165.0, 12343.0, 2442.0, 6811.0, 56786.0, 57401.0, 57473.0, 57474.0, 57107.0, 57493.0, 57155.0, 57016.0, 58454.0, 10510.0, 8909.0, 3333.0, 51002.0, 6987.0, 6446.0, 5783.0, 41800.0, 1950.0, 2604.0, 32812.0, 32826.0, 32830.0, 57393.0, 57305.0, 8083.0, 9999.0, 42144.0, 57298.0, 9451.0, 57064.0, 13259.0, 9020.0, 33089.0, 9613.0, 10443.0, 9495.0, 57039.0, 2403.0, 57217.0, 24002.0, 57007.0, 3491.0, 4444.0, 50262.0, 50270.0, 9750.0, 22542.0, 51988.0, 57351.0, 57409.0, 6379.0, 57088.0, 57182.0, 8113.0, 57245.0, 40003.0, 54056.0, 1234.0, 61616.0, 50322.0, 57291.0, 57126.0, 33056.0, 8045.0, 47020.0, 9805.0, 60888.0, 7111.0, 60894.0, 17174.0, 60908.0, 60916.0, 43956.0, 43970.0, 2991.0, 9262.0, 57267.0, 8009.0, 51335.0, 19888.0, 3131.0, 12006.0, 10080.0, 57396.0, 465.0, 10147.0, 42291.0, 57335.0, 57059.0, 15265.0, 2909.0, 57480.0, 57050.0, 9443.0, 57479.0, 24660.0, 6740.0, 8880.0, 57386.0, 2381.0, 57031.0, 9099.0, 62960.0, 33956.0, 54781.0, 56610.0, 42170.0, 42174.0, 57254.0, 42182.0, 6820.0, 8215.0, 3395.0, 12527.0, 35584.0, 57280.0, 2605.0, 60157.0, 57399.0, 57135.0, 57244.0, 7078.0, 57259.0, 30511.0, 9223.0, 55808.0, 6882.0, 8488.0, 30444.0, 57154.0, 2602.0, 57301.0, 10410.0, 57454.0, 2598.0, 22760.0, 36977.0, 2566.0, 57242.0, 57500.0, 2527.0, 57496.0, 54606.0, 54608.0, 54614.0, 54620.0, 9000.0, 3052.0, 1414.0, 30955.0, 8334.0, 60243.0, 5106.0, 6370.0, 20623.0, 9917.0, 9990.0, 3120.0, 57193.0, 8000.0, 57087.0, 57011.0, 10411.0, 9642.0, 5060.0, 58174.0, 8282.0, 57198.0, 8086.0, 10604.0, 9631.0, 3334.0, 3341.0, 6194.0, 12171.0, 57327.0, 35178.0, 12751.0, 61989.0, 48756.0, 48772.0, 48784.0, 14986.0, 17385.0, 55443.0, 57108.0, 12387.0, 57429.0, 57134.0, 17304.0, 13260.0, 5431.0, 3339.0, 3050.0, 3332.0, 57485.0, 3337.0, 9051.0, 9092.0, 5414.0, 3331.0, 3343.0, 3344.0, 54470.0, 3335.0, 3346.0, 13395.0, 4000.0, 57266.0, 19133.0, 11211.0, 9117.0, 57001.0, 3329.0, 10307.0, 8040.0, 3338.0, 3330.0, 3327.0, 57467.0, 17128.0, 3326.0, 57491.0, 18888.0, 3345.0, 2222.0, 6834.0, 57047.0, 1427.0, 39291.0, 22000.0, 18085.0, 9060.0, 8050.0, 3336.0, 3342.0, 3347.0, 3328.0, 3340.0, 39950.0, 25933.0, 39960.0, 39956.0, 57497.0, 3415.0, 57206.0, 6126.0, 10412.0, 57439.0, 11654.0, 2375.0, 2697.0, 22377.0, 45262.0, 57056.0, 57218.0, 1230.0, 3378.0, 32778.0, 36214.0, 36220.0, 49826.0, 36204.0, 48158.0, 7777.0, 55818.0, 55832.0, 39243.0, 25746.0, 45346.0, 57048.0, 6036.0, 57385.0, 523.0, 1.0, 57208.0, 12437.0, 8020.0, 57438.0, 10413.0, 10405.0, 8013.0, 3796.0, 57471.0, 49326.0, 49338.0, 56790.0, 49350.0, 47914.0, 10082.0, 47928.0, 47930.0, 57392.0, 55714.0, 57369.0, 21261.0, 7051.0, 44281.0, 5908.0, 25232.0, 2558.0, 10522.0, 42262.0, 16587.0, 9395.0, 4450.0, 57099.0, 6682.0, 8756.0, 57232.0, 9160.0, 37536.0, 60008.0, 8111.0, 37784.0, 37800.0, 8899.0, 37224.0, 28275.0, 57306.0, 64336.0, 445.0, 10800.0, 9402.0, 3001.0, 2600.0, 57341.0, 3105.0, 8060.0, 1985.0, 444.0, 4430.0, 666.0, 20443.0, 1400.0, 1443.0, 5443.0, 57104.0, 11443.0, 4443.0, 30080.0, 46144.0, 57380.0, 5050.0, 8090.0, 8808.0, 4343.0, 777.0, 49330.0, 57395.0, 65018.0, 50001.0, 2599.0, 2374.0, 9877.0, 63361.0, 11434.0, 32868.0, 38690.0, 38698.0, 38704.0, 9222.0, 2379.0, 57004.0, 6698.0, 2601.0, 5988.0, 2597.0, 12238.0, 57248.0, 19999.0, 57281.0, 8449.0, 22208.0, 1046.0, 57253.0, 57089.0, 57289.0, 5222.0, 53000.0, 58556.0, 58570.0, 57070.0, 52200.0, 48632.0, 57297.0, 57343.0, 10001.0, 2000.0, 57278.0, 12000.0, 57106.0, 57080.0, 2998.0, 39226.0, 57316.0, 43730.0, 10200.0, 9463.0, 12083.0, 10355.0, 61464.0, 7485.0, 6004.0, 24291.0, 22222.0]"
2025-07-31T19:26:35.000Z,"[12083.0, 5900.0, 4263.0, 22222.0, 1433.0, 57085.0, 21478.0, 62909.0, 57370.0, 8443.0, 57356.0, 3749.0, 14860.0, 57233.0, 57373.0, 57288.0, 89.0, 57067.0, 59170.0, 15082.0, 57238.0, 59190.0, 59186.0, 5474.0, 22.0, 40436.0, 11472.0, 3306.0, 57186.0, 24291.0, 1080.0, 10355.0, 45954.0, 7485.0, 8646.0, 57312.0, 57378.0, 4153.0, 9254.0, 5938.0, 90.0, 43000.0, 5433.0, 26414.0, 13416.0, 8728.0, 13015.0, 54678.0, 57494.0, 9042.0, 502.0, 5979.0, 57036.0, 57038.0, 10255.0, 8368.0, 57255.0, 12279.0, 57260.0, 57428.0, 2720.0, 57076.0, 23.0, 7547.0, 57226.0, 88.0, 10418.0, 3389.0, 11133.0, 5004.0, 57247.0, 18246.0, 8547.0, 7443.0, 31337.0, 57489.0, 3000.0, 8315.0, 38318.0, 38324.0, 38328.0, 3909.0, 8118.0, 57129.0, 389.0, 57093.0, 21162.0, 57355.0, 999.0, 2613.0, 45040.0, 37193.0, 57342.0, 46284.0, 2014.0, 57078.0, 7002.0, 51890.0, 39507.0, 5006.0, 51900.0, 8259.0, 5126.0, 13089.0, 8089.0, 5909.0, 10419.0, 8088.0, 61694.0, 20706.0, 8094.0, 8081.0, 57221.0, 57146.0, 57443.0, 57293.0, 57018.0, 8080.0, 57071.0, 57015.0, 57024.0, 17612.0, 57422.0, 3008.0, 9127.0, 51006.0, 57236.0, 9090.0, 57086.0, 17001.0, 17131.0, 5300.0, 57470.0, 2084.0, 10751.0, 57319.0, 1796.0, 57337.0, 57459.0, 57414.0, 5952.0, 57239.0, 57372.0, 9691.0, 57450.0, 6374.0, 5916.0, 7446.0, 21146.0, 8123.0, 1024.0, 2086.0, 6291.0, 57334.0, 57290.0, 57030.0, 57425.0, 1491.0, 15672.0, 57406.0, 2488.0, 2616.0, 57022.0, 2614.0, 52914.0, 2012.0, 55278.0, 55676.0, 13651.0, 55294.0, 55304.0, 39944.0, 57526.0, 57466.0, 57111.0, 57143.0, 2608.0, 9966.0, 63649.0, 587.0, 57411.0, 6683.0, 9348.0, 8092.0, 49176.0, 63571.0, 21923.0, 35125.0, 57027.0, 10415.0, 57028.0, 57322.0, 10416.0, 57304.0, 20256.0, 25059.0, 5555.0, 57167.0, 57203.0, 33389.0, 6378.0, 8181.0, 4911.0, 56911.0, 57448.0, 14330.0, 3453.0, 9832.0, 57286.0, 3162.0, 8888.0, 51922.0, 59434.0, 59450.0, 59464.0, 60001.0, 25815.0, 7756.0, 57416.0, 3386.0, 2611.0, 6443.0, 344.0, 2617.0, 23014.0, 4145.0, 1077.0, 57149.0, 2609.0, 57083.0, 34406.0, 30456.0, 5947.0, 9996.0, 20547.0, 4001.0, 58738.0, 53741.0, 5432.0, 27463.0, 80.0, 57158.0, 57216.0, 4433.0, 4595.0, 7625.0, 51005.0, 2323.0, 32400.0, 9001.0, 10425.0, 33376.0, 44050.0, nan, 57138.0, 143.0, 57271.0, 8983.0, 10838.0, 22022.0, 57003.0, 57168.0, 57441.0, 56464.0, 56480.0, 56496.0, 56504.0, 56520.0, 443.0, 5986.0, 1521.0, 1224.0, 57295.0, 22217.0, 34453.0, 1102.0, 57200.0, 5683.0, 41215.0, 8843.0, 27040.0, 120.0, 40146.0, 34258.0, 555.0, 8084.0, 40337.0, 46052.0, 7890.0, 4782.0, 13477.0, 41838.0, 41822.0, 39890.0, 8602.0, 30001.0, 57407.0, 25.0, 57137.0, 57481.0, 62685.0, 27594.0, 57172.0, 21365.0, 57005.0, 31954.0, 8291.0, 3702.0, 6499.0, 57127.0, 57427.0, 2024.0, 41466.0, 2610.0, 50684.0, 50686.0, 50702.0, 52384.0, 52382.0, 57444.0, 52400.0, 19609.0, 57222.0, 48116.0, 57103.0, 30443.0, 57461.0, 3392.0, 38148.0, 10441.0, 10414.0, 2603.0, 5632.0, 44818.0, 30000.0, 8857.0, 3466.0, 57403.0, 20249.0, 2299.0, 17000.0, 57020.0, 38649.0, 43986.0, 8010.0, 2615.0, 2612.0, 57376.0, 1408.0, 5002.0, 57177.0, 25691.0, 64327.0, 42032.0, 57420.0, 38460.0, 21285.0, 11609.0, 46320.0, 57246.0, 7508.0, 12488.0, 9441.0, 3128.0, 57162.0, 57389.0, 57201.0, 57423.0, 6449.0, 34780.0, 57476.0, 24251.0, 48447.0, 3424.0, 57189.0, 57362.0, 60160.0, 60168.0, 60180.0, 57006.0, 57214.0, 51.0, 3431.0, 1962.0, 6811.0, 57227.0, 9916.0, 2606.0, 9914.0, 5984.0, 5444.0, 7166.0, 8909.0, 9300.0, 3333.0, 57016.0, 51002.0, 6510.0, 57114.0, 57264.0, 2607.0, 42414.0, 42434.0, 42424.0, 20165.0, 12343.0, 2442.0, 57107.0, 57493.0, 56786.0, 57473.0, 57401.0, 57474.0, 57155.0, 58454.0, 10510.0, 9613.0, 10443.0, 6987.0, 6446.0, 5783.0, 41800.0, 1950.0, 2604.0, 32812.0, 32826.0, 32830.0, 4444.0, 50270.0, 9750.0, 22542.0, 51988.0, 57393.0, 57305.0, 8083.0, 9999.0, 42144.0, 57298.0, 9451.0, 57064.0, 13259.0, 9020.0, 33089.0, 57217.0, 57039.0, 1234.0, 8113.0, 57245.0, 9495.0, 2403.0, 24002.0, 57007.0, 3491.0, 50262.0, 9805.0, 8045.0, 60888.0, 7111.0, 60894.0, 57351.0, 17174.0, 60908.0, 60916.0, 57409.0, 6379.0, 57088.0, 57182.0, 40003.0, 54056.0, 19888.0, 57267.0, 3131.0, 12006.0, 10080.0, 61616.0, 50322.0, 57291.0, 57126.0, 33056.0, 47020.0, 57050.0, 43956.0, 43970.0, 2991.0, 9262.0, 8009.0, 51335.0, 465.0, 57479.0, 57480.0, 57335.0, 57396.0, 10147.0, 42291.0, 57059.0, 15265.0, 2909.0, 42174.0, 57254.0, 42182.0, 6820.0, 8215.0, 3395.0, 12527.0, 8880.0, 9443.0, 24660.0, 57386.0, 57259.0, 57031.0, 6740.0, 2381.0, 9099.0, 62960.0, 33956.0, 54781.0, 56610.0, 42170.0, 57244.0, 57399.0, 22760.0, 57280.0, 36977.0, 35584.0, 2605.0, 60157.0, 57135.0, 7078.0, 30511.0, 9223.0, 55808.0, 6882.0, 9000.0, 3052.0, 1414.0, 30955.0, 8488.0, 30444.0, 57154.0, 2602.0, 57301.0, 10410.0, 57454.0, 2598.0, 9990.0, 3120.0, 57193.0, 8000.0, 57242.0, 2566.0, 57500.0, 2527.0, 57496.0, 54606.0, 54608.0, 54614.0, 54620.0, 9917.0, 9642.0, 57011.0, 5060.0, 8334.0, 60243.0, 5106.0, 6370.0, 20623.0, 14986.0, 17385.0, 9631.0, 55443.0, 57087.0, 10411.0, 57485.0, 9092.0, 5414.0, 3331.0, 3343.0, 3344.0, 54470.0, 58174.0, 8282.0, 57198.0, 8086.0, 10604.0, 3334.0, 3341.0, 6194.0, 12171.0, 57327.0, 35178.0, 12751.0, 61989.0, 48756.0, 48772.0, 48784.0, 57491.0, 57467.0, 3050.0, 18888.0, 3345.0, 57108.0, 2222.0, 57429.0, 12387.0, 6834.0, 57134.0, 17304.0, 13260.0, 5431.0, 3339.0, 3332.0, 3337.0, 9051.0, 11211.0, 3328.0, 4000.0, 3340.0, 39950.0, 3335.0, 3346.0, 13395.0, 25933.0, 39960.0, 57266.0, 19133.0, 57001.0, 39956.0, 9117.0, 3329.0, 10307.0, 8040.0, 3338.0, 3330.0, 3327.0, 17128.0, 3326.0, 57047.0, 22377.0, 1427.0, 39291.0, 22000.0, 18085.0, 9060.0, 8050.0, 3336.0, 3342.0, 3347.0, 55832.0, 39243.0, 25746.0, 45346.0, 57497.0, 3415.0, 57206.0, 6126.0, 10412.0, 57439.0, 11654.0, 2375.0, 2697.0, 57438.0, 57056.0, 45262.0, 57218.0, 1230.0, 3378.0, 32778.0, 36214.0, 36220.0, 49826.0, 36204.0, 48158.0, 7777.0, 55818.0, 57208.0, 49326.0, 49338.0, 56790.0, 6036.0, 49350.0, 57048.0, 57385.0, 523.0, 1.0, 12437.0, 8020.0, 10413.0, 25232.0, 57471.0, 2558.0, 10405.0, 8013.0, 3796.0, 57392.0, 57232.0, 10082.0, 57369.0, 9160.0, 47914.0, 47928.0, 47930.0, 55714.0, 21261.0, 7051.0, 44281.0, 5908.0, 10800.0, 9402.0, 3001.0, 2600.0, 10522.0, 42262.0, 16587.0, 9395.0, 4450.0, 57099.0, 6682.0, 8756.0, 57395.0, 65018.0, 57380.0, 50001.0, 37536.0, 60008.0, 8111.0, 37784.0, 37800.0, 8899.0, 37224.0, 28275.0, 57306.0, 64336.0, 445.0, 6698.0, 57004.0, 2601.0, 5988.0, 57341.0, 3105.0, 8060.0, 1985.0, 444.0, 4430.0, 666.0, 20443.0, 1400.0, 1443.0, 5443.0, 57104.0, 11443.0, 4443.0, 30080.0, 46144.0, 5050.0, 8090.0, 8808.0, 4343.0, 777.0, 49330.0, 1046.0, 2599.0, 2374.0, 9877.0, 63361.0, 11434.0, 32868.0, 38690.0, 38698.0, 38704.0, 9222.0, 2379.0, 57281.0, 57070.0, 52200.0, 5222.0, 2597.0, 12238.0, 57248.0, 19999.0, 8449.0, 22208.0, 57253.0, 57089.0, 57289.0, 53000.0, 58556.0, 58570.0, 9463.0, 50000.0, 59871.0, 61464.0, 1194.0, 6004.0, 11876.0]"
2025-07-31T19:27:40.000Z,"[22222.0, 5991.0, 5900.0, 57085.0, 11876.0, 5990.0, 44680.0, 57026.0, 57186.0, 1433.0, 5978.0, 48556.0, 59871.0, 57274.0, 11472.0, 50000.0, 1194.0, 57122.0, 57238.0, 3306.0, 61464.0, 8443.0, 57233.0, 57373.0, 6004.0, 3389.0, 57345.0, 9463.0, 57288.0, 89.0, 57067.0, 3749.0, 59170.0, 15082.0, 59190.0, 59186.0, 5474.0, 22.0, 40436.0, 24291.0, 1080.0, 10355.0, 12083.0, 45954.0, 7485.0, 21478.0, 4263.0, 57312.0, 4153.0, 14860.0, 90.0, 43000.0, 5433.0, 26414.0, 13416.0, 8728.0, 57356.0, 57370.0, 13015.0, 54678.0, 62909.0, 9042.0, 57494.0, 502.0, 5979.0, 57036.0, 57038.0, 10255.0, 8368.0, 57378.0, 8646.0, 9254.0, 5938.0, 57255.0, 12279.0, 57260.0, 23.0, 7547.0, 57226.0, 57428.0, 88.0, 10418.0, 11133.0, 57247.0, 18246.0, 8547.0, 7443.0, 31337.0, 57489.0, 3000.0, 8315.0, 38318.0, 38324.0, 38328.0, 57076.0, 2720.0, 57093.0, 57129.0, 57355.0, 999.0, 2613.0, 45040.0, 37193.0, 57342.0, 46284.0, 21162.0, 2014.0, 5004.0, 57078.0, 7002.0, 51890.0, 39507.0, 5006.0, 51900.0, 8259.0, 5126.0, 13089.0, 8089.0, 5909.0, 10419.0, 8088.0, 61694.0, 3909.0, 20706.0, 8094.0, 8118.0, 389.0, 8081.0, 57146.0, 57443.0, 57221.0, 57293.0, 57018.0, 8080.0, 57071.0, 57024.0, 17612.0, 57422.0, 57015.0, 3008.0, 9127.0, 51006.0, 57236.0, 9090.0, 57086.0, 17001.0, 17131.0, 5300.0, 57470.0, 10751.0, 57337.0, 57459.0, 57414.0, 5952.0, 57319.0, 57239.0, 57372.0, 9691.0, 57450.0, 6374.0, 5916.0, 7446.0, 21146.0, 8123.0, 1024.0, 2086.0, 6291.0, 2084.0, 57290.0, 57425.0, 1491.0, 57030.0, 15672.0, 57406.0, 2488.0, 2616.0, 57022.0, 2614.0, 57334.0, 52914.0, 2012.0, 55278.0, 55676.0, 13651.0, 55294.0, 55304.0, 39944.0, 1796.0, 57143.0, 57111.0, 2608.0, 9966.0, 63649.0, 587.0, 57411.0, 6683.0, 9348.0, 8092.0, 49176.0, 63571.0, 21923.0, 35125.0, 57027.0, 10415.0, 57304.0, 57028.0, 20256.0, 25059.0, 5555.0, 57167.0, 57203.0, 33389.0, 6378.0, 57466.0, 8181.0, 57526.0, 4911.0, 14330.0, 3453.0, 9832.0, 57286.0, 3162.0, 57448.0, 8888.0, 57322.0, 51922.0, 59434.0, 59450.0, 59464.0, 10416.0, 60001.0, 25815.0, 7756.0, 57416.0, 3386.0, 2611.0, 6443.0, 344.0, 2617.0, 56911.0, 23014.0, 4145.0, 1077.0, 57149.0, 2609.0, 57083.0, 34406.0, 30456.0, 5947.0, 9996.0, 20547.0, 4001.0, 58738.0, 53741.0, 5432.0, 27463.0, 57158.0, 57216.0, 4433.0, 4595.0, 80.0, 7625.0, 51005.0, 2323.0, 32400.0, 9001.0, 10425.0, 33376.0, nan, 57138.0, 143.0, 57271.0, 8983.0, 10838.0, 22022.0, 57003.0, 57168.0, 57441.0, 56464.0, 56480.0, 56496.0, 56504.0, 56520.0, 443.0, 5986.0, 1521.0, 44050.0, 22217.0, 34453.0, 1102.0, 57200.0, 5683.0, 41215.0, 8843.0, 27040.0, 120.0, 40146.0, 34258.0, 555.0, 8084.0, 40337.0, 46052.0, 7890.0, 4782.0, 13477.0, 41838.0, 41822.0, 39890.0, 1224.0, 57295.0, 8602.0, 30001.0, 57407.0, 25.0, 57137.0, 57481.0, 62685.0, 27594.0, 57172.0, 21365.0, 57005.0, 31954.0, 8291.0, 3702.0, 6499.0, 57127.0, 57427.0, 2024.0, 41466.0, 2610.0, 50684.0, 50686.0, 50702.0, 57444.0, 19609.0, 57222.0, 48116.0, 57103.0, 30443.0, 57461.0, 3392.0, 38148.0, 10441.0, 10414.0, 2603.0, 5632.0, 44818.0, 30000.0, 8857.0, 3466.0, 57403.0, 20249.0, 2299.0, 17000.0, 57020.0, 38649.0, 43986.0, 8010.0, 2615.0, 2612.0, 52384.0, 52382.0, 52400.0, 1408.0, 57177.0, 25691.0, 64327.0, 42032.0, 57420.0, 38460.0, 57376.0, 21285.0, 11609.0, 46320.0, 57246.0, 7508.0, 3128.0, 57162.0, 12488.0, 57389.0, 57201.0, 57423.0, 6449.0, 34780.0, 5002.0, 57476.0, 24251.0, 48447.0, 3424.0, 57362.0, 57189.0, 60160.0, 60168.0, 60180.0, 57006.0, 57214.0, 51.0, 3431.0, 9441.0, 1962.0, 6811.0, 57227.0, 9916.0, 2606.0, 9914.0, 5984.0, 5444.0, 7166.0, 51002.0, 8909.0, 6510.0, 9300.0, 57114.0, 57264.0, 2607.0, 42414.0, 42434.0, 42424.0, 20165.0, 12343.0, 2442.0, 57107.0, 57493.0, 56786.0, 57473.0, 57401.0, 57474.0, 57155.0, 57016.0, 58454.0, 10510.0, 3333.0, 10443.0, 6987.0, 6446.0, 5783.0, 41800.0, 1950.0, 2604.0, 32812.0, 32826.0, 32830.0, 4444.0, 51988.0, 57393.0, 57305.0, 9613.0, 8083.0, 9999.0, 42144.0, 57298.0, 9451.0, 57064.0, 13259.0, 9020.0, 33089.0, 57217.0, 1234.0, 57039.0, 57245.0, 9495.0, 2403.0, 24002.0, 57007.0, 3491.0, 50262.0, 50270.0, 9750.0, 22542.0, 8045.0, 60888.0, 7111.0, 60894.0, 57351.0, 17174.0, 60908.0, 60916.0, 57409.0, 6379.0, 57088.0, 57182.0, 8113.0, 40003.0, 54056.0, 57267.0, 9805.0, 19888.0, 12006.0, 10080.0, 61616.0, 50322.0, 57291.0, 57126.0, 33056.0, 47020.0, 57050.0, 43956.0, 43970.0, 2991.0, 9262.0, 8009.0, 51335.0, 3131.0, 57480.0, 465.0, 57335.0, 57396.0, 10147.0, 42291.0, 57059.0, 15265.0, 2909.0, 8215.0, 57254.0, 3395.0, 12527.0, 8880.0, 9443.0, 57479.0, 24660.0, 57386.0, 57259.0, 57031.0, 6740.0, 2381.0, 9099.0, 62960.0, 33956.0, 54781.0, 56610.0, 42170.0, 42174.0, 42182.0, 6820.0, 57280.0, 57399.0, 57244.0, 36977.0, 35584.0, 2605.0, 60157.0, 57135.0, 7078.0, 30511.0, 9223.0, 55808.0, 6882.0, 3052.0, 1414.0, 30955.0, 8488.0, 30444.0, 57154.0, 2602.0, 57301.0, 10410.0, 57454.0, 2598.0, 22760.0, 9990.0, 3120.0, 57193.0, 8000.0, 57242.0, 2566.0, 57500.0, 2527.0, 57496.0, 54606.0, 54608.0, 54614.0, 54620.0, 9000.0, 5060.0, 8334.0, 60243.0, 5106.0, 6370.0, 20623.0, 9917.0, 17385.0, 9631.0, 55443.0, 57087.0, 57011.0, 10411.0, 9642.0, 5414.0, 3331.0, 3343.0, 3344.0, 54470.0, 58174.0, 8282.0, 57198.0, 8086.0, 10604.0, 3334.0, 3341.0, 6194.0, 12171.0, 57327.0, 35178.0, 12751.0, 61989.0, 48756.0, 48772.0, 48784.0, 14986.0, 3050.0, 18888.0, 3345.0, 57491.0, 57108.0, 2222.0, 57429.0, 12387.0, 6834.0, 57134.0, 17304.0, 13260.0, 5431.0, 3339.0, 3332.0, 57485.0, 3337.0, 9051.0, 9092.0, 11211.0, 3328.0, 4000.0, 3340.0, 39950.0, 3335.0, 3346.0, 13395.0, 25933.0, 39960.0, 57266.0, 19133.0, 57001.0, 39956.0, 9117.0, 3329.0, 10307.0, 8040.0, 3338.0, 3330.0, 3327.0, 57467.0, 17128.0, 3326.0, 57047.0, 22377.0, 1427.0, 39291.0, 22000.0, 18085.0, 9060.0, 8050.0, 3336.0, 3342.0, 3347.0, 39243.0, 25746.0, 45346.0, 57497.0, 3415.0, 57206.0, 6126.0, 10412.0, 57439.0, 11654.0, 2375.0, 2697.0, 57056.0, 45262.0, 57218.0, 1230.0, 3378.0, 32778.0, 36214.0, 36220.0, 49826.0, 36204.0, 48158.0, 7777.0, 55818.0, 55832.0, 57208.0, 49326.0, 49338.0, 56790.0, 6036.0, 49350.0, 57048.0, 57385.0, 523.0, 1.0, 12437.0, 8020.0, 57438.0, 10413.0, 25232.0, 57471.0, 2558.0, 10405.0, 8013.0, 3796.0, 57232.0, 10082.0, 57392.0, 57369.0, 9160.0, 47914.0, 47928.0, 47930.0, 55714.0, 21261.0, 7051.0, 44281.0, 5908.0, 9402.0, 3001.0, 2600.0, 10522.0, 42262.0, 16587.0, 9395.0, 4450.0, 57099.0, 6682.0, 8756.0, 50001.0, 57395.0, 37536.0, 60008.0, 8111.0, 37784.0, 37800.0, 8899.0, 37224.0, 28275.0, 57306.0, 64336.0, 445.0, 10800.0, 6698.0, 57004.0, 2601.0, 5988.0, 57341.0, 3105.0, 8060.0, 1985.0, 444.0, 4430.0, 666.0, 20443.0, 1400.0, 1443.0, 5443.0, 57104.0, 11443.0, 4443.0, 30080.0, 46144.0, 57380.0, 5050.0, 8090.0, 8808.0, 4343.0, 777.0, 49330.0, 65018.0, 1046.0, 2599.0, 2374.0, 9877.0, 63361.0, 11434.0, 32868.0, 38690.0, 38698.0, 38704.0, 9222.0, 2379.0, 52200.0, 5222.0, 57070.0, 2597.0, 12238.0, 57248.0, 19999.0, 57281.0, 8449.0, 22208.0, 1900.0, 10073.0, 29092.0, 44758.0, 30223.0, 7070.0, 16643.0, 993.0]"
2025-07-31T19:28:43.000Z,"[57026.0, 5900.0, 57042.0, 57186.0, 5978.0, 48556.0, 10073.0, 57274.0, 57300.0, 2799.0, 29092.0, 993.0, 57122.0, 1900.0, 44758.0, 59871.0, 7070.0, 57345.0, 57051.0, 12083.0, 9463.0, 57085.0, 8443.0, 57150.0, 6036.0, 1194.0, 16643.0, 5990.0, 30223.0, 50000.0, 44692.0, 57233.0, 3389.0, 57373.0, 57238.0, 3306.0, 61464.0, 11472.0, 5991.0, 1433.0, 11876.0, 22222.0, 44680.0, 57067.0, 3749.0, 59170.0, 15082.0, 59190.0, 59186.0, 57288.0, 5474.0, 22.0, 40436.0, 24291.0, 1080.0, 10355.0, 45954.0, 7485.0, 21478.0, 4263.0, 6004.0, 90.0, 5433.0, 26414.0, 13416.0, 57312.0, 8728.0, 57356.0, 43000.0, 57370.0, 13015.0, 54678.0, 62909.0, 14860.0, 89.0, 9042.0, 57494.0, 502.0, 5979.0, 57036.0, 57038.0, 10255.0, 8368.0, 57378.0, 8646.0, 4153.0, 9254.0, 5938.0, 57255.0, 12279.0, 57260.0, 23.0, 7547.0, 57226.0, 57428.0, 88.0, 10418.0, 11133.0, 18246.0, 8547.0, 7443.0, 31337.0, 57489.0, 3000.0, 8315.0, 38318.0, 38324.0, 38328.0, 57076.0, 2720.0, 57355.0, 999.0, 2613.0, 45040.0, 37193.0, 57342.0, 46284.0, 21162.0, 2014.0, 57247.0, 5004.0, 57078.0, 7002.0, 51890.0, 39507.0, 5006.0, 51900.0, 8259.0, 5126.0, 13089.0, 8089.0, 5909.0, 10419.0, 8088.0, 61694.0, 3909.0, 57093.0, 20706.0, 8094.0, 8118.0, 57129.0, 389.0, 57146.0, 57443.0, 57221.0, 57293.0, 57018.0, 8080.0, 17612.0, 57024.0, 57422.0, 57071.0, 57015.0, 3008.0, 9127.0, 51006.0, 57236.0, 9090.0, 57086.0, 17001.0, 17131.0, 5300.0, 57470.0, 8081.0, 57414.0, 10751.0, 5952.0, 57319.0, 57239.0, 57372.0, 9691.0, 57450.0, 6374.0, 5916.0, 7446.0, 21146.0, 8123.0, 1024.0, 2086.0, 6291.0, 2084.0, 57425.0, 1491.0, 57030.0, 15672.0, 57406.0, 2488.0, 2616.0, 57022.0, 57290.0, 2614.0, 57334.0, 52914.0, 2012.0, 57459.0, 55278.0, 55676.0, 57337.0, 13651.0, 55294.0, 55304.0, 39944.0, 1796.0, 57111.0, 2608.0, 9966.0, 63649.0, 587.0, 57411.0, 6683.0, 9348.0, 8092.0, 49176.0, 63571.0, 21923.0, 35125.0, 57027.0, 10415.0, 57304.0, 57028.0, 20256.0, 25059.0, 5555.0, 57167.0, 57203.0, 33389.0, 57143.0, 6378.0, 57466.0, 8181.0, 57526.0, 4911.0, 9832.0, 57286.0, 14330.0, 3162.0, 57448.0, 8888.0, 57322.0, 51922.0, 59434.0, 59450.0, 59464.0, 10416.0, 60001.0, 25815.0, 7756.0, 57416.0, 3386.0, 2611.0, 6443.0, 344.0, 2617.0, 56911.0, 3453.0, 4145.0, 2609.0, 57083.0, 34406.0, 57149.0, 30456.0, 5947.0, 9996.0, 20547.0, 4001.0, 58738.0, 53741.0, 5432.0, 27463.0, 57158.0, 4433.0, 4595.0, 80.0, 7625.0, 51005.0, 2323.0, 32400.0, 9001.0, 10425.0, 33376.0, 23014.0, 1077.0, 57138.0, 143.0, 57271.0, 8983.0, 10838.0, 22022.0, 57216.0, 57003.0, 57441.0, 56464.0, 56480.0, 56496.0, 56504.0, 56520.0, 443.0, 5986.0, 1521.0, 44050.0, nan, 22217.0, 34453.0, 1102.0, 57200.0, 5683.0, 41215.0, 8843.0, 27040.0, 120.0, 40146.0, 34258.0, 57168.0, 555.0, 40337.0, 46052.0, 7890.0, 4782.0, 13477.0, 41838.0, 41822.0, 39890.0, 1224.0, 57295.0, 25.0, 57137.0, 57407.0, 57481.0, 62685.0, 27594.0, 57172.0, 21365.0, 57005.0, 31954.0, 8291.0, 3702.0, 6499.0, 8084.0, 57127.0, 57427.0, 2024.0, 41466.0, 2610.0, 50684.0, 50686.0, 50702.0, 8602.0, 30001.0, 57444.0, 19609.0, 57222.0, 48116.0, 57103.0, 30443.0, 57461.0, 3392.0, 38148.0, 10441.0, 10414.0, 44818.0, 8857.0, 3466.0, 57403.0, 20249.0, 2299.0, 17000.0, 57020.0, 38649.0, 43986.0, 8010.0, 2615.0, 2612.0, 52384.0, 52382.0, 52400.0, 25691.0, 64327.0, 42032.0, 57177.0, 57420.0, 38460.0, 57376.0, 21285.0, 11609.0, 46320.0, 57246.0, 7508.0, 2603.0, 5632.0, 30000.0, 57162.0, 57389.0, 3128.0, 57201.0, 57423.0, 6449.0, 34780.0, 5002.0, 57476.0, 24251.0, 48447.0, 3424.0, 1408.0, 57362.0, 57189.0, 60160.0, 60168.0, 60180.0, 57006.0, 57214.0, 51.0, 3431.0, 12488.0, 9441.0, 6811.0, 57227.0, 1962.0, 9916.0, 2606.0, 9914.0, 5984.0, 5444.0, 7166.0, 51002.0, 6510.0, 9300.0, 57114.0, 57264.0, 2607.0, 42414.0, 42434.0, 42424.0, 20165.0, 12343.0, 2442.0, 57107.0, 57493.0, 56786.0, 57473.0, 57401.0, 57474.0, 57155.0, 57016.0, 58454.0, 10510.0, 8909.0, 3333.0, 10443.0, 6987.0, 6446.0, 5783.0, 41800.0, 1950.0, 2604.0, 32812.0, 32826.0, 32830.0, 4444.0, 57305.0, 9613.0, 57393.0, 8083.0, 9999.0, 42144.0, 57298.0, 9451.0, 57064.0, 13259.0, 9020.0, 33089.0, 1234.0, 57039.0, 57245.0, 9495.0, 2403.0, 57217.0, 24002.0, 57007.0, 3491.0, 50262.0, 50270.0, 9750.0, 22542.0, 51988.0, 60888.0, 7111.0, 60894.0, 57351.0, 17174.0, 60908.0, 60916.0, 57409.0, 6379.0, 57088.0, 57182.0, 8113.0, 40003.0, 54056.0, 9805.0, 19888.0, 57267.0, 12006.0, 10080.0, 61616.0, 50322.0, 57291.0, 57126.0, 33056.0, 8045.0, 47020.0, 57050.0, 43956.0, 43970.0, 2991.0, 9262.0, 8009.0, 51335.0, 3131.0, 465.0, 57335.0, 57396.0, 57480.0, 10147.0, 42291.0, 57059.0, 15265.0, 2909.0, 8215.0, 57254.0, 3395.0, 12527.0, 8880.0, 9443.0, 57479.0, 24660.0, 57386.0, 57259.0, 57031.0, 6740.0, 2381.0, 9099.0, 62960.0, 33956.0, 54781.0, 56610.0, 42170.0, 42174.0, 42182.0, 6820.0, 57399.0, 57280.0, 57244.0, 36977.0, 35584.0, 2605.0, 60157.0, 57135.0, 7078.0, 30511.0, 9223.0, 55808.0, 6882.0, 3052.0, 1414.0, 30955.0, 8488.0, 30444.0, 57154.0, 2602.0, 57301.0, 10410.0, 57454.0, 2598.0, 22760.0, 3120.0, 57193.0, 8000.0, 57242.0, 2566.0, 57500.0, 2527.0, 57496.0, 54606.0, 54608.0, 54614.0, 54620.0, 9000.0, 5060.0, 8334.0, 60243.0, 5106.0, 6370.0, 20623.0, 9917.0, 9990.0, 17385.0, 9631.0, 55443.0, 57087.0, 57011.0, 10411.0, 9642.0, 3331.0, 3343.0, 3344.0, 54470.0, 58174.0, 8282.0, 57198.0, 8086.0, 10604.0, 3334.0, 3341.0, 6194.0, 12171.0, 57327.0, 35178.0, 12751.0, 61989.0, 48756.0, 48772.0, 48784.0, 14986.0, 57108.0, 2222.0, 57429.0, 12387.0, 6834.0, 57134.0, 17304.0, 13260.0, 5431.0, 3339.0, 3050.0, 3332.0, 57485.0, 3337.0, 9051.0, 9092.0, 5414.0, 4000.0, 3340.0, 39950.0, 11211.0, 3335.0, 3346.0, 13395.0, 25933.0, 39960.0, 57266.0, 19133.0, 57001.0, 39956.0, 9117.0, 3329.0, 10307.0, 8040.0, 3338.0, 3330.0, 3327.0, 57467.0, 17128.0, 3326.0, 57491.0, 18888.0, 3345.0, 57047.0, 22377.0, 1427.0, 39291.0, 22000.0, 18085.0, 9060.0, 8050.0, 3336.0, 3342.0, 3347.0, 3328.0, 25746.0, 45346.0, 57497.0, 3415.0, 57206.0, 6126.0, 10412.0, 57439.0, 11654.0, 2375.0, 2697.0, 57056.0, 45262.0, 57218.0, 1230.0, 3378.0, 32778.0, 36214.0, 36220.0, 49826.0, 36204.0, 48158.0, 7777.0, 55818.0, 55832.0, 39243.0, 49326.0, 49338.0, 56790.0, 49350.0, 57048.0, 57385.0, 523.0, 1.0, 57208.0, 12437.0, 8020.0, 57438.0, 10413.0, 57471.0, 10405.0, 8013.0, 3796.0, 10082.0, 57232.0, 57392.0, 57369.0, 9160.0, 47914.0, 47928.0, 47930.0, 55714.0, 21261.0, 7051.0, 44281.0, 5908.0, 25232.0, 2558.0, 3001.0, 2600.0, 10522.0, 42262.0, 16587.0, 9395.0, 4450.0, 57099.0, 6682.0, 8756.0, 50001.0, 57395.0, 37536.0, 60008.0, 8111.0, 37784.0, 37800.0, 8899.0, 37224.0, 28275.0, 57306.0, 64336.0, 445.0, 10800.0, 9402.0, 6698.0, 2601.0, 5988.0, 57341.0, 3105.0, 8060.0, 1985.0, 444.0, 4430.0, 666.0, 20443.0, 1400.0, 1443.0, 5443.0, 57104.0, 11443.0, 4443.0, 30080.0, 46144.0, 57380.0, 5050.0, 8090.0, 8808.0, 4343.0, 777.0, 49330.0, 65018.0, 1046.0, 2599.0, 2374.0, 9877.0, 63361.0, 11434.0, 32868.0, 38690.0, 38698.0, 38704.0, 9222.0, 2379.0, 57004.0, 10698.0, 32573.0, 2456.0, 22999.0]"
2025-07-31T19:29:47.000Z,"[5900.0, 8443.0, 57051.0, 57413.0, 9463.0, 6036.0, 57159.0, 7070.0, 57150.0, 22999.0, 57186.0, 57350.0, 12303.0, 6763.0, 1194.0, 5990.0, 2799.0, 57151.0, 57147.0, 57042.0, 1080.0, 23.0, 5908.0, 38658.0, 5903.0, 57300.0, 38670.0, 32573.0, 2456.0, 10698.0, 50000.0, 30223.0, 44758.0, 59871.0, 1900.0, 57122.0, 993.0, 57274.0, 29092.0, 57026.0, 10073.0, 5978.0, 48556.0, 22222.0, 4444.0, 5991.0, 57345.0, 12083.0, 57085.0, 16643.0, 44692.0, 57373.0, 57233.0, 57238.0, 3306.0, 61464.0, 11472.0, 1433.0, 11876.0, 44680.0, 3749.0, 59170.0, 15082.0, 59190.0, 59186.0, 57288.0, 5474.0, 22.0, 40436.0, 24291.0, 10355.0, 45954.0, 7485.0, 21478.0, 4263.0, 6004.0, 3389.0, 5433.0, 26414.0, 13416.0, 57312.0, 8728.0, 57356.0, 43000.0, 57370.0, 13015.0, 57067.0, 54678.0, 62909.0, 14860.0, 89.0, 502.0, 5979.0, 57036.0, 57038.0, 10255.0, 8368.0, 57378.0, 8646.0, 4153.0, 9254.0, 5938.0, 90.0, 57255.0, 12279.0, 57260.0, 57494.0, 9042.0, 57226.0, 57428.0, 7547.0, 88.0, 10418.0, 11133.0, 18246.0, 8547.0, 7443.0, 31337.0, 57489.0, 3000.0, 8315.0, 38318.0, 38324.0, 38328.0, 57076.0, 2720.0, 57355.0, 999.0, 2613.0, 45040.0, 37193.0, 57342.0, 46284.0, 21162.0, 2014.0, 57247.0, 5004.0, 8259.0, 5126.0, 5006.0, 13089.0, 8089.0, 5909.0, 39507.0, 10419.0, 8088.0, 61694.0, 3909.0, 57093.0, 20706.0, 8094.0, 8118.0, 57129.0, 389.0, 57443.0, 57146.0, 57221.0, 57293.0, 57018.0, 57078.0, 8080.0, 7002.0, 51890.0, 51900.0, 57024.0, 57422.0, 57071.0, 57015.0, 3008.0, 9127.0, 51006.0, 57236.0, 9090.0, 57086.0, 17001.0, 17131.0, 5300.0, 57470.0, 8081.0, 10751.0, 5952.0, 57319.0, 57239.0, 57372.0, 9691.0, 57450.0, 6374.0, 5916.0, 7446.0, 57414.0, 21146.0, 8123.0, 1024.0, 2086.0, 6291.0, 2084.0, 17612.0, 15672.0, 57406.0, 2488.0, 57030.0, 2616.0, 57022.0, 57290.0, 2614.0, 57334.0, 52914.0, 2012.0, 57425.0, 57459.0, 55278.0, 55676.0, 57337.0, 13651.0, 55294.0, 55304.0, 39944.0, 1796.0, 57111.0, 9966.0, 2608.0, 63649.0, 587.0, 57411.0, 6683.0, 9348.0, 8092.0, 49176.0, 63571.0, 21923.0, 35125.0, 57027.0, 10415.0, 1491.0, 20256.0, 57028.0, 25059.0, 5555.0, 57167.0, 57203.0, 33389.0, 57143.0, 6378.0, 57466.0, 8181.0, 57526.0, 57286.0, 9832.0, 14330.0, 3162.0, 57448.0, 8888.0, 57322.0, 51922.0, 59434.0, 59450.0, 59464.0, 10416.0, 57304.0, 60001.0, 25815.0, 7756.0, 57416.0, 3386.0, 2611.0, 6443.0, 344.0, 2617.0, 4911.0, 56911.0, 3453.0, 2609.0, 34406.0, 57149.0, 30456.0, 5947.0, 9996.0, 20547.0, 4001.0, 58738.0, 53741.0, 5432.0, 27463.0, 57158.0, 4433.0, 4595.0, 80.0, 7625.0, 51005.0, 2323.0, 57083.0, 32400.0, 9001.0, 10425.0, 33376.0, 23014.0, 4145.0, 1077.0, 57138.0, 143.0, 57271.0, 8983.0, 10838.0, 22022.0, 57216.0, 57003.0, 57441.0, 56464.0, 56480.0, 56496.0, 56504.0, 56520.0, 443.0, 5986.0, 1521.0, 44050.0, nan, 34453.0, 1102.0, 57200.0, 5683.0, 41215.0, 8843.0, 27040.0, 120.0, 40146.0, 34258.0, 57168.0, 555.0, 40337.0, 46052.0, 7890.0, 4782.0, 13477.0, 41838.0, 41822.0, 39890.0, 1224.0, 57295.0, 22217.0, 57137.0, 57407.0, 57481.0, 62685.0, 27594.0, 57172.0, 21365.0, 57005.0, 31954.0, 8291.0, 3702.0, 6499.0, 8084.0, 57127.0, 2024.0, 41466.0, 2610.0, 50684.0, 50686.0, 50702.0, 8602.0, 30001.0, 25.0, 19609.0, 57222.0, 48116.0, 57103.0, 30443.0, 57427.0, 57461.0, 3392.0, 38148.0, 10441.0, 10414.0, 44818.0, 8857.0, 3466.0, 57403.0, 20249.0, 2299.0, 17000.0, 57020.0, 38649.0, 43986.0, 8010.0, 2615.0, 2612.0, 57444.0, 52384.0, 52382.0, 52400.0, 42032.0, 57177.0, 57420.0, 38460.0, 57376.0, 21285.0, 11609.0, 46320.0, 57246.0, 7508.0, 2603.0, 5632.0, 30000.0, 57389.0, 3128.0, 57162.0, 57423.0, 6449.0, 57201.0, 34780.0, 5002.0, 57476.0, 24251.0, 48447.0, 3424.0, 1408.0, 25691.0, 64327.0, 57189.0, 57362.0, 60160.0, 60168.0, 60180.0, 57006.0, 57214.0, 51.0, 3431.0, 12488.0, 9441.0, 6811.0, 57227.0, 1962.0, 9916.0, 2606.0, 9914.0, 5984.0, 5444.0, 7166.0, 6510.0, 9300.0, 57114.0, 57264.0, 2607.0, 42414.0, 42434.0, 42424.0, 20165.0, 12343.0, 2442.0, 57493.0, 56786.0, 57473.0, 51002.0, 57401.0, 57474.0, 57107.0, 57155.0, 57016.0, 58454.0, 10510.0, 8909.0, 3333.0, 10443.0, 6987.0, 6446.0, 5783.0, 41800.0, 1950.0, 2604.0, 32812.0, 32826.0, 32830.0, 57305.0, 9613.0, 57393.0, 8083.0, 9999.0, 42144.0, 57298.0, 9451.0, 57064.0, 13259.0, 9020.0, 33089.0, 57039.0, 57245.0, 9495.0, 2403.0, 57217.0, 24002.0, 57007.0, 3491.0, 50262.0, 50270.0, 9750.0, 22542.0, 51988.0, 7111.0, 57351.0, 57409.0, 6379.0, 57088.0, 57182.0, 8113.0, 40003.0, 54056.0, 1234.0, 57267.0, 12006.0, 10080.0, 61616.0, 50322.0, 57291.0, 57126.0, 33056.0, 8045.0, 47020.0, 9805.0, 60888.0, 60894.0, 17174.0, 60908.0, 60916.0, 57050.0, 43956.0, 43970.0, 2991.0, 9262.0, 8009.0, 51335.0, 19888.0, 3131.0, 10147.0, 57396.0, 465.0, 57480.0, 42291.0, 57335.0, 57059.0, 15265.0, 2909.0, 8215.0, 57254.0, 3395.0, 12527.0, 8880.0, 9443.0, 57479.0, 24660.0, 57031.0, 6740.0, 57386.0, 2381.0, 9099.0, 62960.0, 33956.0, 54781.0, 56610.0, 42170.0, 42174.0, 42182.0, 6820.0, 57244.0, 57399.0, 36977.0, 35584.0, 57280.0, 2605.0, 60157.0, 57135.0, 7078.0, 57259.0, 30511.0, 9223.0, 55808.0, 6882.0, 30955.0, 8488.0, 30444.0, 57154.0, 2602.0, 57301.0, 10410.0, 57454.0, 2598.0, 22760.0, 3120.0, 57193.0, 8000.0, 57242.0, 2566.0, 57500.0, 2527.0, 57496.0, 54606.0, 54608.0, 54614.0, 54620.0, 9000.0, 3052.0, 1414.0, 5060.0, 8334.0, 60243.0, 5106.0, 6370.0, 20623.0, 9917.0, 9990.0, 9631.0, 55443.0, 57087.0, 57011.0, 10411.0, 9642.0, 3331.0, 3343.0, 3344.0, 54470.0, 58174.0, 8282.0, 57198.0, 8086.0, 10604.0, 3334.0, 3341.0, 6194.0, 12171.0, 57327.0, 35178.0, 12751.0, 61989.0, 48756.0, 48772.0, 48784.0, 14986.0, 17385.0, 57429.0, 12387.0, 6834.0, 57108.0, 57134.0, 17304.0, 13260.0, 5431.0, 3339.0, 3050.0, 3332.0, 57485.0, 3337.0, 9051.0, 9092.0, 5414.0, 4000.0, 3340.0, 39950.0, 11211.0, 3335.0, 3346.0, 13395.0, 25933.0, 39960.0, 57266.0, 19133.0, 57001.0, 39956.0, 9117.0, 3329.0, 10307.0, 8040.0, 3338.0, 3330.0, 3327.0, 57467.0, 17128.0, 3326.0, 57491.0, 18888.0, 3345.0, 2222.0, 57047.0, 22377.0, 1427.0, 39291.0, 22000.0, 18085.0, 9060.0, 8050.0, 3336.0, 3342.0, 3347.0, 3328.0, 45346.0, 57497.0, 3415.0, 57206.0, 6126.0, 10412.0, 57439.0, 11654.0, 2375.0, 2697.0, 57056.0, 45262.0, 57218.0, 1230.0, 3378.0, 32778.0, 36214.0, 36220.0, 49826.0, 36204.0, 48158.0, 7777.0, 55818.0, 55832.0, 39243.0, 25746.0, 49338.0, 56790.0, 49350.0, 57048.0, 57385.0, 523.0, 1.0, 57208.0, 12437.0, 8020.0, 57438.0, 10413.0, 57471.0, 10405.0, 8013.0, 3796.0, 49326.0, 10082.0, 57232.0, 9160.0, 57392.0, 47914.0, 47928.0, 47930.0, 55714.0, 57369.0, 21261.0, 7051.0, 44281.0, 25232.0, 2558.0, 2600.0, 3001.0, 10522.0, 42262.0, 16587.0, 9395.0, 4450.0, 57099.0, 6682.0, 8756.0, 57395.0, 37536.0, 60008.0, 8111.0, 37784.0, 37800.0, 8899.0, 37224.0, 28275.0, 57306.0, 64336.0, 445.0, 10800.0, 9402.0, 2601.0, 57341.0, 3105.0, 8060.0, 1985.0, 444.0, 4430.0, 666.0, 20443.0, 1400.0, 1443.0, 5443.0, 57104.0, 11443.0, 4443.0, 30080.0, 46144.0, 57380.0, 5050.0, 8090.0, 8808.0, 4343.0, 777.0, 49330.0, 65018.0, 50001.0, 1106.0, 44381.0]"
2025-07-31T19:30:50.000Z,"[5900.0, 1106.0, 23.0, 44381.0, 5903.0, 57147.0, 1080.0, 57151.0, 1900.0, 5908.0, 8443.0, 12303.0, 6763.0, 1521.0, 62276.0, 57159.0, 57350.0, 9254.0, 9000.0, 57050.0, 57397.0, 5060.0, 22999.0, 57475.0, 10073.0, 57300.0, 57413.0, 2456.0, 57042.0, 57051.0, 9463.0, 6036.0, 7070.0, 57150.0, 57186.0, 1194.0, 5990.0, 2799.0, 38658.0, 38670.0, 32573.0, 50000.0, 30223.0, 44758.0, 59871.0, 57122.0, 993.0, 57274.0, 29092.0, 57026.0, 5978.0, 48556.0, 22222.0, 4444.0, 5991.0, 10698.0, 57345.0, 12083.0, 57085.0, 16643.0, 44692.0, 57233.0, 57238.0, 3306.0, 61464.0, 11472.0, 1433.0, 11876.0, 44680.0, 59170.0, 15082.0, 59190.0, 59186.0, 57288.0, 5474.0, 22.0, 40436.0, 24291.0, 10355.0, 45954.0, 7485.0, 21478.0, 4263.0, 57373.0, 6004.0, 3389.0, 5433.0, 26414.0, 13416.0, 57312.0, 8728.0, 57356.0, 43000.0, 57370.0, 13015.0, 57067.0, 54678.0, 62909.0, 3749.0, 14860.0, 89.0, 502.0, 5979.0, 57036.0, 57038.0, 10255.0, 8368.0, 57378.0, 8646.0, 4153.0, 5938.0, 90.0, 57255.0, 12279.0, 57260.0, 57494.0, 9042.0, 57226.0, 57428.0, 7547.0, 88.0, 10418.0, 11133.0, 8547.0, 7443.0, 31337.0, 18246.0, 57489.0, 3000.0, 8315.0, 38318.0, 38324.0, 38328.0, 57076.0, 2720.0, 57355.0, 2613.0, 45040.0, 37193.0, 57342.0, 46284.0, 21162.0, 2014.0, 57247.0, 5004.0, 8259.0, 5126.0, 5006.0, 13089.0, 8089.0, 5909.0, 39507.0, 10419.0, 8088.0, 61694.0, 3909.0, 57093.0, 20706.0, 8094.0, 8118.0, 57129.0, 389.0, 999.0, 57443.0, 57146.0, 57221.0, 57293.0, 57018.0, 57078.0, 8080.0, 7002.0, 51890.0, 51900.0, 57024.0, 57015.0, 3008.0, 57422.0, 9127.0, 51006.0, 57236.0, 9090.0, 57086.0, 17001.0, 17131.0, 5300.0, 57470.0, 8081.0, 5952.0, 57319.0, 57450.0, 57372.0, 57239.0, 6374.0, 5916.0, 7446.0, 57414.0, 21146.0, 8123.0, 1024.0, 2086.0, 57071.0, 6291.0, 2084.0, 17612.0, 2488.0, 57030.0, 2616.0, 57022.0, 57290.0, 2614.0, 57334.0, 52914.0, 2012.0, 57425.0, 57459.0, 55278.0, 15672.0, 55676.0, 57337.0, 13651.0, 55294.0, 55304.0, 39944.0, 10751.0, 1796.0, 9691.0, 9966.0, 2608.0, 63649.0, 587.0, 57411.0, 6683.0, 9348.0, 8092.0, 49176.0, 63571.0, 21923.0, 35125.0, 57027.0, 57406.0, 10415.0, 1491.0, 57028.0, 25059.0, 5555.0, 57167.0, 57203.0, 33389.0, 57143.0, 6378.0, 57466.0, 8181.0, 57526.0, 57111.0, 57286.0, 9832.0, 14330.0, 3162.0, 57448.0, 8888.0, 57322.0, 51922.0, 59434.0, 59450.0, 59464.0, 10416.0, 57304.0, 20256.0, 60001.0, 25815.0, 7756.0, 57416.0, 3386.0, 2611.0, 6443.0, 344.0, 2617.0, 4911.0, 56911.0, 3453.0, 2609.0, 34406.0, 57149.0, 30456.0, 5947.0, 9996.0, 20547.0, 4001.0, 58738.0, 53741.0, 5432.0, 27463.0, 4433.0, 57158.0, 4595.0, 80.0, 7625.0, 51005.0, 2323.0, 57083.0, 32400.0, 9001.0, 10425.0, 33376.0, 23014.0, 4145.0, 1077.0, 57138.0, 143.0, 57271.0, 8983.0, 10838.0, 22022.0, 57216.0, 57441.0, 56464.0, 56480.0, 56496.0, 56504.0, 56520.0, 443.0, 5986.0, 44050.0, nan, 1102.0, 57200.0, 5683.0, 41215.0, 8843.0, 27040.0, 120.0, 40146.0, 34258.0, 57168.0, 555.0, 57003.0, 40337.0, 46052.0, 7890.0, 4782.0, 13477.0, 41838.0, 41822.0, 39890.0, 1224.0, 57295.0, 22217.0, 34453.0, 57137.0, 57407.0, 57481.0, 62685.0, 27594.0, 57172.0, 21365.0, 57005.0, 31954.0, 8291.0, 3702.0, 6499.0, 8084.0, 2024.0, 41466.0, 57127.0, 2610.0, 50684.0, 50686.0, 50702.0, 8602.0, 30001.0, 25.0, 19609.0, 57222.0, 48116.0, 57103.0, 30443.0, 57427.0, 57461.0, 3392.0, 38148.0, 10441.0, 10414.0, 3466.0, 57403.0, 20249.0, 2299.0, 17000.0, 57020.0, 38649.0, 43986.0, 8010.0, 2615.0, 2612.0, 57444.0, 52384.0, 52382.0, 52400.0, 57177.0, 57420.0, 38460.0, 57376.0, 8857.0, 21285.0, 11609.0, 46320.0, 57246.0, 7508.0, 2603.0, 5632.0, 44818.0, 30000.0, 57162.0, 6449.0, 57423.0, 57201.0, 34780.0, 3128.0, 5002.0, 57476.0, 24251.0, 48447.0, 3424.0, 1408.0, 25691.0, 64327.0, 42032.0, 57362.0, 57189.0, 60160.0, 60168.0, 60180.0, 57006.0, 57214.0, 51.0, 57389.0, 3431.0, 12488.0, 9441.0, 57227.0, 1962.0, 9916.0, 2606.0, 9914.0, 5984.0, 5444.0, 7166.0, 6510.0, 9300.0, 57114.0, 57264.0, 2607.0, 42414.0, 42434.0, 42424.0, 20165.0, 12343.0, 2442.0, 6811.0, 57493.0, 56786.0, 57473.0, 51002.0, 57401.0, 57474.0, 57107.0, 57155.0, 57016.0, 58454.0, 10510.0, 8909.0, 3333.0, 10443.0, 6987.0, 6446.0, 5783.0, 41800.0, 1950.0, 2604.0, 32812.0, 32826.0, 32830.0, 9613.0, 57393.0, 57305.0, 8083.0, 9999.0, 42144.0, 57298.0, 9451.0, 57064.0, 13259.0, 9020.0, 33089.0, 57039.0, 57245.0, 9495.0, 2403.0, 57217.0, 24002.0, 57007.0, 3491.0, 50262.0, 50270.0, 9750.0, 22542.0, 51988.0, 57351.0, 57409.0, 6379.0, 57088.0, 57182.0, 8113.0, 40003.0, 54056.0, 1234.0, 10080.0, 61616.0, 50322.0, 57291.0, 57126.0, 33056.0, 8045.0, 47020.0, 9805.0, 60888.0, 7111.0, 60894.0, 17174.0, 60908.0, 60916.0, 43956.0, 43970.0, 2991.0, 9262.0, 57267.0, 8009.0, 51335.0, 19888.0, 3131.0, 12006.0, 10147.0, 57396.0, 465.0, 57480.0, 42291.0, 57335.0, 57059.0, 15265.0, 2909.0, 12527.0, 8880.0, 9443.0, 57479.0, 24660.0, 57031.0, 6740.0, 57386.0, 2381.0, 9099.0, 62960.0, 33956.0, 54781.0, 56610.0, 42170.0, 42174.0, 57254.0, 42182.0, 6820.0, 8215.0, 3395.0, 57244.0, 57399.0, 36977.0, 35584.0, 57280.0, 2605.0, 60157.0, 57135.0, 7078.0, 57259.0, 30511.0, 9223.0, 55808.0, 6882.0, 30955.0, 8488.0, 30444.0, 57154.0, 2602.0, 57301.0, 10410.0, 57454.0, 2598.0, 22760.0, 57242.0, 2566.0, 57500.0, 2527.0, 57496.0, 54606.0, 54608.0, 54614.0, 54620.0, 3052.0, 1414.0, 8334.0, 60243.0, 5106.0, 6370.0, 20623.0, 9917.0, 9990.0, 3120.0, 57193.0, 8000.0, 9631.0, 55443.0, 57087.0, 57011.0, 10411.0, 9642.0, 3343.0, 3344.0, 54470.0, 58174.0, 8282.0, 57198.0, 8086.0, 10604.0, 3334.0, 3341.0, 6194.0, 12171.0, 57327.0, 35178.0, 12751.0, 61989.0, 48756.0, 48772.0, 48784.0, 14986.0, 17385.0, 57429.0, 12387.0, 57108.0, 57134.0, 17304.0, 13260.0, 5431.0, 3339.0, 3050.0, 3332.0, 57485.0, 3337.0, 9051.0, 9092.0, 5414.0, 3331.0, 4000.0, 11211.0, 3335.0, 3346.0, 13395.0, 39960.0, 57266.0, 19133.0, 39956.0, 9117.0, 57001.0, 3329.0, 10307.0, 8040.0, 3338.0, 3330.0, 3327.0, 57467.0, 17128.0, 3326.0, 57491.0, 18888.0, 3345.0, 2222.0, 6834.0, 22377.0, 57047.0, 1427.0, 39291.0, 22000.0, 18085.0, 9060.0, 8050.0, 3336.0, 3342.0, 3347.0, 3328.0, 3340.0, 39950.0, 25933.0, 45346.0, 57497.0, 3415.0, 57206.0, 6126.0, 10412.0, 57439.0, 11654.0, 2375.0, 2697.0, 57056.0, 45262.0, 57218.0, 1230.0, 3378.0, 32778.0, 36214.0, 36220.0, 49826.0, 36204.0, 48158.0, 7777.0, 55818.0, 55832.0, 39243.0, 25746.0, 57048.0, 57385.0, 523.0, 1.0, 57208.0, 12437.0, 8020.0, 57438.0, 10413.0, 57471.0, 10405.0, 8013.0, 3796.0, 49326.0, 49338.0, 56790.0, 49350.0, 9160.0, 57392.0, 47914.0, 10082.0, 47928.0, 47930.0, 55714.0, 57369.0, 21261.0, 7051.0, 44281.0, 25232.0, 2558.0, 2600.0, 10522.0, 42262.0, 16587.0, 9395.0, 4450.0, 57099.0, 6682.0, 8756.0, 57232.0, 37536.0, 60008.0, 8111.0, 37784.0, 37800.0, 8899.0, 37224.0, 28275.0, 57306.0, 64336.0, 445.0, 10800.0, 9402.0, 3001.0, 22903.0, 52869.0, 911.0, 4081.0, 28443.0, 57284.0]"
2025-07-31T19:31:53.000Z,"[28443.0, 5900.0, 2612.0, 57256.0, 22903.0, 57284.0, 57088.0, 23.0, 62276.0, 4081.0, 1900.0, 22.0, 41580.0, 911.0, 2456.0, 1433.0, 57397.0, 57475.0, 9000.0, 57050.0, 8443.0, 8089.0, 44100.0, 9254.0, 9999.0, 40952.0, 1106.0, 35520.0, 40960.0, 1521.0, 57159.0, 12303.0, 57413.0, 5060.0, 22999.0, 57151.0, 57350.0, 57147.0, 6763.0, 1080.0, 5908.0, 44381.0, 5903.0, 10073.0, 57042.0, 57300.0, 57051.0, 9463.0, 6036.0, 7070.0, 57150.0, 57186.0, 1194.0, 5990.0, 2799.0, 38658.0, 38670.0, 32573.0, 50000.0, 30223.0, 44758.0, 59871.0, 57122.0, 993.0, 57274.0, 29092.0, 57026.0, 5978.0, 48556.0, 22222.0, 4444.0, 5991.0, 10698.0, 12083.0, 57085.0, 57345.0, 16643.0, 44692.0, 57233.0, 57238.0, 3306.0, 61464.0, 11472.0, 11876.0, 44680.0, 57288.0, 5474.0, 15082.0, 40436.0, 24291.0, 10355.0, 45954.0, 7485.0, 21478.0, 4263.0, 57373.0, 6004.0, 3389.0, 26414.0, 13416.0, 57312.0, 8728.0, 57356.0, 43000.0, 57370.0, 13015.0, 57067.0, 54678.0, 62909.0, 3749.0, 14860.0, 89.0, 59170.0, 59190.0, 59186.0, 502.0, 5979.0, 57036.0, 57038.0, 10255.0, 8368.0, 57378.0, 8646.0, 4153.0, 5938.0, 90.0, 5433.0, 57255.0, 12279.0, 57260.0, 57494.0, 9042.0, 57226.0, 7547.0, 88.0, 10418.0, 11133.0, 8547.0, 7443.0, 31337.0, 18246.0, 57489.0, 3000.0, 8315.0, 38318.0, 38324.0, 38328.0, 57076.0, 57428.0, 2720.0, 45040.0, 57355.0, 37193.0, 57342.0, 46284.0, 21162.0, 2014.0, 57247.0, 5004.0, 5126.0, 13089.0, 5909.0, 39507.0, 10419.0, 8088.0, 61694.0, 3909.0, 57093.0, 20706.0, 8094.0, 8118.0, 57129.0, 389.0, 999.0, 2613.0, 57146.0, 57293.0, 57221.0, 57018.0, 57443.0, 57078.0, 8080.0, 7002.0, 51890.0, 5006.0, 51900.0, 8259.0, 57015.0, 3008.0, 57422.0, 9127.0, 51006.0, 57024.0, 57236.0, 9090.0, 57086.0, 17001.0, 17131.0, 5300.0, 57470.0, 8081.0, 57372.0, 57239.0, 6374.0, 57450.0, 57414.0, 21146.0, 8123.0, 1024.0, 2086.0, 57071.0, 6291.0, 2084.0, 17612.0, 2488.0, 57030.0, 2616.0, 57022.0, 57290.0, 2614.0, 57334.0, 52914.0, 2012.0, 57425.0, 57459.0, 55278.0, 15672.0, 55676.0, 57337.0, 13651.0, 55294.0, 55304.0, 39944.0, 57319.0, 10751.0, 1796.0, 5952.0, 9691.0, 5916.0, 7446.0, 63649.0, 587.0, 57411.0, 6683.0, 9348.0, 8092.0, 49176.0, 63571.0, 21923.0, 35125.0, 57027.0, 57406.0, 10415.0, 1491.0, 5555.0, 57167.0, 57203.0, 33389.0, 57143.0, 6378.0, 57466.0, 8181.0, 57526.0, 57111.0, 2608.0, 9966.0, 57286.0, 14330.0, 3162.0, 57448.0, 8888.0, 57322.0, 51922.0, 59434.0, 59450.0, 59464.0, 57028.0, 10416.0, 57304.0, 20256.0, 25059.0, 7756.0, 57416.0, 3386.0, 2611.0, 60001.0, 6443.0, 344.0, 2617.0, 4911.0, 56911.0, 3453.0, 9832.0, 34406.0, 57149.0, 2609.0, 5947.0, 9996.0, 20547.0, 4001.0, 58738.0, 53741.0, 5432.0, 27463.0, 25815.0, 4433.0, 57158.0, 4595.0, 80.0, 7625.0, 51005.0, 2323.0, 57083.0, 32400.0, 9001.0, 10425.0, 33376.0, 23014.0, 4145.0, 1077.0, 30456.0, 57138.0, 143.0, 57271.0, 8983.0, 10838.0, 22022.0, 57216.0, 57441.0, 56464.0, 56480.0, 56496.0, 56504.0, 56520.0, 443.0, 5986.0, 44050.0, nan, 57200.0, 5683.0, 41215.0, 8843.0, 27040.0, 120.0, 40146.0, 34258.0, 57168.0, 555.0, 57003.0, 40337.0, 46052.0, 7890.0, 4782.0, 13477.0, 41838.0, 41822.0, 39890.0, 1224.0, 57295.0, 22217.0, 34453.0, 1102.0, 57481.0, 62685.0, 27594.0, 57172.0, 21365.0, 57005.0, 31954.0, 8291.0, 3702.0, 6499.0, 8084.0, 41466.0, 57127.0, 2610.0, 57137.0, 50684.0, 50686.0, 50702.0, 8602.0, 30001.0, 57407.0, 25.0, 2024.0, 57222.0, 48116.0, 57103.0, 30443.0, 57427.0, 57461.0, 3392.0, 38148.0, 10441.0, 10414.0, 3466.0, 57403.0, 20249.0, 2299.0, 17000.0, 57020.0, 38649.0, 43986.0, 8010.0, 2615.0, 57444.0, 52384.0, 52382.0, 52400.0, 19609.0, 57420.0, 38460.0, 57376.0, 8857.0, 21285.0, 11609.0, 46320.0, 57246.0, 7508.0, 2603.0, 5632.0, 44818.0, 30000.0, 57423.0, 57201.0, 34780.0, 3128.0, 5002.0, 57476.0, 24251.0, 57177.0, 48447.0, 3424.0, 1408.0, 25691.0, 64327.0, 42032.0, 57189.0, 60160.0, 60168.0, 60180.0, 57006.0, 57362.0, 57214.0, 51.0, 57389.0, 3431.0, 12488.0, 9441.0, 57162.0, 6449.0, 57227.0, 1962.0, 9916.0, 2606.0, 9914.0, 5984.0, 5444.0, 7166.0, 9300.0, 6510.0, 57114.0, 57264.0, 2607.0, 42414.0, 42434.0, 42424.0, 20165.0, 12343.0, 2442.0, 6811.0, 56786.0, 57401.0, 57473.0, 57474.0, 57107.0, 57493.0, 57155.0, 57016.0, 58454.0, 10510.0, 8909.0, 3333.0, 51002.0, 6987.0, 6446.0, 5783.0, 41800.0, 1950.0, 2604.0, 32812.0, 32826.0, 32830.0, 57393.0, 57305.0, 8083.0, 42144.0, 57298.0, 9451.0, 57064.0, 13259.0, 9020.0, 33089.0, 9613.0, 10443.0, 9495.0, 57039.0, 2403.0, 57217.0, 24002.0, 57007.0, 3491.0, 50262.0, 50270.0, 9750.0, 22542.0, 51988.0, 57351.0, 57409.0, 6379.0, 57182.0, 8113.0, 57245.0, 40003.0, 54056.0, 1234.0, 61616.0, 50322.0, 57291.0, 57126.0, 33056.0, 8045.0, 47020.0, 9805.0, 60888.0, 7111.0, 60894.0, 17174.0, 60908.0, 60916.0, 43956.0, 43970.0, 2991.0, 9262.0, 57267.0, 8009.0, 51335.0, 19888.0, 3131.0, 12006.0, 10080.0, 57396.0, 465.0, 10147.0, 42291.0, 57335.0, 57059.0, 15265.0, 2909.0, 57480.0, 9443.0, 57479.0, 24660.0, 6740.0, 8880.0, 57386.0, 2381.0, 57031.0, 9099.0, 62960.0, 33956.0, 54781.0, 56610.0, 42170.0, 42174.0, 57254.0, 42182.0, 6820.0, 8215.0, 3395.0, 12527.0, 35584.0, 57280.0, 2605.0, 60157.0, 57399.0, 57135.0, 57244.0, 7078.0, 57259.0, 30511.0, 9223.0, 55808.0, 6882.0, 8488.0, 30444.0, 57154.0, 2602.0, 57301.0, 10410.0, 57454.0, 2598.0, 22760.0, 36977.0, 2566.0, 57242.0, 57500.0, 2527.0, 57496.0, 54606.0, 54608.0, 54614.0, 54620.0, 3052.0, 1414.0, 30955.0, 8334.0, 60243.0, 5106.0, 6370.0, 20623.0, 9917.0, 9990.0, 3120.0, 57193.0, 8000.0, 57087.0, 57011.0, 10411.0, 9642.0, 58174.0, 8282.0, 57198.0, 8086.0, 10604.0, 9631.0, 3334.0, 3341.0, 6194.0, 12171.0, 57327.0, 35178.0, 12751.0, 61989.0, 48756.0, 48772.0, 48784.0, 14986.0, 17385.0, 55443.0, 57108.0, 12387.0, 57429.0, 57134.0, 17304.0, 13260.0, 5431.0, 3339.0, 3050.0, 3332.0, 57485.0, 3337.0, 9051.0, 9092.0, 5414.0, 3331.0, 3343.0, 3344.0, 54470.0, 3335.0, 3346.0, 13395.0, 4000.0, 57266.0, 19133.0, 11211.0, 9117.0, 57001.0, 3329.0, 10307.0, 8040.0, 3338.0, 3330.0, 3327.0, 57467.0, 17128.0, 3326.0, 57491.0, 18888.0, 3345.0, 2222.0, 6834.0, 57047.0, 1427.0, 39291.0, 22000.0, 18085.0, 9060.0, 8050.0, 3336.0, 3342.0, 3347.0, 3328.0, 3340.0, 39950.0, 25933.0, 39960.0, 39956.0, 57497.0, 3415.0, 57206.0, 6126.0, 10412.0, 57439.0, 11654.0, 2375.0, 2697.0, 22377.0, 45262.0, 57056.0, 57218.0, 1230.0, 3378.0, 32778.0, 36214.0, 36220.0, 49826.0, 36204.0, 48158.0, 7777.0, 55818.0, 55832.0, 39243.0, 25746.0, 45346.0, 57048.0, 57385.0, 523.0, 1.0, 57208.0, 12437.0, 8020.0, 57438.0, 10413.0, 10405.0, 8013.0, 3796.0, 57471.0, 49326.0, 49338.0, 56790.0, 49350.0, 47914.0, 10082.0, 47928.0, 47930.0, 57392.0, 55714.0, 57369.0, 21261.0, 7051.0, 44281.0, 25232.0, 2558.0, 10522.0, 42262.0, 16587.0, 9395.0, 4450.0, 57099.0, 6682.0, 8756.0, 57232.0, 9160.0, 18640.0, 52869.0, 8887.0]"
2025-07-31T19:32:56.274Z,"[5900.0, 2612.0, 4081.0, 5901.0, 57088.0, 8887.0, 57256.0, 57341.0, 2086.0, 9999.0, 23.0, 8009.0, 57284.0, 22.0, 2615.0, 1433.0, 52869.0, 5432.0, 28443.0, 62276.0, 1900.0, 22903.0, 2456.0, 57397.0, 57475.0, 9000.0, 57050.0, 8443.0, 8089.0, 44100.0, 9254.0, 40952.0, 1106.0, 35520.0, 40960.0, 1521.0, 41580.0, 911.0, 57159.0, 12303.0, 57413.0, 5060.0, 22999.0, 57151.0, 57350.0, 57147.0, 6763.0, 1080.0, 5908.0, 44381.0, 5903.0, 57042.0, 10073.0, 57300.0, 57051.0, 9463.0, 6036.0, 7070.0, 57150.0, 57186.0, 1194.0, 5990.0, 2799.0, 38658.0, 38670.0, 32573.0, 30223.0, 44758.0, 59871.0, 57122.0, 993.0, 57274.0, 29092.0, 57026.0, 5978.0, 48556.0, 22222.0, 4444.0, 5991.0, 10698.0, 50000.0, 57085.0, 12083.0, 57345.0, 16643.0, 44692.0, 57233.0, 3306.0, 61464.0, 11472.0, 57238.0, 11876.0, 44680.0, 5474.0, 15082.0, 24291.0, 10355.0, 45954.0, 7485.0, 21478.0, 4263.0, 57373.0, 6004.0, 3389.0, 13416.0, 57312.0, 8728.0, 57356.0, 43000.0, 57370.0, 13015.0, 57067.0, 54678.0, 62909.0, 3749.0, 14860.0, 57288.0, 89.0, 59170.0, 59190.0, 59186.0, 40436.0, 502.0, 5979.0, 57036.0, 57038.0, 10255.0, 8368.0, 57378.0, 8646.0, 4153.0, 5938.0, 90.0, 5433.0, 26414.0, 57255.0, 12279.0, 57260.0, 57494.0, 9042.0, 7547.0, 88.0, 57226.0, 10418.0, 11133.0, 18246.0, 57489.0, 3000.0, 8315.0, 38318.0, 38324.0, 31337.0, 38328.0, 57076.0, 57428.0, 2720.0, 57355.0, 37193.0, 8547.0, 57342.0, 46284.0, 21162.0, 2014.0, 57247.0, 5004.0, 7443.0, 13089.0, 5909.0, 39507.0, 10419.0, 8088.0, 61694.0, 3909.0, 57093.0, 20706.0, 8094.0, 8118.0, 57129.0, 389.0, 999.0, 2613.0, 45040.0, 57221.0, 57018.0, 57443.0, 57293.0, 57078.0, 8080.0, 7002.0, 51890.0, 5006.0, 51900.0, 8259.0, 5126.0, 57422.0, 9127.0, 51006.0, 57024.0, 57236.0, 9090.0, 57086.0, 17001.0, 17131.0, 5300.0, 57470.0, 8081.0, 57146.0, 57239.0, 6374.0, 57414.0, 57450.0, 57372.0, 21146.0, 8123.0, 1024.0, 57015.0, 57071.0, 6291.0, 2084.0, 17612.0, 3008.0, 57030.0, 2616.0, 57022.0, 57290.0, 2614.0, 57334.0, 52914.0, 2012.0, 57425.0, 57459.0, 55278.0, 15672.0, 55676.0, 57337.0, 13651.0, 55294.0, 55304.0, 39944.0, 57319.0, 10751.0, 1796.0, 5952.0, 9691.0, 5916.0, 7446.0, 587.0, 57411.0, 63649.0, 6683.0, 9348.0, 8092.0, 49176.0, 63571.0, 21923.0, 35125.0, 57027.0, 57406.0, 10415.0, 1491.0, 2488.0, 57167.0, 57203.0, 33389.0, 57143.0, 6378.0, 57466.0, 8181.0, 57526.0, 57111.0, 2608.0, 9966.0, 57286.0, 57448.0, 8888.0, 14330.0, 57322.0, 51922.0, 59434.0, 59450.0, 59464.0, 57028.0, 10416.0, 57304.0, 20256.0, 25059.0, 5555.0, 57416.0, 3386.0, 2611.0, 60001.0, 6443.0, 344.0, 2617.0, 4911.0, 56911.0, 3453.0, 9832.0, 3162.0, 2609.0, 5947.0, 9996.0, 20547.0, 4001.0, 58738.0, 53741.0, 27463.0, 25815.0, 7756.0, 4433.0, 4595.0, 80.0, 7625.0, 51005.0, 2323.0, 57083.0, 32400.0, 9001.0, 10425.0, 57149.0, 33376.0, 23014.0, 4145.0, 1077.0, 34406.0, 30456.0, 143.0, 57138.0, 57271.0, 8983.0, 10838.0, 22022.0, 57216.0, 57158.0, 57441.0, 56464.0, 56480.0, 56496.0, 56504.0, 56520.0, 443.0, 5986.0, 44050.0, nan, 5683.0, 41215.0, 57200.0, 8843.0, 27040.0, 120.0, 40146.0, 34258.0, 57168.0, 555.0, 57003.0, 7890.0, 4782.0, 13477.0, 41838.0, 41822.0, 39890.0, 1224.0, 57295.0, 22217.0, 34453.0, 1102.0, 57481.0, 62685.0, 27594.0, 57172.0, 21365.0, 57005.0, 31954.0, 8291.0, 3702.0, 6499.0, 8084.0, 40337.0, 46052.0, 57127.0, 41466.0, 2610.0, 57137.0, 50684.0, 50686.0, 50702.0, 8602.0, 30001.0, 57407.0, 25.0, 57222.0, 48116.0, 57103.0, 30443.0, 57427.0, 57461.0, 3392.0, 38148.0, 10441.0, 10414.0, 2024.0, 57403.0, 20249.0, 2299.0, 17000.0, 57020.0, 38649.0, 43986.0, 8010.0, 57444.0, 52384.0, 52382.0, 52400.0, 19609.0, 57420.0, 57376.0, 8857.0, 21285.0, 11609.0, 46320.0, 57246.0, 7508.0, 2603.0, 5632.0, 44818.0, 30000.0, 3466.0, 57201.0, 57423.0, 34780.0, 3128.0, 5002.0, 57476.0, 24251.0, 57177.0, 48447.0, 3424.0, 1408.0, 25691.0, 64327.0, 42032.0, 38460.0, 57189.0, 60160.0, 60168.0, 60180.0, 57006.0, 57362.0, 57214.0, 51.0, 57389.0, 3431.0, 12488.0, 9441.0, 57162.0, 6449.0, 57227.0, 9916.0, 2606.0, 9914.0, 5984.0, 5444.0, 7166.0, 9300.0, 6510.0, 57114.0, 57264.0, 2607.0, 42414.0, 42434.0, 42424.0, 20165.0, 12343.0, 2442.0, 1962.0, 6811.0, 57473.0, 57474.0, 57401.0, 57107.0, 57493.0, 57155.0, 57016.0, 58454.0, 10510.0, 8909.0, 3333.0, 51002.0, 6987.0, 6446.0, 5783.0, 41800.0, 1950.0, 2604.0, 32812.0, 32826.0, 32830.0, 56786.0, 57305.0, 8083.0, 42144.0, 57298.0, 9451.0, 57064.0, 13259.0, 9020.0, 33089.0, 9613.0, 10443.0, 57039.0, 2403.0, 57217.0, 24002.0, 57007.0, 3491.0, 57393.0, 50262.0, 50270.0, 9750.0, 22542.0, 51988.0, 57409.0, 57351.0, 6379.0, 57182.0, 8113.0, 57245.0, 40003.0, 54056.0, 1234.0, 9495.0, 50322.0, 57291.0, 61616.0, 57126.0, 33056.0, 8045.0, 47020.0, 9805.0, 60888.0, 7111.0, 60894.0, 17174.0, 60908.0, 60916.0, 2991.0, 9262.0, 57267.0, 51335.0, 19888.0, 3131.0, 12006.0, 10080.0, 42291.0, 10147.0, 57335.0, 57059.0, 15265.0, 2909.0, 465.0, 57480.0, 43956.0, 43970.0, 9443.0, 57479.0, 24660.0, 57396.0, 6740.0, 57386.0, 2381.0, 57031.0, 9099.0, 62960.0, 33956.0, 54781.0, 56610.0, 42170.0, 42174.0, 57254.0, 42182.0, 6820.0, 8215.0, 3395.0, 12527.0, 8880.0, 35584.0, 57280.0, 60157.0, 57399.0, 57135.0, 57244.0, 7078.0, 57259.0, 30511.0, 9223.0, 55808.0, 6882.0, 8488.0, 30444.0, 57154.0, 2602.0, 57301.0, 10410.0, 57454.0, 2598.0, 22760.0, 36977.0, 2605.0, 2566.0, 57242.0, 57500.0, 2527.0, 57496.0, 54606.0, 54608.0, 54614.0, 54620.0, 3052.0, 1414.0, 30955.0, 60243.0, 5106.0, 6370.0, 20623.0, 9917.0, 9990.0, 3120.0, 57193.0, 8000.0, 57087.0, 57011.0, 10411.0, 9642.0, 8334.0, 8282.0, 57198.0, 8086.0, 10604.0, 9631.0, 3334.0, 3341.0, 6194.0, 12171.0, 57327.0, 35178.0, 12751.0, 61989.0, 48756.0, 48772.0, 48784.0, 14986.0, 17385.0, 55443.0, 57429.0, 57134.0, 57108.0, 17304.0, 13260.0, 5431.0, 12387.0, 3339.0, 3050.0, 3332.0, 57485.0, 3337.0, 9051.0, 9092.0, 5414.0, 3331.0, 3343.0, 3344.0, 54470.0, 58174.0, 9117.0, 57266.0, 3329.0, 57001.0, 10307.0, 4000.0, 8040.0, 3338.0, 3330.0, 3327.0, 57467.0, 17128.0, 3326.0, 57491.0, 18888.0, 3345.0, 2222.0, 6834.0, 57047.0, 1427.0, 39291.0, 22000.0, 18085.0, 9060.0, 8050.0, 3336.0, 3342.0, 3347.0, 11211.0, 3328.0, 3340.0, 39950.0, 3335.0, 3346.0, 13395.0, 25933.0, 39960.0, 19133.0, 39956.0, 57497.0, 3415.0, 57206.0, 6126.0, 10412.0, 57439.0, 11654.0, 2375.0, 2697.0, 22377.0, 57056.0, 1230.0, 3378.0, 32778.0, 36214.0, 36220.0, 49826.0, 36204.0, 48158.0, 7777.0, 55818.0, 55832.0, 39243.0, 25746.0, 45346.0, 523.0, 57208.0, 12437.0, 8020.0, 57438.0, 57218.0, 10413.0, 45262.0, 8013.0, 3796.0, 57471.0, 57385.0, 57048.0, 49326.0, 49338.0, 56790.0, 49350.0, 1.0, 47914.0, 10082.0, 47928.0, 47930.0, 57392.0, 55714.0, 57369.0, 21261.0, 7051.0, 44281.0, 25232.0, 2558.0, 10405.0, 18640.0, 27017.0, 9002.0, 28.0, 5441.0]"
2025-07-31T19:33:59.000Z,"[57115.0, 5900.0, 5901.0, 8443.0, 8887.0, 1080.0, 28.0, 57341.0, 12528.0, 57219.0, 5432.0, 5441.0, 57256.0, 57088.0, 443.0, 51674.0, 18640.0, 51688.0, 2615.0, 8009.0, 28443.0, 22.0, 55572.0, 9002.0, 27017.0, 55378.0, 2086.0, 57284.0, 23.0, 9999.0, 4081.0, 2612.0, 1433.0, 62276.0, 1900.0, 22903.0, 52869.0, 57397.0, 57475.0, 9000.0, 2456.0, 57050.0, 8089.0, 44100.0, 9254.0, 40952.0, 1106.0, 35520.0, 40960.0, 1521.0, 41580.0, 911.0, 57159.0, 12303.0, 57413.0, 5060.0, 22999.0, 57151.0, 57350.0, 57147.0, 6763.0, 5908.0, 44381.0, 5903.0, 57042.0, 10073.0, 57300.0, 57051.0, 9463.0, 6036.0, 7070.0, 57150.0, 57186.0, 1194.0, 5990.0, 2799.0, 38658.0, 38670.0, 32573.0, 30223.0, 44758.0, 59871.0, 57122.0, 993.0, 57274.0, 29092.0, 57026.0, 5978.0, 48556.0, 22222.0, 4444.0, 5991.0, 10698.0, 50000.0, 16643.0, 57345.0, 44692.0, 12083.0, 57085.0, 57233.0, 3306.0, 61464.0, 11472.0, 57238.0, 11876.0, 44680.0, 24291.0, 10355.0, 45954.0, 7485.0, 21478.0, 4263.0, 57373.0, 6004.0, 3389.0, 13416.0, 8728.0, 57356.0, 43000.0, 57370.0, 13015.0, 57067.0, 54678.0, 62909.0, 3749.0, 14860.0, 57288.0, 89.0, 59170.0, 15082.0, 59190.0, 59186.0, 5474.0, 40436.0, 5979.0, 57036.0, 57038.0, 10255.0, 8368.0, 57378.0, 8646.0, 57312.0, 4153.0, 5938.0, 90.0, 5433.0, 26414.0, 57255.0, 12279.0, 57260.0, 57494.0, 9042.0, 502.0, 57226.0, 10418.0, 11133.0, 18246.0, 57489.0, 3000.0, 8315.0, 38318.0, 38324.0, 31337.0, 38328.0, 57076.0, 57428.0, 2720.0, 7547.0, 88.0, 57355.0, 37193.0, 8547.0, 57342.0, 46284.0, 21162.0, 2014.0, 57247.0, 5004.0, 7443.0, 13089.0, 5909.0, 39507.0, 10419.0, 8088.0, 61694.0, 3909.0, 57093.0, 20706.0, 8094.0, 8118.0, 57129.0, 389.0, 999.0, 2613.0, 45040.0, 57018.0, 57443.0, 57293.0, 57078.0, 8080.0, 7002.0, 51890.0, 5006.0, 51900.0, 8259.0, 5126.0, 51006.0, 57024.0, 57236.0, 9090.0, 57086.0, 17001.0, 17131.0, 5300.0, 57470.0, 8081.0, 57221.0, 57146.0, 57414.0, 57239.0, 57450.0, 57372.0, 21146.0, 8123.0, 1024.0, 57015.0, 57071.0, 6291.0, 2084.0, 17612.0, 57422.0, 3008.0, 9127.0, 57290.0, 57022.0, 2614.0, 2616.0, 57334.0, 52914.0, 2012.0, 57425.0, 57459.0, 55278.0, 15672.0, 55676.0, 57337.0, 13651.0, 55294.0, 55304.0, 39944.0, 57319.0, 10751.0, 1796.0, 5952.0, 9691.0, 6374.0, 5916.0, 7446.0, 63649.0, 57411.0, 6683.0, 9348.0, 8092.0, 49176.0, 63571.0, 21923.0, 35125.0, 57027.0, 57406.0, 10415.0, 57030.0, 1491.0, 2488.0, 57167.0, 57203.0, 33389.0, 57143.0, 6378.0, 57466.0, 8181.0, 57526.0, 57111.0, 2608.0, 9966.0, 587.0, 8888.0, 57286.0, 14330.0, 57322.0, 51922.0, 59434.0, 59450.0, 59464.0, 57028.0, 10416.0, 57304.0, 20256.0, 25059.0, 5555.0, 57416.0, 3386.0, 2611.0, 60001.0, 6443.0, 344.0, 2617.0, 4911.0, 56911.0, 57448.0, 3453.0, 9832.0, 3162.0, 9996.0, 20547.0, 4001.0, 58738.0, 53741.0, 27463.0, 25815.0, 7756.0, 7625.0, 51005.0, 2323.0, 57083.0, 32400.0, 9001.0, 10425.0, 57149.0, 33376.0, 23014.0, 4145.0, 1077.0, 2609.0, 34406.0, 30456.0, 5947.0, 80.0, 57271.0, 8983.0, 57138.0, 10838.0, 22022.0, 57216.0, 57158.0, 4433.0, 4595.0, 57441.0, 56464.0, 56480.0, 56496.0, 56504.0, 56520.0, 5986.0, 44050.0, nan, 143.0, 5683.0, 41215.0, 57200.0, 8843.0, 27040.0, 120.0, 40146.0, 34258.0, 57168.0, 555.0, 57003.0, 7890.0, 4782.0, 13477.0, 41838.0, 41822.0, 39890.0, 1224.0, 57295.0, 22217.0, 34453.0, 1102.0, 57481.0, 62685.0, 27594.0, 57172.0, 21365.0, 57005.0, 31954.0, 8291.0, 3702.0, 6499.0, 8084.0, 40337.0, 46052.0, 41466.0, 2610.0, 57137.0, 50684.0, 50686.0, 50702.0, 8602.0, 30001.0, 57407.0, 25.0, 48116.0, 57103.0, 30443.0, 57427.0, 57461.0, 3392.0, 38148.0, 10441.0, 10414.0, 57127.0, 2024.0, 20249.0, 17000.0, 57020.0, 38649.0, 57403.0, 43986.0, 8010.0, 57444.0, 52384.0, 52382.0, 52400.0, 19609.0, 57222.0, 57376.0, 8857.0, 2299.0, 21285.0, 11609.0, 57420.0, 46320.0, 57246.0, 7508.0, 2603.0, 5632.0, 44818.0, 30000.0, 3466.0, 57201.0, 34780.0, 3128.0, 5002.0, 57476.0, 24251.0, 57177.0, 48447.0, 57423.0, 3424.0, 1408.0, 25691.0, 64327.0, 42032.0, 38460.0, 60160.0, 60168.0, 60180.0, 57006.0, 57362.0, 57214.0, 51.0, 57389.0, 3431.0, 12488.0, 9441.0, 57162.0, 6449.0, 9916.0, 2606.0, 57227.0, 9914.0, 5984.0, 5444.0, 7166.0, 57189.0, 9300.0, 57114.0, 57264.0, 2607.0, 42414.0, 42434.0, 42424.0, 20165.0, 6510.0, 12343.0, 2442.0, 1962.0, 6811.0, 57473.0, 57107.0, 57493.0, 57401.0, 57155.0, 57016.0, 58454.0, 10510.0, 8909.0, 3333.0, 51002.0, 6987.0, 6446.0, 5783.0, 41800.0, 1950.0, 2604.0, 32812.0, 32826.0, 32830.0, 57474.0, 56786.0, 57305.0, 42144.0, 57298.0, 9451.0, 57064.0, 13259.0, 9020.0, 33089.0, 9613.0, 10443.0, 57039.0, 2403.0, 57217.0, 24002.0, 57007.0, 3491.0, 57393.0, 50262.0, 50270.0, 9750.0, 22542.0, 51988.0, 8083.0, 57409.0, 57351.0, 6379.0, 57182.0, 8113.0, 57245.0, 40003.0, 54056.0, 1234.0, 9495.0, 61616.0, 57291.0, 57126.0, 33056.0, 8045.0, 47020.0, 9805.0, 60888.0, 7111.0, 60894.0, 17174.0, 60908.0, 60916.0, 9262.0, 57267.0, 51335.0, 19888.0, 3131.0, 12006.0, 10080.0, 50322.0, 57059.0, 15265.0, 2909.0, 57335.0, 465.0, 57480.0, 43956.0, 43970.0, 2991.0, 9443.0, 57479.0, 24660.0, 57396.0, 10147.0, 42291.0, 2381.0, 6740.0, 57031.0, 9099.0, 62960.0, 33956.0, 54781.0, 56610.0, 42170.0, 42174.0, 57254.0, 42182.0, 6820.0, 8215.0, 3395.0, 12527.0, 8880.0, 57399.0, 57135.0, 57244.0, 7078.0, 57259.0, 30511.0, 9223.0, 55808.0, 6882.0, 57386.0, 30444.0, 57154.0, 2602.0, 57301.0, 10410.0, 57454.0, 2598.0, 22760.0, 57280.0, 36977.0, 35584.0, 2605.0, 60157.0, 2566.0, 57242.0, 2527.0, 57500.0, 57496.0, 54606.0, 54608.0, 54614.0, 54620.0, 3052.0, 1414.0, 30955.0, 8488.0, 60243.0, 5106.0, 6370.0, 20623.0, 9917.0, 9990.0, 3120.0, 57193.0, 8000.0, 57087.0, 57011.0, 10411.0, 9642.0, 8334.0, 8282.0, 57198.0, 8086.0, 10604.0, 9631.0, 3334.0, 3341.0, 6194.0, 12171.0, 57327.0, 35178.0, 12751.0, 61989.0, 48756.0, 48772.0, 48784.0, 14986.0, 17385.0, 55443.0, 57108.0, 57429.0, 57134.0, 13260.0, 5431.0, 12387.0, 3339.0, 3050.0, 3332.0, 57485.0, 3337.0, 9051.0, 9092.0, 5414.0, 3331.0, 3343.0, 3344.0, 54470.0, 58174.0, 57001.0, 10307.0, 4000.0, 8040.0, 3338.0, 3330.0, 3327.0, 57266.0, 57467.0, 17128.0, 3326.0, 57491.0, 18888.0, 3345.0, 2222.0, 6834.0, 17304.0, 9117.0, 57047.0, 39291.0, 22000.0, 18085.0, 9060.0, 8050.0, 3336.0, 3342.0, 3347.0, 11211.0, 3328.0, 3340.0, 39950.0, 3335.0, 3346.0, 13395.0, 25933.0, 39960.0, 19133.0, 39956.0, 3329.0, 57497.0, 3415.0, 57206.0, 1427.0, 6126.0, 10412.0, 57439.0, 11654.0, 2375.0, 2697.0, 22377.0, 1230.0, 3378.0, 57056.0, 32778.0, 36214.0, 36220.0, 49826.0, 36204.0, 48158.0, 7777.0, 55818.0, 55832.0, 39243.0, 25746.0, 45346.0, 57208.0, 12437.0, 8020.0, 57438.0, 57218.0, 10413.0, 45262.0, 8013.0, 3796.0, 57471.0, 57385.0, 57048.0, 49326.0, 49338.0, 56790.0, 49350.0, 523.0, 1.0, 2243.0, 31907.0, 30754.0, 29161.0, 8008.0, 2626.0, 2623.0, 2618.0, 2622.0, 2619.0, 2620.0, 2624.0, 2627.0, 2621.0, 2625.0]"
2025-07-31T19:35:02.000Z,"[57115.0, 5900.0, 57219.0, 45776.0, 45768.0, 2621.0, 45756.0, 2625.0, 2624.0, 57118.0, 57236.0, 1080.0, 2620.0, 2243.0, 12528.0, 3500.0, 2619.0, 2627.0, 2622.0, 5910.0, 2618.0, 31907.0, 30754.0, 2623.0, 8008.0, 9002.0, 2626.0, 8443.0, 57116.0, 29161.0, 8888.0, 2086.0, 5432.0, 5441.0, 57341.0, 28.0, 8887.0, 5901.0, 57088.0, 443.0, 51674.0, 18640.0, 51688.0, 2615.0, 8009.0, 28443.0, 22.0, 55572.0, 27017.0, 55378.0, 57256.0, 57284.0, 23.0, 9999.0, 4081.0, 2612.0, 1433.0, 62276.0, 1900.0, 22903.0, 52869.0, 57397.0, 57475.0, 9000.0, 2456.0, 57050.0, 8089.0, 44100.0, 9254.0, 40952.0, 1106.0, 35520.0, 40960.0, 1521.0, 41580.0, 911.0, 57159.0, 12303.0, 57413.0, 5060.0, 22999.0, 57151.0, 57350.0, 57147.0, 6763.0, 5908.0, 44381.0, 5903.0, 57042.0, 10073.0, 57300.0, 57051.0, 57150.0, 57186.0, 6036.0, 1194.0, 5990.0, 2799.0, 38658.0, 38670.0, 32573.0, 9463.0, 7070.0, 30223.0, 44758.0, 59871.0, 57122.0, 993.0, 57274.0, 29092.0, 57026.0, 5978.0, 48556.0, 22222.0, 4444.0, 5991.0, 10698.0, 50000.0, 16643.0, 57345.0, 44692.0, 12083.0, 57085.0, 3306.0, 61464.0, 11472.0, 57238.0, 11876.0, 44680.0, 10355.0, 45954.0, 7485.0, 21478.0, 4263.0, 57233.0, 57373.0, 6004.0, 3389.0, 8728.0, 57356.0, 43000.0, 57370.0, 13015.0, 57067.0, 54678.0, 62909.0, 3749.0, 14860.0, 57288.0, 89.0, 59170.0, 15082.0, 59190.0, 59186.0, 5474.0, 40436.0, 24291.0, 5979.0, 57036.0, 57038.0, 10255.0, 8368.0, 57378.0, 8646.0, 57312.0, 4153.0, 5938.0, 90.0, 5433.0, 26414.0, 13416.0, 57255.0, 12279.0, 57260.0, 57494.0, 9042.0, 502.0, 57226.0, 10418.0, 11133.0, 18246.0, 57489.0, 3000.0, 8315.0, 38318.0, 38324.0, 31337.0, 38328.0, 57076.0, 57428.0, 2720.0, 7547.0, 88.0, 37193.0, 8547.0, 57342.0, 57355.0, 46284.0, 21162.0, 2014.0, 57247.0, 5004.0, 7443.0, 13089.0, 5909.0, 39507.0, 10419.0, 8088.0, 61694.0, 3909.0, 57093.0, 20706.0, 8094.0, 8118.0, 57129.0, 389.0, 999.0, 2613.0, 45040.0, 57443.0, 57293.0, 57018.0, 57078.0, 8080.0, 7002.0, 51890.0, 5006.0, 51900.0, 8259.0, 5126.0, 9090.0, 57086.0, 17001.0, 17131.0, 5300.0, 57470.0, 8081.0, 57221.0, 57146.0, 57414.0, 21146.0, 8123.0, 1024.0, 57015.0, 57071.0, 6291.0, 2084.0, 57024.0, 17612.0, 57422.0, 3008.0, 9127.0, 51006.0, 57022.0, 2614.0, 2012.0, 57425.0, 57459.0, 55278.0, 15672.0, 55676.0, 57337.0, 13651.0, 55294.0, 55304.0, 39944.0, 57319.0, 10751.0, 1796.0, 5952.0, 57239.0, 57372.0, 9691.0, 57450.0, 6374.0, 5916.0, 7446.0, 63649.0, 57411.0, 6683.0, 9348.0, 8092.0, 49176.0, 63571.0, 21923.0, 35125.0, 57027.0, 57406.0, 10415.0, 57290.0, 57334.0, 57030.0, 1491.0, 2488.0, 2616.0, 52914.0, 57203.0, 57167.0, 33389.0, 57143.0, 6378.0, 57466.0, 8181.0, 57526.0, 57111.0, 2608.0, 9966.0, 587.0, 57286.0, 14330.0, 57322.0, 51922.0, 59434.0, 59450.0, 59464.0, 57028.0, 10416.0, 57304.0, 20256.0, 25059.0, 5555.0, 57416.0, 3386.0, 2611.0, 60001.0, 6443.0, 344.0, 2617.0, 4911.0, 56911.0, 57448.0, 3453.0, 9832.0, 3162.0, 9996.0, 20547.0, 4001.0, 58738.0, 53741.0, 27463.0, 25815.0, 7756.0, 7625.0, 57083.0, 32400.0, 9001.0, 10425.0, 57149.0, 33376.0, 23014.0, 4145.0, 1077.0, 2609.0, 34406.0, 30456.0, 5947.0, 80.0, 57271.0, 8983.0, 57138.0, 10838.0, 22022.0, 57216.0, 57158.0, 4433.0, 4595.0, 51005.0, 2323.0, 57441.0, 56480.0, 56496.0, 56504.0, 56520.0, 5986.0, 44050.0, nan, 143.0, 41215.0, 57200.0, 8843.0, 27040.0, 120.0, 5683.0, 40146.0, 34258.0, 57168.0, 555.0, 57003.0, 56464.0, 4782.0, 13477.0, 41838.0, 41822.0, 39890.0, 1224.0, 57295.0, 22217.0, 34453.0, 1102.0, 57481.0, 62685.0, 27594.0, 57172.0, 21365.0, 57005.0, 31954.0, 8291.0, 3702.0, 6499.0, 8084.0, 40337.0, 46052.0, 7890.0, 41466.0, 2610.0, 57137.0, 50684.0, 50686.0, 50702.0, 8602.0, 30001.0, 57407.0, 25.0, 48116.0, 57103.0, 30443.0, 57427.0, 57461.0, 3392.0, 38148.0, 10441.0, 10414.0, 57127.0, 2024.0, 17000.0, 57020.0, 38649.0, 57403.0, 43986.0, 8010.0, 57444.0, 52384.0, 52382.0, 52400.0, 19609.0, 57222.0, 8857.0, 2299.0, 21285.0, 11609.0, 57420.0, 46320.0, 57246.0, 7508.0, 2603.0, 5632.0, 44818.0, 30000.0, 3466.0, 20249.0, 34780.0, 57201.0, 3128.0, 5002.0, 57476.0, 24251.0, 57177.0, 48447.0, 57423.0, 57376.0, 3424.0, 1408.0, 25691.0, 64327.0, 42032.0, 38460.0, 60180.0, 57006.0, 57362.0, 57214.0, 51.0, 57389.0, 3431.0, 12488.0, 9441.0, 57162.0, 6449.0, 9916.0, 2606.0, 57227.0, 9914.0, 5984.0, 5444.0, 7166.0, 57189.0, 60160.0, 60168.0, 9300.0, 57114.0, 57264.0, 2607.0, 42414.0, 42434.0, 42424.0, 20165.0, 6510.0, 12343.0, 2442.0, 1962.0, 6811.0, 57107.0, 57493.0, 57401.0, 57155.0, 57473.0, 57016.0, 58454.0, 10510.0, 8909.0, 3333.0, 51002.0, 6987.0, 6446.0, 5783.0, 41800.0, 1950.0, 2604.0, 32812.0, 32826.0, 32830.0, 57474.0, 56786.0, 57305.0, 42144.0, 57298.0, 9451.0, 57064.0, 13259.0, 9020.0, 33089.0, 9613.0, 10443.0, 57039.0, 57217.0, 24002.0, 57007.0, 3491.0, 57393.0, 2403.0, 50262.0, 50270.0, 9750.0, 22542.0, 51988.0, 8083.0, 57409.0, 57351.0, 6379.0, 57182.0, 8113.0, 57245.0, 40003.0, 54056.0, 1234.0, 9495.0, 57291.0, 57126.0, 61616.0, 33056.0, 8045.0, 47020.0, 9805.0, 60888.0, 7111.0, 60894.0, 17174.0, 60908.0, 60916.0, 9262.0, 57267.0, 51335.0, 19888.0, 3131.0, 12006.0, 10080.0, 50322.0, 15265.0, 465.0, 57059.0, 57480.0, 57335.0, 43956.0, 43970.0, 2991.0, 9443.0, 57479.0, 24660.0, 57396.0, 10147.0, 42291.0, 2909.0, 9099.0, 57031.0, 62960.0, 33956.0, 54781.0, 56610.0, 42170.0, 42174.0, 57254.0, 42182.0, 6820.0, 8215.0, 3395.0, 12527.0, 8880.0, 57399.0, 57135.0, 57244.0, 7078.0, 57259.0, 30511.0, 9223.0, 55808.0, 6882.0, 57386.0, 6740.0, 2381.0, 57154.0, 2602.0, 57301.0, 10410.0, 57454.0, 2598.0, 22760.0, 57280.0, 36977.0, 35584.0, 2605.0, 60157.0, 30444.0, 2566.0, 2527.0, 57500.0, 57496.0, 57242.0, 54606.0, 54608.0, 54614.0, 54620.0, 3052.0, 1414.0, 30955.0, 8488.0, 60243.0, 5106.0, 6370.0, 20623.0, 9917.0, 9990.0, 3120.0, 57193.0, 8000.0, 57087.0, 57011.0, 10411.0, 9642.0, 8334.0, 57198.0, 8086.0, 10604.0, 9631.0, 3334.0, 3341.0, 6194.0, 12171.0, 57327.0, 35178.0, 12751.0, 61989.0, 48756.0, 48772.0, 48784.0, 14986.0, 17385.0, 55443.0, 13260.0, 5431.0, 12387.0, 3339.0, 3050.0, 3332.0, 57108.0, 57485.0, 3337.0, 9051.0, 9092.0, 5414.0, 3331.0, 3343.0, 3344.0, 54470.0, 58174.0, 8282.0, 57001.0, 4000.0, 8040.0, 3338.0, 3330.0, 3327.0, 57266.0, 57467.0, 17128.0, 3326.0, 57491.0, 18888.0, 3345.0, 2222.0, 57429.0, 6834.0, 57134.0, 17304.0, 9117.0, 57047.0, 39291.0, 22000.0, 18085.0, 9060.0, 8050.0, 3336.0, 3342.0, 3347.0, 11211.0, 3328.0, 3340.0, 39950.0, 3335.0, 3346.0, 13395.0, 25933.0, 39960.0, 19133.0, 39956.0, 3329.0, 10307.0, 57497.0, 3415.0, 57206.0, 1427.0, 6126.0, 10412.0, 57439.0, 11654.0, 2375.0, 2697.0, 22377.0, 1230.0, 3378.0, 57056.0, 32778.0, 36214.0, 36220.0, 49826.0, 36204.0, 48158.0, 7777.0, 55818.0, 55832.0, 39243.0, 25746.0, 45346.0, 57208.0, 12437.0, 8020.0, 57438.0, 57218.0, 10413.0, 45262.0, 14196.0, 873.0, 3975.0, 48040.0]"
2025-07-31T19:36:07.589Z,"[27017.0, 57116.0, 5900.0, 57118.0, 57068.0, 57236.0, 873.0, 5924.0, 57318.0, 54110.0, 48040.0, 3500.0, 3975.0, 8443.0, 5910.0, 57115.0, 29161.0, 8008.0, 8888.0, 2626.0, 14196.0, 8333.0, 9002.0, 57219.0, 12528.0, 30754.0, 2623.0, 2618.0, 31907.0, 2622.0, 2619.0, 2627.0, 2620.0, 2243.0, 1080.0, 2625.0, 2624.0, 45768.0, 2621.0, 45756.0, 45776.0, 2086.0, 5432.0, 5441.0, 57341.0, 28.0, 8887.0, 5901.0, 443.0, 51688.0, 2615.0, 8009.0, 28443.0, 22.0, 55572.0, 55378.0, 57256.0, 57088.0, 51674.0, 18640.0, 57284.0, 23.0, 9999.0, 4081.0, 2612.0, 1433.0, 62276.0, 1900.0, 22903.0, 52869.0, 57475.0, 9000.0, 2456.0, 57050.0, 57397.0, 8089.0, 44100.0, 9254.0, 40952.0, 1106.0, 35520.0, 40960.0, 1521.0, 41580.0, 911.0, 12303.0, 57413.0, 5060.0, 22999.0, 57151.0, 57350.0, 57147.0, 57159.0, 6763.0, 5908.0, 44381.0, 5903.0, 57042.0, 10073.0, 57300.0, 57150.0, 6036.0, 57051.0, 1194.0, 5990.0, 2799.0, 38658.0, 38670.0, 32573.0, 9463.0, 7070.0, 57186.0, 30223.0, 44758.0, 59871.0, 57122.0, 993.0, 57274.0, 29092.0, 57026.0, 5978.0, 48556.0, 22222.0, 4444.0, 5991.0, 10698.0, 50000.0, 57345.0, 44692.0, 12083.0, 57085.0, 16643.0, 57238.0, 11472.0, 11876.0, 44680.0, 45954.0, 7485.0, 21478.0, 4263.0, 57233.0, 57373.0, 6004.0, 3389.0, 3306.0, 61464.0, 57356.0, 57370.0, 13015.0, 57067.0, 54678.0, 62909.0, 3749.0, 14860.0, 57288.0, 89.0, 59170.0, 15082.0, 59190.0, 59186.0, 5474.0, 40436.0, 24291.0, 10355.0, 10255.0, 8368.0, 57378.0, 8646.0, 57312.0, 4153.0, 5938.0, 90.0, 43000.0, 5433.0, 26414.0, 13416.0, 8728.0, 57255.0, 12279.0, 57260.0, 57494.0, 9042.0, 502.0, 5979.0, 57036.0, 57038.0, 10418.0, 11133.0, 3000.0, 8315.0, 38318.0, 38324.0, 31337.0, 38328.0, 57489.0, 57076.0, 57428.0, 2720.0, 7547.0, 57226.0, 88.0, 37193.0, 8547.0, 57342.0, 57355.0, 46284.0, 21162.0, 2014.0, 57247.0, 5004.0, 18246.0, 7443.0, 39507.0, 10419.0, 8088.0, 61694.0, 3909.0, 57093.0, 20706.0, 8094.0, 8118.0, 57129.0, 389.0, 999.0, 2613.0, 45040.0, 57018.0, 57078.0, 8080.0, 7002.0, 57293.0, 51890.0, 5006.0, 51900.0, 8259.0, 5126.0, 13089.0, 5909.0, 17001.0, 57086.0, 17131.0, 5300.0, 57470.0, 8081.0, 57221.0, 57146.0, 57443.0, 21146.0, 8123.0, 1024.0, 57015.0, 57071.0, 6291.0, 2084.0, 57024.0, 17612.0, 57422.0, 3008.0, 9127.0, 51006.0, 9090.0, 2614.0, 2012.0, 57425.0, 57459.0, 55278.0, 15672.0, 55676.0, 57337.0, 57022.0, 13651.0, 55294.0, 55304.0, 39944.0, 57319.0, 10751.0, 1796.0, 57414.0, 5952.0, 57239.0, 57372.0, 9691.0, 57450.0, 6374.0, 5916.0, 7446.0, 63649.0, 6683.0, 9348.0, 8092.0, 49176.0, 63571.0, 21923.0, 57411.0, 35125.0, 57027.0, 57406.0, 10415.0, 57290.0, 57334.0, 57030.0, 1491.0, 2488.0, 2616.0, 52914.0, 57167.0, 57203.0, 33389.0, 57143.0, 6378.0, 57466.0, 8181.0, 57526.0, 57111.0, 2608.0, 9966.0, 587.0, 57322.0, 51922.0, 59434.0, 59450.0, 59464.0, 57028.0, 10416.0, 57304.0, 20256.0, 25059.0, 5555.0, 2611.0, 60001.0, 6443.0, 57416.0, 344.0, 2617.0, 4911.0, 56911.0, 57448.0, 14330.0, 3453.0, 9832.0, 57286.0, 3162.0, 9996.0, 20547.0, 4001.0, 58738.0, 53741.0, 27463.0, 25815.0, 7756.0, 3386.0, 57083.0, 32400.0, 9001.0, 10425.0, 57149.0, 33376.0, 23014.0, 4145.0, 1077.0, 2609.0, 34406.0, 30456.0, 5947.0, 80.0, 8983.0, 57271.0, 57138.0, 10838.0, 22022.0, 57216.0, 57158.0, 4433.0, 4595.0, 7625.0, 51005.0, 2323.0, 5986.0, 57441.0, 44050.0, nan, 143.0, 8843.0, 27040.0, 120.0, 5683.0, 40146.0, 57200.0, 34258.0, 57168.0, 555.0, 57003.0, 56464.0, 56480.0, 56496.0, 56504.0, 56520.0, 4782.0, 13477.0, 41838.0, 41822.0, 39890.0, 1224.0, 57295.0, 22217.0, 34453.0, 1102.0, 41215.0, 57481.0, 62685.0, 27594.0, 57172.0, 21365.0, 57005.0, 31954.0, 8291.0, 3702.0, 6499.0, 8084.0, 40337.0, 46052.0, 7890.0, 2610.0, 57137.0, 50684.0, 50686.0, 50702.0, 8602.0, 30001.0, 57407.0, 25.0, 57103.0, 30443.0, 57427.0, 57461.0, 3392.0, 38148.0, 10441.0, 10414.0, 57127.0, 2024.0, 41466.0, 57403.0, 17000.0, 38649.0, 57020.0, 43986.0, 8010.0, 57444.0, 52384.0, 52382.0, 52400.0, 19609.0, 57222.0, 48116.0, 2299.0, 21285.0, 11609.0, 57420.0, 46320.0, 57246.0, 7508.0, 2603.0, 5632.0, 44818.0, 30000.0, 8857.0, 3466.0, 20249.0, 57201.0, 3128.0, 5002.0, 57476.0, 24251.0, 57177.0, 48447.0, 57423.0, 57376.0, 3424.0, 1408.0, 25691.0, 64327.0, 42032.0, 38460.0, 57006.0, 57214.0, 51.0, 57389.0, 3431.0, 12488.0, 9441.0, 57162.0, 6449.0, 34780.0, 2606.0, 57227.0, 9914.0, 5984.0, 5444.0, 7166.0, 57189.0, 57362.0, 60160.0, 60168.0, 60180.0, 57264.0, 2607.0, 42414.0, 42434.0, 42424.0, 20165.0, 6510.0, 12343.0, 2442.0, 1962.0, 6811.0, 9916.0, 57493.0, 57155.0, 57473.0, 57016.0, 58454.0, 10510.0, 8909.0, 9300.0, 3333.0, 51002.0, 57114.0, 6446.0, 5783.0, 41800.0, 1950.0, 2604.0, 32812.0, 32826.0, 32830.0, 57474.0, 57107.0, 56786.0, 57401.0, 57064.0, 57298.0, 13259.0, 9020.0, 33089.0, 9613.0, 10443.0, 6987.0, 3491.0, 57007.0, 9451.0, 57393.0, 2403.0, 50262.0, 50270.0, 9750.0, 22542.0, 51988.0, 57305.0, 8083.0, 42144.0, 57351.0, 6379.0, 57409.0, 57182.0, 8113.0, 57245.0, 40003.0, 54056.0, 57217.0, 57039.0, 1234.0, 9495.0, 24002.0, 57291.0, 61616.0, 33056.0, 8045.0, 57126.0, 47020.0, 9805.0, 60888.0, 7111.0, 60894.0, 17174.0, 60908.0, 60916.0, 9262.0, 57267.0, 51335.0, 19888.0, 3131.0, 12006.0, 10080.0, 50322.0, 57480.0, 57335.0, 465.0, 43956.0, 43970.0, 2991.0, 24660.0, 57479.0, 57396.0, 10147.0, 42291.0, 57059.0, 15265.0, 2909.0, 62960.0, 33956.0, 54781.0, 56610.0, 42170.0, 42174.0, 57254.0, 42182.0, 6820.0, 8215.0, 3395.0, 12527.0, 8880.0, 9443.0, 57135.0, 57259.0, 30511.0, 9223.0, 55808.0, 6882.0, 57386.0, 57031.0, 6740.0, 2381.0, 9099.0, 2602.0, 7078.0, 57301.0, 10410.0, 57154.0, 57454.0, 2598.0, 57244.0, 57399.0, 22760.0, 57280.0, 36977.0, 35584.0, 2605.0, 60157.0, 57500.0, 57496.0, 57242.0, 54606.0, 54608.0, 54614.0, 54620.0, 3052.0, 1414.0, 30955.0, 8488.0, 30444.0, 5106.0, 6370.0, 20623.0, 9917.0, 9990.0, 3120.0, 57193.0, 8000.0, 2566.0, 2527.0, 57011.0, 57087.0, 10411.0, 9642.0, 8334.0, 60243.0, 3334.0, 3341.0, 6194.0, 12171.0, 57327.0, 57198.0, 35178.0, 12751.0, 61989.0, 48756.0, 48772.0, 48784.0, 14986.0, 17385.0, 9631.0, 55443.0, 3339.0, 3050.0, 3332.0, 12387.0, 57108.0, 57485.0, 3337.0, 9051.0, 9092.0, 5414.0, 3331.0, 3343.0, 3344.0, 54470.0, 58174.0, 8282.0, 8086.0, 10604.0, 4000.0, 57001.0, 3330.0, 3327.0, 57266.0, 5431.0, 57467.0, 17128.0, 3326.0, 57491.0, 18888.0, 3345.0, 2222.0, 57429.0, 6834.0, 57134.0, 17304.0, 13260.0, 39291.0, 22000.0, 18085.0, 9060.0, 8050.0, 3336.0, 3342.0, 3347.0, 11211.0, 3328.0, 3340.0, 39950.0, 3335.0, 3346.0, 13395.0, 25933.0, 39960.0, 19133.0, 39956.0, 9117.0, 3329.0, 10307.0, 8040.0, 3338.0, 57497.0, 3415.0, 57206.0, 1427.0, 6126.0, 10412.0, 57439.0, 11654.0, 2375.0, 2697.0, 57047.0, 22377.0, 57056.0, 3378.0, 32778.0, 36214.0, 36220.0, 49826.0, 36204.0, 48158.0, 7777.0, 55818.0, 55832.0, 39243.0, 25746.0, 45346.0, 11596.0, 27126.0, 52477.0, 20222.0, 47001.0, 46909.0, 13978.0, 8806.0, 57338.0, 1022.0]"
2025-07-31T19:37:14.363Z,"[13390.0, 11596.0, 5900.0, 6046.0, 57045.0, 57116.0, 57068.0, 57338.0, 5924.0, 57318.0, 26276.0, nan, 57320.0, 3975.0, 48040.0, 57966.0, 2623.0, 27126.0, 59982.0, 57452.0, 1022.0, 8806.0, 57422.0, 57029.0, 57055.0, 8443.0, 46909.0, 57118.0, 13978.0, 35272.0, 47001.0, 43508.0, 43506.0, 43516.0, 8008.0, 20222.0, 2243.0, 59514.0, 54110.0, 57236.0, 873.0, 27017.0, 443.0, 5910.0, 8333.0, 8888.0, 29161.0, 3500.0, 2626.0, 14196.0, 9002.0, 57219.0, 12528.0, 30754.0, 2618.0, 31907.0, 2622.0, 2619.0, 2627.0, 57115.0, 2620.0, 1080.0, 2625.0, 2624.0, 45768.0, 2621.0, 45756.0, 45776.0, 22.0, 28443.0, 57341.0, 55572.0, 55378.0, 5432.0, 2086.0, 5441.0, 28.0, 8887.0, 5901.0, 23.0, 9999.0, 57088.0, 57256.0, 4081.0, 2612.0, 51674.0, 18640.0, 51688.0, 2615.0, 8009.0, 57050.0, 9000.0, 44100.0, 9254.0, 40952.0, 1106.0, 35520.0, 40960.0, 57475.0, 57397.0, 1521.0, 62276.0, 1900.0, 57284.0, 22903.0, 52869.0, 1433.0, 22999.0, 5060.0, 57151.0, 57350.0, 12303.0, 57147.0, 57159.0, 6763.0, 5908.0, 44381.0, 5903.0, 41580.0, 911.0, 2456.0, 8089.0, 1194.0, 57150.0, 5990.0, 2799.0, 57042.0, 38658.0, 57300.0, 38670.0, 32573.0, 10073.0, 57413.0, 59871.0, 57122.0, 993.0, 57274.0, 29092.0, 57026.0, 57186.0, 5978.0, 48556.0, 22222.0, 4444.0, 57051.0, 5991.0, 10698.0, 50000.0, 7070.0, 9463.0, 6036.0, 11472.0, 57085.0, 11876.0, 44680.0, 44692.0, 57345.0, 12083.0, 16643.0, 30223.0, 44758.0, 45954.0, 7485.0, 21478.0, 4263.0, 57233.0, 57373.0, 6004.0, 3389.0, 57238.0, 3306.0, 61464.0, 57370.0, 57067.0, 54678.0, 62909.0, 57356.0, 3749.0, 14860.0, 57288.0, 89.0, 59170.0, 15082.0, 59190.0, 59186.0, 5474.0, 40436.0, 24291.0, 10355.0, 10255.0, 8368.0, 57378.0, 8646.0, 57312.0, 4153.0, 5938.0, 90.0, 43000.0, 5433.0, 26414.0, 13416.0, 8728.0, 13015.0, 57255.0, 12279.0, 57260.0, 57494.0, 9042.0, 502.0, 5979.0, 57036.0, 57038.0, 11133.0, 31337.0, 38328.0, 57076.0, 57428.0, 2720.0, 7547.0, 57226.0, 88.0, 10418.0, 37193.0, 57342.0, 57355.0, 46284.0, 21162.0, 2014.0, 57247.0, 5004.0, 18246.0, 8547.0, 7443.0, 57489.0, 3000.0, 8315.0, 38318.0, 38324.0, 8088.0, 61694.0, 3909.0, 57093.0, 20706.0, 8094.0, 8118.0, 57129.0, 389.0, 999.0, 2613.0, 45040.0, 57293.0, 57018.0, 8080.0, 57078.0, 7002.0, 51890.0, 39507.0, 5006.0, 51900.0, 8259.0, 5126.0, 13089.0, 5909.0, 10419.0, 17131.0, 17001.0, 5300.0, 57470.0, 57086.0, 8081.0, 57221.0, 57146.0, 57443.0, 21146.0, 8123.0, 1024.0, 57015.0, 57071.0, 6291.0, 2084.0, 57024.0, 17612.0, 3008.0, 9127.0, 51006.0, 9090.0, 2012.0, 57459.0, 55278.0, 15672.0, 55676.0, 57337.0, 57022.0, 13651.0, 55294.0, 55304.0, 39944.0, 57319.0, 10751.0, 1796.0, 57414.0, 5952.0, 57239.0, 57372.0, 9691.0, 57450.0, 6374.0, 5916.0, 7446.0, 8092.0, 49176.0, 63571.0, 21923.0, 57411.0, 35125.0, 57027.0, 57406.0, 10415.0, 57290.0, 57334.0, 57030.0, 57425.0, 1491.0, 2488.0, 2616.0, 2614.0, 52914.0, 33389.0, 57143.0, 6378.0, 57466.0, 8181.0, 57526.0, 57111.0, 2608.0, 9966.0, 63649.0, 587.0, 6683.0, 9348.0, 57322.0, 51922.0, 59434.0, 59450.0, 59464.0, 57028.0, 10416.0, 57304.0, 20256.0, 25059.0, 5555.0, 57167.0, 57203.0, 6443.0, 57416.0, 344.0, 2617.0, 4911.0, 56911.0, 57448.0, 14330.0, 3453.0, 9832.0, 57286.0, 3162.0, 9996.0, 58738.0, 53741.0, 27463.0, 60001.0, 25815.0, 7756.0, 3386.0, 2611.0, 57083.0, 32400.0, 9001.0, 10425.0, 57149.0, 33376.0, 23014.0, 4145.0, 1077.0, 2609.0, 34406.0, 30456.0, 5947.0, 20547.0, 4001.0, 80.0, 57138.0, 10838.0, 22022.0, 57216.0, 57158.0, 4433.0, 4595.0, 7625.0, 51005.0, 2323.0, 5986.0, 57441.0, 44050.0, 143.0, 57271.0, 8983.0, 8843.0, 27040.0, 120.0, 5683.0, 40146.0, 57200.0, 34258.0, 57168.0, 555.0, 57003.0, 56464.0, 56480.0, 56496.0, 56504.0, 56520.0, 13477.0, 41838.0, 39890.0, 1224.0, 57295.0, 22217.0, 34453.0, 1102.0, 41215.0, 21365.0, 57005.0, 31954.0, 8291.0, 3702.0, 6499.0, 57172.0, 57481.0, 8084.0, 40337.0, 46052.0, 7890.0, 4782.0, 41822.0, 2610.0, 57137.0, 50684.0, 50686.0, 50702.0, 8602.0, 30001.0, 57407.0, 25.0, 62685.0, 27594.0, 57461.0, 3392.0, 57427.0, 38148.0, 10441.0, 10414.0, 57127.0, 2024.0, 41466.0, 17000.0, 38649.0, 57020.0, 57403.0, 43986.0, 8010.0, 57444.0, 52384.0, 52382.0, 52400.0, 19609.0, 57222.0, 48116.0, 57103.0, 30443.0, 21285.0, 11609.0, 57420.0, 46320.0, 57246.0, 7508.0, 2603.0, 5632.0, 44818.0, 30000.0, 8857.0, 3466.0, 20249.0, 2299.0, 5002.0, 57476.0, 24251.0, 57177.0, 48447.0, 57423.0, 57376.0, 3424.0, 1408.0, 25691.0, 64327.0, 42032.0, 38460.0, 57214.0, 51.0, 57389.0, 57006.0, 3431.0, 12488.0, 9441.0, 3128.0, 57162.0, 57201.0, 6449.0, 34780.0, 57227.0, 9914.0, 5984.0, 5444.0, 7166.0, 57189.0, 57362.0, 60160.0, 60168.0, 60180.0, 57264.0, 20165.0, 6510.0, 12343.0, 2442.0, 1962.0, 6811.0, 9916.0, 2606.0, 57016.0, 57155.0, 58454.0, 10510.0, 8909.0, 9300.0, 3333.0, 51002.0, 57114.0, 2607.0, 42414.0, 42434.0, 42424.0, 41800.0, 1950.0, 2604.0, 32812.0, 32826.0, 32830.0, 57474.0, 57107.0, 57493.0, 56786.0, 57473.0, 57401.0, 57298.0, 13259.0, 9020.0, 33089.0, 57064.0, 9613.0, 10443.0, 6987.0, 6446.0, 5783.0, 57007.0, 3491.0, 9451.0, 57393.0, 2403.0, 50262.0, 50270.0, 9750.0, 22542.0, 51988.0, 57305.0, 8083.0, 42144.0, 57182.0, 8113.0, 57245.0, 40003.0, 54056.0, 57217.0, 57039.0, 1234.0, 9495.0, 24002.0, 33056.0, 8045.0, 57126.0, 47020.0, 9805.0, 60888.0, 7111.0, 60894.0, 57351.0, 17174.0, 60908.0, 60916.0, 57409.0, 6379.0, 9262.0, 57267.0, 51335.0, 19888.0, 3131.0, 12006.0, 10080.0, 61616.0, 50322.0, 57291.0, 43956.0, 43970.0, 2991.0, 24660.0, 57479.0, 465.0, 57480.0, 57335.0, 57396.0, 10147.0, 42291.0, 57059.0, 15265.0, 2909.0, 33956.0, 54781.0, 56610.0, 42170.0, 42174.0, 57254.0, 42182.0, 6820.0, 8215.0, 3395.0, 12527.0, 8880.0, 9443.0, 57259.0, 30511.0, 9223.0, 55808.0, 6882.0, 57135.0, 57386.0, 57031.0, 6740.0, 2381.0, 9099.0, 62960.0, 57301.0, 57154.0, 57454.0, 2598.0, 57244.0, 57399.0, 22760.0, 57280.0, 36977.0, 35584.0, 2605.0, 60157.0, 7078.0, 57500.0, 57496.0, 57242.0, 54606.0, 54608.0, 54614.0, 54620.0, 3052.0, 1414.0, 30955.0, 8488.0, 30444.0, 2602.0, 10410.0, 9917.0, 9990.0, 3120.0, 57193.0, 8000.0, 2566.0, 2527.0, 10411.0, 57011.0, 57087.0, 9642.0, 8334.0, 60243.0, 5106.0, 6370.0, 20623.0, 57198.0, 57327.0, 35178.0, 12751.0, 61989.0, 48756.0, 48772.0, 48784.0, 14986.0, 17385.0, 9631.0, 55443.0, 57108.0, 57485.0, 3337.0, 9051.0, 9092.0, 5414.0, 3331.0, 3343.0, 3344.0, 54470.0, 58174.0, 8282.0, 8086.0, 10604.0, 3334.0, 3341.0, 6194.0, 12171.0, 5431.0, 57467.0, 17128.0, 3326.0, 57491.0, 3050.0, 18888.0, 3345.0, 2222.0, 57429.0, 12387.0, 6834.0, 57134.0, 17304.0, 13260.0, 3339.0, 3332.0, 18085.0, 8050.0, 3336.0, 3342.0, 3347.0, 11211.0, 3328.0, 4000.0, 3340.0, 39950.0, 3335.0, 3346.0, 13395.0, 25933.0, 39960.0, 57266.0, 19133.0, 57001.0, 39956.0, 9117.0, 3329.0, 10307.0, 8040.0, 3338.0, 3330.0, 3327.0, 57206.0, 6126.0, 10412.0, 57439.0, 11654.0, 2375.0, 2697.0, 57047.0, 22377.0, 1427.0, 39291.0, 22000.0, 9060.0, 110.0, 11117.0, 9539.0, 9283.0, 52477.0, 6070.0, 8082.0, 6049.0, 8484.0]"
